-- phpMyAdmin SQL Dump
-- version 5.2.1
-- https://www.phpmyadmin.net/
--
-- Host: 127.0.0.1
-- Generation Time: Feb 28, 2025 at 03:03 AM
-- Server version: 10.4.32-MariaDB
-- PHP Version: 8.2.12

SET SQL_MODE = "NO_AUTO_VALUE_ON_ZERO";
START TRANSACTION;
SET time_zone = "+00:00";


/*!40101 SET @OLD_CHARACTER_SET_CLIENT=@@CHARACTER_SET_CLIENT */;
/*!40101 SET @OLD_CHARACTER_SET_RESULTS=@@CHARACTER_SET_RESULTS */;
/*!40101 SET @OLD_COLLATION_CONNECTION=@@COLLATION_CONNECTION */;
/*!40101 SET NAMES utf8mb4 */;

--
-- Database: `army`
--

-- --------------------------------------------------------

--
-- Table structure for table `caption`
--

CREATE TABLE `caption` (
  `level` tinyint(3) UNSIGNED NOT NULL,
  `caption` varchar(200) NOT NULL
) ENGINE=InnoDB DEFAULT CHARSET=utf8 COLLATE=utf8_bin COMMENT='Caption level';

--
-- Dumping data for table `caption`
--

INSERT INTO `caption` (`level`, `caption`) VALUES
(0, 'Trứng gà'),
(3, 'Gà con'),
(5, 'Gà lôi'),
(10, 'Đà điểu'),
(15, 'Cáo'),
(20, 'Sói'),
(25, 'Hà mã'),
(30, 'Tê giác'),
(35, 'Báo'),
(40, 'Hổ'),
(45, 'Sư tử'),
(50, 'Gấu'),
(60, 'Voi'),
(70, 'Diều hâu'),
(80, 'Đại bàng'),
(85, 'T.REX'),
(90, 'Rồng trắng'),
(95, 'Rồng xanh'),
(100, 'Rồng đỏ'),
(110, 'Rồng vàng'),
(120, 'Rồng đen'),
(130, 'Rồng đất'),
(140, 'Rồng băng'),
(150, 'Rồng lửa'),
(160, 'Rồng huyền thoại'),
(170, 'Phụng hoàng băng'),
(180, 'Phụng hoàng lửa'),
(190, 'Phụng hoàng đất'),
(200, 'Rồng sắt'),
(210, 'Rồng thép'),
(220, 'Phụng hoàng sắt'),
(240, 'Phụng hoàng thép'),
(255, '...');

-- --------------------------------------------------------

--
-- Table structure for table `equip`
--

CREATE TABLE `equip` (
  `glassID` tinyint(4) NOT NULL,
  `id` smallint(6) NOT NULL,
  `type` tinyint(4) NOT NULL,
  `bullet` tinyint(4) NOT NULL,
  `icon` smallint(6) NOT NULL,
  `level` tinyint(3) UNSIGNED NOT NULL,
  `x` longtext CHARACTER SET utf8mb4 COLLATE utf8mb4_bin NOT NULL CHECK (json_valid(`x`)),
  `y` longtext CHARACTER SET utf8mb4 COLLATE utf8mb4_bin NOT NULL CHECK (json_valid(`y`)),
  `w` longtext CHARACTER SET utf8mb4 COLLATE utf8mb4_bin NOT NULL CHECK (json_valid(`w`)),
  `h` longtext CHARACTER SET utf8mb4 COLLATE utf8mb4_bin NOT NULL CHECK (json_valid(`h`)),
  `dx` longtext CHARACTER SET utf8mb4 COLLATE utf8mb4_bin NOT NULL CHECK (json_valid(`dx`)),
  `dy` longtext CHARACTER SET utf8mb4 COLLATE utf8mb4_bin NOT NULL CHECK (json_valid(`dy`)),
  `inv_ability` longtext CHARACTER SET utf8mb4 COLLATE utf8mb4_bin NOT NULL CHECK (json_valid(`inv_ability`)),
  `inv_percen` longtext CHARACTER SET utf8mb4 COLLATE utf8mb4_bin DEFAULT NULL CHECK (json_valid(`inv_percen`)),
  `vip` tinyint(4) NOT NULL,
  `data` longtext CHARACTER SET utf8mb4 COLLATE utf8mb4_bin DEFAULT NULL CHECK (json_valid(`data`)),
  `date` tinyint(4) NOT NULL,
  `luong` int(11) NOT NULL,
  `xu` int(11) NOT NULL,
  `name` varchar(255) DEFAULT NULL
) ENGINE=InnoDB DEFAULT CHARSET=utf8 COLLATE=utf8_bin;

--
-- Dumping data for table `equip`
--

INSERT INTO `equip` (`glassID`, `id`, `type`, `bullet`, `icon`, `level`, `x`, `y`, `w`, `h`, `dx`, `dy`, `inv_ability`, `inv_percen`, `vip`, `data`, `date`, `luong`, `xu`, `name`) VALUES
(0, 0, 1, -1, 0, 1, '[53, 53, 68, 29, 53, 53]', '[51, 51, 13, 0, 51, 51]', '[14, 14, 13, 13, 14, 14]', '[12, 12, 13, 14, 12, 12]', '[-14, -13, -7, -7, -13, -13]', '[-37, -37, -36, -37, -38, -37]', '[0, 0, 0, 0, 0]', '[0, 0, 0, 0, 0]', 0, 'null', 30, -1, -1, NULL),
(1, 0, 1, -1, 17, 1, '[91, 91, 54, 0, 91, 91]', '[36, 36, 21, 22, 36, 36]', '[18, 18, 16, 14, 18, 18]', '[16, 16, 16, 18, 16, 16]', '[-15, -14, -11, -9, -14, -14]', '[-37, -37, -37, -39, -38, -37]', '[0, 0, 0, 0, 0]', '[0, 0, 0, 0, 0]', 0, 'null', 30, -1, -1, NULL),
(2, 0, 1, -1, 13, 1, '[60, 60, 13, 13, 60, 60]', '[18, 18, 28, 28, 18, 18]', '[14, 14, 13, 13, 14, 14]', '[11, 11, 13, 13, 11, 11]', '[-14, -13, -7, -7, -13, -13]', '[-37, -38, -36, -36, -39, -38]', '[0, 0, 0, 0, 0]', '[0, 0, 0, 0, 0]', 0, 'null', 30, -1, -1, NULL),
(3, 0, 0, 0, 27, 1, '[40, 40, 35, 40, 40, 40]', '[21, 21, 16, 12, 21, 21]', '[7, 7, 5, 4, 7, 7]', '[6, 6, 9, 9, 6, 6]', '[-8, -19, -15, -8, -8, -7]', '[-25, -19, -31, -36, -16, -17]', '[0, 0, 0, 0, 0]', '[0, 0, 0, 0, 0]', 0, 'null', 30, -1, -1, NULL),
(4, 0, 1, -1, 34, 1, '[16, 16, 69, 44, 16, 16]', '[0, 0, 0, 0, 0, 0]', '[15, 15, 14, 13, 15, 15]', '[13, 13, 15, 16, 13, 13]', '[-15, -14, -8, -7, -14, -14]', '[-38, -38, -38, -38, -39, -38]', '[0, 0, 0, 0, 0]', '[0, 0, 0, 0, 0]', 0, 'null', 30, -1, -1, NULL),
(5, 0, 1, -1, 42, 1, '[35, 35, 87, 73, 35, 35]', '[32, 32, 31, 46, 32, 32]', '[19, 19, 17, 13, 19, 19]', '[14, 14, 15, 13, 14, 14]', '[-16, -15, -11, -7, -16, -16]', '[-40, -41, -40, -39, -41, -40]', '[0, 0, 0, 0, 0]', '[0, 0, 0, 0, 0]', 0, 'null', 30, -1, -1, NULL),
(6, 0, 1, -1, 66, 1, '[111, 111, 0, 0, 111, 111]', '[24, 24, 33, 33, 24, 24]', '[15, 15, 14, 14, 15, 15]', '[17, 17, 16, 16, 17, 17]', '[-11, -9, -3, -3, -10, -10]', '[-39, -40, -38, -38, -41, -40]', '[0, 0, 0, 0, 0]', '[0, 0, 0, 0, 0]', 0, 'null', 30, -1, -1, NULL),
(7, 0, 1, -1, 55, 1, '[0, 0, 35, 71, 0, 0]', '[0, 0, 0, 0, 0, 0]', '[19, 19, 17, 16, 19, 19]', '[16, 16, 16, 17, 16, 16]', '[-7, -7, -7, -7, -9, -9]', '[-30, -30, -30, -31, -31, -30]', '[0, 0, 0, 0, 0]', '[0, 0, 0, 0, 0]', 0, 'null', 30, -1, -1, NULL),
(8, 0, 2, -1, 64, 1, '[42, 54, 31, 42, 0, 70]', '[30, 21, 18, 16, 20, 30]', '[10, 11, 11, 12, 11, 7]', '[9, 9, 12, 14, 10, 9]', '[-11, -12, -11, -13, -12, -9]', '[-25, -25, -28, -30, -26, -25]', '[0, 0, 0, 0, 0]', '[0, 0, 0, 0, 0]', 0, 'null', 30, -1, -1, NULL),
(9, 0, 1, -1, 120, 1, '[110, 0, 37, 129, 0, 0]', '[101, 20, 22, 0, 20, 20]', '[17, 16, 16, 13, 16, 16]', '[20, 20, 21, 22, 20, 20]', '[-11, -10, -10, -7, -10, -10]', '[-39, -39, -39, -39, -40, -39]', '[0, 0, 0, 0, 0]', '[0, 0, 0, 0, 0]', 0, 'null', 30, -1, -1, NULL),
(0, 1, 2, -1, 1, 1, '[80, 80, 87, 67, 69, 91]', '[48, 38, 74, 26, 65, 31]', '[10, 11, 11, 13, 11, 10]', '[9, 10, 12, 15, 11, 10]', '[-12, -12, -11, -14, -12, -12]', '[-25, -26, -28, -31, -27, -26]', '[0, 0, 0, 0, 0]', '[0, 0, 0, 0, 0]', 0, 'null', 30, -1, -1, NULL),
(1, 1, 2, -1, 18, 1, '[22, 71, 71, 22, 83, 71]', '[54, 32, 59, 63, 61, 50]', '[11, 10, 12, 12, 11, 10]', '[9, 9, 11, 13, 10, 9]', '[-13, -12, -12, -14, -13, -13]', '[-25, -25, -27, -29, -26, -25]', '[0, 0, 0, 0, 0]', '[0, 0, 0, 0, 0]', 0, 'null', 30, -1, -1, NULL),
(2, 1, 2, -1, 14, 1, '[79, 93, 104, 52, 93, 79]', '[34, 11, 0, 29, 0, 34]', '[10, 11, 11, 13, 11, 10]', '[9, 10, 12, 14, 11, 9]', '[-12, -13, -11, -13, -12, -11]', '[-25, -26, -28, -30, -27, -25]', '[0, 0, 0, 0, 0]', '[0, 0, 0, 0, 0]', 0, 'null', 30, -1, -1, NULL),
(3, 1, 4, -1, 28, 1, '[32, 24, 50, 49, 15, 41]', '[0, 31, 27, 0, 32, 0]', '[9, 8, 7, 7, 9, 8]', '[12, 12, 12, 12, 12, 12]', '[1, 2, 4, 4, 1, 1]', '[-24, -23, -22, -21, -23, -23]', '[0, 0, 0, 0, 0]', '[0, 0, 0, 0, 0]', 0, 'null', 30, -1, -1, NULL),
(4, 1, 2, -1, 35, 1, '[27, 85, 85, 36, 85, 27]', '[33, 35, 12, 16, 24, 33]', '[10, 11, 11, 14, 11, 10]', '[9, 10, 12, 15, 11, 9]', '[-11, -12, -12, -15, -12, -11]', '[-25, -26, -28, -31, -27, -25]', '[0, 0, 0, 0, 0]', '[0, 0, 0, 0, 0]', 0, 'null', 30, -1, -1, NULL),
(5, 1, 2, -1, 43, 1, '[125, 71, 54, 87, 117, 48]', '[0, 31, 31, 0, 31, 46]', '[15, 16, 17, 19, 19, 13]', '[16, 15, 15, 16, 16, 15]', '[-14, -15, -13, -13, -15, -12]', '[-31, -31, -31, -32, -32, -31]', '[0, 0, 0, 0, 0]', '[0, 0, 0, 0, 0]', 0, 'null', 30, -1, -1, NULL),
(6, 1, 2, -1, 67, 1, '[81, 0, 141, 152, 84, 150]', '[48, 49, 39, 38, 36, 28]', '[11, 11, 11, 11, 11, 10]', '[9, 9, 12, 11, 10, 9]', '[-9, -9, -8, -9, -8, -7]', '[-25, -25, -28, -27, -26, -25]', '[0, 0, 0, 0, 0]', '[0, 0, 0, 0, 0]', 0, 'null', 30, -1, -1, NULL),
(7, 1, 2, -1, 56, 1, '[87, 15, 33, 135, 76, 122]', '[33, 46, 33, 0, 52, 34]', '[11, 14, 14, 12, 11, 10]', '[9, 10, 16, 21, 9, 10]', '[-6, -9, -10, -11, -7, -7]', '[-17, -18, -24, -29, -17, -18]', '[0, 0, 0, 0, 0]', '[0, 0, 0, 0, 0]', 0, 'null', 30, -1, -1, NULL),
(8, 1, 1, -1, 63, 1, '[40, 40, 28, 14, 40, 40]', '[0, 0, 0, 0, 0, 0]', '[14, 14, 12, 14, 14, 14]', '[16, 16, 18, 19, 16, 16]', '[-14, -14, -8, -9, -14, -14]', '[-37, -37, -36, -36, -38, -37]', '[0, 0, 0, 0, 0]', '[0, 0, 0, 0, 0]', 0, 'null', 30, -1, -1, NULL),
(9, 1, 2, -1, 121, 1, '[125, 132, 135, 115, 110, 125]', '[44, 33, 42, 53, 34, 44]', '[10, 10, 11, 12, 11, 10]', '[8, 9, 11, 13, 9, 8]', '[-9, -9, -11, -12, -9, -9]', '[-24, -25, -27, -29, -25, -24]', '[0, 0, 0, 0, 0]', '[0, 0, 0, 0, 0]', 0, 'null', 30, -1, -1, NULL),
(0, 2, 0, 0, 2, 1, '[0, 19, 0, 21, 0, 0]', '[42, 76, 23, 0, 42, 42]', '[19, 23, 19, 8, 19, 19]', '[19, 8, 19, 23, 19, 19]', '[-18, -20, -15, -12, -17, -17]', '[-35, -27, -36, -41, -36, -35]', '[0, 0, 0, 0, 0]', '[0, 0, 0, 0, 0]', 0, 'null', 30, -1, -1, NULL),
(1, 2, 0, 0, 19, 1, '[115, 70, 52, 70, 115, 115]', '[22, 22, 0, 0, 22, 22]', '[21, 22, 18, 10, 21, 21]', '[18, 10, 21, 22, 18, 18]', '[-20, -20, -17, -14, -19, -19]', '[-34, -30, -42, -46, -36, -35]', '[0, 0, 0, 0, 0]', '[0, 0, 0, 0, 0]', 0, 'null', 30, -1, -1, NULL),
(2, 2, 0, 0, 16, 1, '[40, 0, 60, 86, 40, 40]', '[0, 20, 0, 0, 0, 0]', '[20, 24, 18, 7, 20, 20]', '[20, 7, 18, 24, 20, 20]', '[-19, -22, -16, -11, -18, -18]', '[-37, -28, -36, -45, -38, -37]', '[0, 0, 0, 0, 0]', '[0, 0, 0, 0, 0]', 0, 'null', 30, -1, -1, NULL),
(3, 2, 1, -1, 74, 1, '[53, 53, 16, 40, 53, 53]', '[12, 12, 0, 27, 12, 12]', '[17, 17, 16, 10, 17, 17]', '[9, 9, 13, 18, 9, 9]', '[-13, -13, -8, -2, -13, -13]', '[-30, -31, -33, -34, -31, -30]', '[0, 0, 0, 0, 0]', '[0, 0, 0, 0, 0]', 0, 'null', 30, -1, -1, NULL),
(4, 2, 0, 0, 36, 1, '[17, 48, 0, 20, 17, 17]', '[16, 50, 14, 33, 16, 16]', '[19, 23, 17, 7, 19, 19]', '[17, 7, 19, 23, 17, 17]', '[-17, -21, -16, -11, -17, -17]', '[-34, -29, -36, -44, -35, -34]', '[0, 0, 0, 0, 0]', '[0, 0, 0, 0, 0]', 0, 'null', 30, -1, -1, NULL),
(5, 2, 0, 0, 44, 1, '[31, 73, 61, 0, 31, 31]', '[60, 59, 46, 46, 60, 60]', '[17, 18, 12, 8, 17, 17]', '[12, 8, 17, 18, 12, 12]', '[-18, -21, -17, -13, -18, -19]', '[-30, -29, -39, -43, -30, -30]', '[0, 0, 0, 0, 0]', '[0, 0, 0, 0, 0]', 0, 'null', 30, -1, -1, NULL),
(6, 2, 0, 0, 68, 1, '[114, 56, 22, 138, 114, 114]', '[0, 22, 0, 0, 0, 0]', '[24, 28, 22, 9, 24, 24]', '[22, 9, 24, 28, 22, 22]', '[-16, -18, -12, -7, -14, -14]', '[-38, -31, -40, -43, -39, -38]', '[0, 0, 0, 0, 0]', '[0, 0, 0, 0, 0]', 0, 'null', 30, -1, -1, NULL),
(7, 2, 0, 0, 57, 1, '[50, 124, 131, 0, 50, 50]', '[49, 44, 31, 45, 49, 49]', '[11, 8, 12, 15, 11, 11]', '[12, 15, 12, 8, 12, 12]', '[-12, -13, -13, -14, -14, -14]', '[-21, -24, -31, -35, -23, -22]', '[0, 0, 0, 0, 0]', '[0, 0, 0, 0, 0]', 0, 'null', 30, -1, -1, NULL),
(8, 2, 0, 0, 65, 1, '[62, 77, 11, 11, 62, 62]', '[30, 29, 27, 20, 30, 30]', '[8, 7, 8, 8, 8, 8]', '[8, 8, 8, 7, 8, 8]', '[-18, -19, -17, -14, -14, -11]', '[-24, -27, -36, -37, -24, -24]', '[0, 0, 0, 0, 0]', '[0, 0, 0, 0, 0]', 0, 'null', 30, -1, -1, NULL),
(9, 2, 0, 0, 122, 1, '[53, 0, 69, 82, 53, 53]', '[46, 56, 46, 43, 46, 46]', '[16, 16, 13, 9, 16, 16]', '[13, 9, 16, 16, 13, 13]', '[-14, -17, -15, -13, -15, -15]', '[-29, -26, -36, -43, -30, -29]', '[0, 0, 0, 0, 0]', '[0, 0, 0, 0, 0]', 0, 'null', 30, -1, -1, NULL),
(0, 3, 1, -1, 4, 5, '[53, 53, 68, 55, 53, 53]', '[40, 40, 0, 0, 40, 40]', '[14, 14, 13, 13, 14, 14]', '[11, 11, 13, 14, 11, 11]', '[-14, -13, -7, -7, -13, -13]', '[-38, -38, -36, -36, -39, -38]', '[6, 0, 0, 0, 0]', '[0, 0, 0, 0, 0]', 0, NULL, 30, -1, 1000, 'nón cannon 1'),
(1, 3, 1, -1, 20, 5, '[14, 14, 34, 34, 14, 14]', '[23, 23, 43, 43, 23, 23]', '[19, 19, 17, 17, 19, 19]', '[18, 18, 20, 20, 18, 18]', '[-15, -15, -12, -12, -15, -15]', '[-38, -39, -40, -41, -40, -39]', '[6, 0, 0, 0, 0]', '[0, 0, 0, 0, 0]', 0, NULL, 30, -1, 1000, 'nón ak 1'),
(2, 3, 1, -1, 8, 5, '[65, 65, 26, 26, 65, 65]', '[29, 29, 28, 28, 29, 29]', '[14, 14, 13, 13, 14, 14]', '[14, 14, 13, 13, 14, 14]', '[-14, -13, -7, -7, -13, -13]', '[-37, -38, -36, -36, -39, -38]', '[6, 0, 0, 0, 0]', '[0, 0, 0, 0, 0]', 0, NULL, 30, -1, 1000, 'nón proton 1'),
(3, 3, 1, -1, 29, 5, '[0, 0, 0, 57, 0, 0]', '[17, 17, 0, 21, 17, 17]', '[18, 18, 16, 15, 18, 18]', '[15, 15, 17, 20, 15, 15]', '[-16, -16, -8, -4, -16, -16]', '[-34, -35, -39, -37, -35, -34]', '[6, 0, 0, 0, 0]', '[0, 0, 0, 0, 0]', 0, NULL, 30, -1, 1000, 'nón khỉ 1'),
(4, 3, 1, -1, 37, 5, '[0, 0, 31, 57, 0, 0]', '[0, 0, 0, 0, 0, 0]', '[16, 16, 13, 12, 16, 16]', '[14, 14, 16, 15, 14, 14]', '[-15, -14, -7, -6, -14, -14]', '[-38, -38, -37, -38, -39, -38]', '[6, 0, 0, 0, 0]', '[0, 0, 0, 0, 0]', 0, NULL, 30, -1, 1000, 'nón rocket 1'),
(5, 3, 1, -1, 45, 5, '[16, 16, 0, 126, 16, 16]', '[32, 32, 16, 16, 32, 32]', '[19, 19, 17, 13, 19, 19]', '[14, 14, 15, 13, 14, 14]', '[-15, -14, -11, -8, -15, -15]', '[-40, -41, -40, -39, -41, -40]', '[6, 0, 0, 0, 0]', '[0, 0, 0, 0, 0]', 0, NULL, 30, -1, 1000, 'nón granos 1'),
(6, 3, 1, -1, 69, 5, '[14, 14, 29, 68, 14, 14]', '[34, 34, 34, 31, 34, 34]', '[15, 15, 15, 16, 15, 15]', '[18, 18, 17, 17, 18, 18]', '[-11, -10, -3, -3, -10, -10]', '[-41, -41, -39, -39, -42, -41]', '[6, 0, 0, 0, 0]', '[0, 0, 0, 0, 0]', 0, NULL, 30, -1, 1000, 'nón gà 1'),
(7, 3, 1, -1, 50, 5, '[52, 52, 17, 106, 52, 52]', '[0, 0, 17, 0, 0, 0]', '[19, 19, 16, 16, 19, 19]', '[16, 16, 15, 18, 16, 16]', '[-7, -7, -7, -7, -9, -9]', '[-30, -30, -30, -32, -31, -30]', '[6, 0, 0, 0, 0]', '[0, 0, 0, 0, 0]', 0, NULL, 30, -1, 1000, 'nón tarzan 1'),
(8, 3, 1, -1, 58, 5, '[0, 0, 68, 54, 0, 0]', '[0, 0, 0, 0, 0, 0]', '[14, 14, 14, 14, 14, 14]', '[20, 20, 20, 21, 20, 20]', '[-14, -14, -8, -8, -14, -14]', '[-41, -41, -39, -38, -42, -41]', '[6, 0, 0, 0, 0]', '[0, 0, 0, 0, 0]', 0, NULL, 30, -1, 1000, 'nón apache 1'),
(9, 3, 1, -1, 123, 5, '[16, 53, 74, 36, 16, 16]', '[0, 0, 0, 0, 0, 0]', '[20, 21, 19, 17, 20, 20]', '[24, 23, 24, 22, 24, 24]', '[-13, -11, -11, -8, -13, -13]', '[-42, -41, -40, -41, -43, -42]', '[6, 0, 0, 0, 0]', '[0, 0, 0, 0, 0]', 0, NULL, 30, -1, 1000, 'nón laser 1'),
(0, 4, 2, -1, 5, 5, '[75, 80, 42, 81, 91, 29]', '[57, 28, 39, 13, 41, 14]', '[11, 11, 11, 13, 11, 11]', '[8, 10, 12, 15, 10, 9]', '[-13, -12, -12, -12, -12, -12]', '[-24, -26, -28, -31, -26, -25]', '[0, 0, 6, 0, 0]', '[0, 0, 0, 0, 0]', 0, NULL, 30, -1, 1000, 'áo cannon 1'),
(1, 4, 2, -1, 21, 5, '[120, 81, 81, 22, 81, 109]', '[57, 41, 41, 43, 32, 57]', '[11, 10, 10, 12, 10, 11]', '[9, 10, 10, 11, 9, 9]', '[-13, -12, -11, -12, -12, -13]', '[-25, -25, -25, -27, -25, -25]', '[0, 0, 6, 0, 0]', '[0, 0, 0, 0, 0]', 0, NULL, 30, -1, 1000, 'áo ak 1'),
(2, 4, 2, -1, 109, 5, '[100, 89, 104, 39, 138, 48]', '[24, 24, 12, 28, 31, 20]', '[11, 11, 11, 13, 11, 11]', '[8, 8, 12, 14, 10, 8]', '[-13, -13, -11, -13, -12, -12]', '[-24, -24, -28, -30, -26, -24]', '[0, 0, 6, 0, 0]', '[0, 0, 0, 0, 0]', 0, NULL, 30, -1, 1000, 'áo proton 1'),
(3, 4, 2, -1, 30, 5, '[32, 32, 18, 25, 32, 32]', '[25, 25, 25, 25, 25, 25]', '[7, 7, 7, 7, 7, 7]', '[5, 5, 6, 6, 5, 5]', '[-4, -4, -3, -2, -4, -4]', '[-21, -20, -21, -21, -21, -19]', '[0, 0, 6, 0, 0]', '[0, 0, 0, 0, 0]', 0, NULL, 30, -1, 1000, 'áo khỉ 1'),
(4, 4, 2, -1, 38, 5, '[27, 37, 83, 71, 112, 27]', '[42, 49, 0, 39, 43, 42]', '[10, 11, 11, 14, 10, 10]', '[8, 9, 12, 15, 10, 8]', '[-11, -12, -13, -15, -11, -11]', '[-24, -25, -28, -31, -26, -24]', '[0, 0, 6, 0, 0]', '[0, 0, 0, 0, 0]', 0, NULL, 30, -1, 1000, 'áo rocket 1'),
(5, 4, 2, -1, 46, 5, '[72, 0, 109, 53, 106, 72]', '[0, 31, 16, 0, 0, 0]', '[15, 16, 17, 19, 19, 15]', '[16, 15, 15, 16, 16, 16]', '[-15, -15, -14, -14, -16, -14]', '[-32, -31, -31, -32, -32, -32]', '[0, 0, 6, 0, 0]', '[0, 0, 0, 0, 0]', 0, NULL, 30, -1, 1000, 'áo granos 1'),
(6, 4, 2, -1, 70, 5, '[126, 44, 84, 138, 130, 58]', '[34, 34, 24, 28, 43, 41]', '[11, 12, 11, 12, 11, 10]', '[9, 10, 12, 11, 10, 9]', '[-9, -10, -8, -10, -8, -7]', '[-25, -26, -28, -27, -26, -25]', '[0, 0, 6, 0, 0]', '[0, 0, 0, 0, 0]', 0, NULL, 30, -1, 1000, 'áo gà 1'),
(7, 4, 2, -1, 52, 5, '[87, 131, 61, 75, 87, 110]', '[42, 21, 35, 35, 51, 41]', '[11, 14, 14, 12, 11, 10]', '[9, 10, 16, 17, 9, 10]', '[-6, -9, -10, -12, -7, -7]', '[-17, -18, -24, -25, -17, -18]', '[0, 0, 6, 0, 0]', '[0, 0, 0, 0, 0]', 0, NULL, 30, -1, 1000, 'áo tarzan 1'),
(8, 4, 2, -1, 60, 5, '[21, 65, 0, 19, 31, 76]', '[33, 21, 30, 19, 30, 20]', '[10, 11, 11, 12, 11, 7]', '[9, 9, 12, 14, 10, 9]', '[-11, -12, -12, -14, -12, -10]', '[-25, -25, -28, -30, -26, -25]', '[0, 0, 6, 0, 0]', '[0, 0, 0, 0, 0]', 0, NULL, 30, -1, 1000, 'áo apache 1'),
(9, 4, 2, -1, 121, 5, '[127, 141, 137, 91, 91, 127]', '[53, 22, 53, 43, 56, 53]', '[10, 10, 11, 12, 11, 10]', '[9, 9, 11, 13, 10, 9]', '[-9, -9, -11, -12, -9, -9]', '[-25, -25, -27, -29, -26, -25]', '[0, 0, 6, 0, 0]', '[0, 0, 0, 0, 0]', 0, NULL, 30, -1, 1000, 'áo laser 1'),
(0, 5, 0, 1, 7, 5, '[19, 18, 0, 40, 19, 19]', '[23, 63, 61, 14, 23, 23]', '[20, 25, 19, 13, 20, 20]', '[19, 13, 20, 25, 19, 19]', '[-18, -20, -16, -18, -17, -17]', '[-35, -31, -36, -42, -36, -35]', '[0, 6, 0, 0, 0]', '[0, 0, 0, 0, 0]', 0, NULL, 30, -1, 1000, 'súng cannon 1'),
(1, 5, 0, 1, 24, 5, '[0, 92, 114, 101, 0, 0]', '[62, 23, 0, 0, 62, 62]', '[22, 23, 18, 13, 22, 22]', '[18, 13, 22, 23, 18, 18]', '[-22, -22, -17, -15, -21, -21]', '[-34, -32, -43, -48, -35, -34]', '[0, 6, 0, 0, 0]', '[0, 0, 0, 0, 0]', 0, NULL, 100, -1, 1000, 'súng ak 1'),
(2, 5, 0, 1, 11, 5, '[20, 24, 0, 78, 20, 20]', '[0, 20, 0, 0, 0, 0]', '[20, 24, 20, 8, 20, 20]', '[20, 8, 20, 24, 20, 20]', '[-18, -20, -16, -12, -18, -18]', '[-38, -28, -36, -40, -38, -37]', '[0, 6, 0, 0, 0]', '[0, 0, 0, 0, 0]', 0, NULL, 30, -1, 1000, 'súng proton 1'),
(3, 5, 0, 1, 32, 5, '[47, 47, 44, 49, 47, 47]', '[21, 21, 12, 12, 21, 21]', '[7, 7, 5, 4, 7, 7]', '[6, 6, 9, 9, 6, 6]', '[-10, -20, -15, -9, -9, -9]', '[-22, -19, -31, -37, -18, -16]', '[0, 6, 0, 0, 0]', '[0, 0, 0, 0, 0]', 0, NULL, 30, -1, 1000, 'súng khỉ 1'),
(4, 5, 0, 1, 41, 5, '[50, 47, 0, 71, 50, 50]', '[16, 36, 33, 15, 16, 16]', '[21, 24, 20, 14, 21, 21]', '[20, 14, 21, 24, 20, 20]', '[-18, -21, -16, -15, -19, -19]', '[-37, -33, -38, -44, -38, -37]', '[0, 6, 0, 0, 0]', '[0, 0, 0, 0, 0]', 0, NULL, 30, -1, 1000, 'súng rocket 1'),
(5, 5, 0, 1, 49, 5, '[111, 48, 104, 103, 111, 111]', '[55, 63, 31, 46, 55, 55]', '[17, 18, 13, 8, 17, 17]', '[12, 8, 15, 18, 12, 12]', '[-22, -23, -19, -12, -21, -21]', '[-29, -30, -37, -45, -33, -31]', '[0, 6, 0, 0, 0]', '[0, 0, 0, 0, 0]', 0, NULL, 30, -1, 1000, 'súng granos 1'),
(6, 5, 0, 1, 73, 5, '[44, 0, 0, 146, 44, 44]', '[0, 24, 0, 0, 0, 0]', '[24, 28, 22, 9, 24, 24]', '[22, 9, 24, 28, 22, 22]', '[-16, -19, -14, -7, -16, -16]', '[-38, -29, -41, -46, -38, -37]', '[0, 6, 0, 0, 0]', '[0, 0, 0, 0, 0]', 0, NULL, 30, -1, 1000, 'súng gà 1'),
(7, 5, 0, 1, 54, 5, '[117, 132, 18, 98, 117, 117]', '[19, 43, 32, 31, 19, 19]', '[14, 10, 15, 17, 14, 14]', '[15, 17, 14, 10, 15, 15]', '[-13, -12, -14, -16, -14, -14]', '[-24, -25, -29, -30, -26, -25]', '[0, 6, 0, 0, 0]', '[0, 0, 0, 0, 0]', 0, NULL, 30, -1, 1000, 'súng tarzan 1'),
(8, 5, 0, 1, 62, 5, '[11, 52, 82, 82, 52, 52]', '[35, 30, 0, 8, 30, 30]', '[10, 10, 9, 7, 10, 10]', '[7, 7, 8, 10, 7, 7]', '[-20, -22, -19, -16, -19, -18]', '[-23, -26, -36, -40, -26, -23]', '[0, 6, 0, 0, 0]', '[0, 0, 0, 0, 0]', 0, NULL, 30, -1, 1000, 'súng apache 1'),
(9, 5, 0, 1, 124, 5, '[37, 35, 0, 35, 37, 37]', '[43, 58, 40, 68, 43, 43]', '[16, 18, 15, 10, 16, 16]', '[15, 10, 16, 18, 15, 15]', '[-16, -18, -17, -12, -16, -16]', '[-31, -29, -39, -44, -32, -31]', '[0, 6, 0, 0, 0]', '[0, 0, 0, 0, 0]', 0, NULL, 30, -1, 1000, 'súng laser 1'),
(0, 6, 4, -1, 3, 5, '[69, 69, 64, 64, 69, 69]', '[56, 56, 77, 77, 56, 56]', '[6, 6, 6, 6, 6, 6]', '[9, 9, 7, 7, 9, 9]', '[-4, -2, -3, -4, -4, -4]', '[-27, -27, -24, -24, -29, -28]', '[0, 0, 0, 0, 6]', '[0, 0, 0, 0, 0]', 0, NULL, 30, -1, 500, 'balo cannon 1'),
(1, 6, 1, -1, 90, 10, '[33, 33, 33, 15, 33, 33]', '[21, 21, 0, 0, 21, 21]', '[21, 21, 19, 18, 21, 21]', '[22, 22, 21, 23, 22, 22]', '[-17, -16, -13, -8, -17, -17]', '[-43, -43, -42, -43, -44, -43]', '[8, 0, 0, 0, 0]', '[0, 0, 1, 0, 0]', 0, NULL, 30, -1, 5000, 'nón ak 2'),
(2, 6, 4, -1, 9, 5, '[149, 149, 149, 110, 149, 149]', '[35, 35, 44, 24, 35, 35]', '[5, 5, 5, 6, 5, 5]', '[9, 9, 6, 6, 9, 9]', '[-4, -3, -2, -5, -3, -3]', '[-28, -26, -24, -24, -31, -30]', '[0, 0, 0, 0, 6]', '[0, 0, 0, 0, 0]', 0, NULL, 30, -1, 500, 'balo proton 1'),
(3, 6, 4, -1, 33, 5, '[26, 18, 0, 65, 56, 32]', '[13, 13, 32, 0, 0, 30]', '[9, 8, 7, 7, 9, 8]', '[12, 12, 12, 12, 12, 12]', '[1, 1, 3, 4, 0, 1]', '[-24, -24, -22, -20, -24, -23]', '[0, 0, 0, 0, 6]', '[0, 0, 0, 0, 0]', 0, NULL, 30, -1, 500, 'balo khỉ 1'),
(4, 6, 1, -1, 75, 10, '[0, 0, 55, 96, 0, 0]', '[54, 54, 57, 12, 54, 54]', '[18, 18, 16, 13, 18, 18]', '[14, 14, 16, 17, 14, 14]', '[-15, -14, -9, -7, -15, -15]', '[-38, -38, -38, -37, -39, -38]', '[8, 0, 0, 0, 0]', '[0, 0, 1, 0, 0]', 0, NULL, 30, -1, 5000, 'nón rocket 2'),
(5, 6, 1, -1, 100, 10, '[29, 29, 17, 17, 29, 29]', '[46, 46, 16, 16, 46, 46]', '[19, 19, 18, 18, 19, 19]', '[14, 14, 16, 16, 14, 14]', '[-16, -15, -11, -9, -16, -16]', '[-40, -41, -40, -40, -41, -40]', '[8, 0, 0, 0, 0]', '[0, 0, 1, 0, 0]', 0, NULL, 30, -1, 5000, 'nón granos 2'),
(6, 6, 1, -1, 95, 10, '[94, 94, 95, 95, 94, 94]', '[39, 39, 24, 24, 39, 39]', '[15, 15, 16, 16, 15, 15]', '[16, 16, 15, 15, 16, 16]', '[-11, -10, -4, -4, -10, -10]', '[-39, -39, -38, -38, -40, -39]', '[8, 0, 0, 0, 0]', '[0, 0, 1, 0, 0]', 0, NULL, 30, -1, 5000, 'nón gà 2'),
(7, 6, 1, -1, 115, 10, '[87, 87, 0, 19, 87, 87]', '[0, 0, 16, 0, 0, 0]', '[19, 19, 17, 16, 19, 19]', '[16, 16, 16, 17, 16, 16]', '[-8, -8, -8, -7, -9, -9]', '[-30, -30, -30, -31, -31, -30]', '[8, 0, 0, 0, 0]', '[0, 0, 1, 0, 0]', 0, NULL, 30, -1, 5000, 'nón tarzan 2'),
(8, 6, 1, -1, 110, 10, '[0, 0, 20, 40, 0, 0]', '[42, 42, 42, 40, 42, 42]', '[20, 20, 20, 21, 20, 20]', '[23, 23, 23, 20, 23, 23]', '[-15, -15, -10, -8, -15, -15]', '[-45, -45, -42, -39, -46, -45]', '[8, 0, 0, 0, 0]', '[0, 0, 1, 0, 0]', 0, NULL, 30, -1, 5000, 'nón apache 2'),
(9, 6, 1, -1, 128, 10, '[15, 53, 110, 93, 15, 15]', '[24, 24, 0, 0, 24, 24]', '[22, 22, 19, 17, 22, 22]', '[22, 22, 25, 27, 22, 22]', '[-14, -11, -11, -9, -14, -14]', '[-41, -41, -41, -44, -42, -41]', '[8, 0, 0, 0, 0]', '[0, 0, 1, 0, 0]', 0, NULL, 30, -1, 5000, 'nón laser 2'),
(0, 7, 1, -1, 80, 10, '[81, 81, 86, 42, 81, 81]', '[0, 0, 61, 0, 0, 0]', '[15, 15, 13, 13, 15, 15]', '[13, 13, 13, 14, 13, 13]', '[-15, -14, -7, -7, -14, -14]', '[-37, -37, -36, -36, -38, -37]', '[8, 0, 0, 0, 0]', '[0, 0, 1, 0, 0]', 0, NULL, 30, -1, 5000, 'nón cannon 2'),
(1, 7, 2, -1, 94, 10, '[94, 71, 58, 46, 87, 98]', '[61, 41, 63, 63, 52, 52]', '[11, 10, 12, 12, 11, 11]', '[9, 9, 11, 13, 9, 9]', '[-13, -13, -13, -13, -13, -13]', '[-25, -25, -27, -29, -25, -25]', '[0, 0, 8, 0, 0]', '[2, 0, 0, 0, 0]', 0, NULL, 30, -1, 5000, 'áo ak 2'),
(2, 7, 1, -1, 105, 10, '[23, 23, 24, 24, 23, 23]', '[41, 41, 55, 55, 41, 41]', '[15, 15, 14, 14, 15, 15]', '[14, 14, 15, 15, 14, 14]', '[-15, -13, -7, -8, -13, -13]', '[-37, -38, -37, -37, -39, -38]', '[8, 0, 0, 0, 0]', '[0, 0, 1, 0, 0]', 0, NULL, 30, -1, 5000, 'nón proton 2'),
(3, 7, 1, -1, 85, 10, '[33, 33, 0, 72, 33, 33]', '[45, 45, 44, 24, 45, 45]', '[18, 18, 16, 15, 18, 18]', '[15, 15, 17, 20, 15, 15]', '[-16, -16, -8, -4, -16, -16]', '[-34, -35, -39, -37, -35, -34]', '[8, 0, 0, 0, 0]', '[0, 0, 1, 0, 0]', 0, NULL, 30, -1, 5000, 'nón khỉ 2'),
(4, 7, 2, -1, 77, 10, '[85, 31, 94, 96, 112, 27]', '[45, 59, 0, 29, 53, 50]', '[10, 11, 13, 14, 10, 10]', '[9, 10, 12, 15, 10, 9]', '[-11, -12, -13, -15, -11, -11]', '[-25, -26, -28, -31, -26, -25]', '[0, 0, 8, 0, 0]', '[1, 0, 0, 0, 0]', 0, NULL, 30, -1, 5000, 'áo rocket 2'),
(5, 7, 2, -1, 103, 10, '[38, 67, 50, 19, 0, 83]', '[0, 16, 16, 0, 0, 16]', '[15, 16, 17, 19, 19, 13]', '[16, 15, 15, 16, 16, 15]', '[-15, -16, -14, -15, -15, -12]', '[-32, -31, -31, -32, -32, -31]', '[0, 0, 8, 0, 0]', '[1, 0, 0, 0, 0]', 0, NULL, 30, -1, 5000, 'áo granos 2'),
(6, 7, 2, -1, 96, 10, '[120, 56, 44, 126, 109, 70]', '[44, 31, 44, 23, 40, 48]', '[11, 12, 11, 12, 11, 11]', '[9, 10, 12, 11, 10, 9]', '[-9, -10, -8, -10, -8, -8]', '[-25, -26, -28, -27, -26, -25]', '[0, 0, 8, 0, 0]', '[1, 0, 0, 0, 0]', 0, NULL, 30, -1, 5000, 'áo gà 2'),
(7, 7, 1, -1, 46, 0, '[80, 80, 80, 80, 80, 80]', '[48, 48, 48, 48, 48, 48]', '[10, 10, 10, 10, 10, 10]', '[9, 9, 9, 9, 9, 9]', '[0, 0, 0, 0, 0, 0]', '[0, 0, 0, 0, 0, 0]', '[0, 0, 0, 0, 0]', '[0, 0, 0, 0, 0]', 0, 'null', 30, -1, -1, NULL),
(8, 7, 2, -1, 111, 10, '[90, 89, 85, 61, 73, 84]', '[18, 9, 51, 39, 39, 36]', '[10, 11, 11, 12, 11, 7]', '[9, 9, 12, 14, 10, 9]', '[-11, -12, -12, -14, -12, -10]', '[-25, -25, -28, -30, -26, -25]', '[0, 0, 8, 0, 0]', '[1, 0, 0, 0, 0]', 0, NULL, 30, -1, 5000, 'áo apache 2'),
(9, 7, 2, -1, 132, 10, '[115, 142, 130, 103, 121, 115]', '[44, 31, 22, 43, 34, 44]', '[10, 10, 11, 12, 11, 10]', '[9, 9, 11, 13, 10, 9]', '[-9, -8, -11, -12, -9, -9]', '[-25, -25, -27, -29, -26, -25]', '[0, 0, 8, 0, 0]', '[1, 0, 0, 0, 0]', 0, NULL, 30, -1, 5000, 'áo laser 2'),
(0, 8, 2, -1, 84, 10, '[53, 70, 42, 67, 90, 42]', '[77, 76, 51, 41, 51, 77]', '[11, 11, 11, 13, 11, 11]', '[8, 10, 12, 15, 10, 8]', '[-13, -13, -11, -12, -12, -12]', '[-24, -26, -28, -31, -26, -24]', '[0, 0, 8, 0, 0]', '[2, 0, 0, 0, 0]', 0, NULL, 30, -1, 5000, 'áo cannon 2'),
(1, 8, 0, 2, 91, 10, '[0, 109, 80, 54, 0, 0]', '[41, 40, 0, 37, 41, 41]', '[22, 26, 21, 17, 22, 22]', '[21, 17, 22, 26, 21, 21]', '[-21, -24, -19, -15, -20, -20]', '[-37, -37, -42, -50, -38, -37]', '[0, 8, 0, 0, 0]', '[0, 0, 0, 0, 0]', 0, NULL, 30, -1, 5000, 'súng ak 2'),
(2, 8, 2, -1, 109, 10, '[79, 116, 101, 87, 138, 68]', '[59, 20, 58, 44, 41, 57]', '[11, 11, 11, 13, 11, 11]', '[8, 10, 12, 14, 10, 8]', '[-13, -13, -12, -13, -12, -12]', '[-24, -26, -28, -30, -26, -24]', '[0, 0, 8, 0, 0]', '[2, 0, 0, 0, 0]', 0, NULL, 30, -1, 5000, 'áo proton 2'),
(3, 8, 2, -1, 88, 10, '[75, 75, 82, 82, 75, 75]', '[12, 12, 12, 18, 12, 12]', '[7, 7, 7, 7, 7, 7]', '[5, 5, 6, 6, 5, 5]', '[-4, -4, -3, -2, -4, -4]', '[-21, -20, -21, -21, -21, -20]', '[0, 0, 8, 0, 0]', '[1, 0, 0, 0, 0]', 0, NULL, 30, -1, 5000, 'áo khỉ 2'),
(4, 8, 0, 2, 79, 10, '[110, 71, 109, 95, 110, 110]', '[21, 54, 0, 45, 21, 21]', '[21, 24, 22, 17, 21, 21]', '[22, 17, 21, 24, 22, 22]', '[-18, -21, -17, -15, -18, -18]', '[-39, -35, -38, -46, -40, -39]', '[0, 8, 0, 0, 0]', '[0, 0, 0, 0, 0]', 0, NULL, 30, -1, 5000, 'súng rocket 2'),
(5, 8, 0, 2, 171, 10, '[86, 116, 16, 8, 86, 86]', '[46, 47, 46, 46, 46, 46]', '[17, 20, 13, 8, 17, 17]', '[12, 8, 15, 18, 12, 12]', '[-20, -23, -19, -13, -20, -20]', '[-28, -30, -37, -45, -30, -29]', '[0, 8, 0, 0, 0]', '[0, 0, 0, 0, 0]', 0, NULL, 30, -1, 5000, 'súng granos 2'),
(6, 8, 0, 2, 97, 10, '[68, 28, 92, 155, 68, 68]', '[0, 24, 0, 0, 0, 0]', '[24, 28, 22, 10, 24, 24]', '[22, 10, 24, 26, 22, 22]', '[-15, -18, -13, -8, -14, -14]', '[-38, -31, -40, -45, -39, -38]', '[0, 8, 0, 0, 0]', '[0, 0, 0, 0, 0]', 0, NULL, 30, -1, 5000, 'súng gà 2'),
(7, 8, 2, -1, 119, 10, '[75, 110, 47, 98, 39, 29]', '[61, 51, 33, 41, 49, 49]', '[11, 14, 14, 12, 11, 10]', '[9, 10, 16, 17, 9, 10]', '[-6, -9, -11, -12, -7, -7]', '[-17, -18, -24, -25, -17, -18]', '[0, 0, 8, 0, 0]', '[1, 0, 0, 0, 0]', 0, NULL, 30, -1, 5000, 'áo tarzan 2'),
(8, 8, 0, 2, 112, 10, '[73, 61, 61, 91, 61, 61]', '[49, 53, 53, 39, 53, 53]', '[12, 12, 12, 12, 12, 12]', '[12, 13, 13, 12, 13, 13]', '[-22, -23, -22, -17, -20, -20]', '[-28, -34, -38, -42, -34, -31]', '[0, 8, 0, 0, 0]', '[0, 0, 0, 0, 0]', 0, NULL, 30, -1, 5000, 'súng apache 2'),
(9, 8, 0, 2, 129, 10, '[91, 110, 75, 142, 91, 91]', '[27, 25, 24, 0, 27, 27]', '[19, 20, 16, 9, 19, 19]', '[16, 9, 19, 20, 16, 16]', '[-16, -16, -18, -11, -15, -15]', '[-32, -29, -40, -49, -34, -33]', '[0, 8, 0, 0, 0]', '[0, 0, 0, 0, 0]', 0, NULL, 30, -1, 5000, 'súng laser 2'),
(0, 9, 0, 2, 83, 10, '[0, 43, 19, 53, 0, 0]', '[0, 63, 42, 14, 0, 0]', '[21, 26, 23, 14, 21, 21]', '[23, 14, 21, 26, 23, 23]', '[-19, -20, -15, -16, -18, -18]', '[-39, -34, -40, -42, -40, -39]', '[0, 8, 0, 0, 0]', '[0, 0, 0, 0, 0]', 0, NULL, 30, -1, 5000, 'súng cannon 2'),
(1, 9, 1, -1, 148, 15, '[152, 152, 152, 136, 152, 152]', '[44, 44, 22, 22, 44, 44]', '[19, 19, 19, 16, 19, 19]', '[20, 20, 22, 22, 20, 20]', '[-16, -15, -13, -9, -15, -15]', '[-41, -41, -42, -43, -42, -41]', '[11, 0, 0, 0, 0]', '[0, 0, 2, 0, 0]', 0, NULL, 30, -1, 15000, 'nón ak 3'),
(2, 9, 0, 2, 106, 10, '[0, 0, 38, 58, 0, 0]', '[41, 61, 43, 43, 41, 41]', '[23, 24, 20, 10, 23, 23]', '[20, 10, 23, 23, 20, 20]', '[-22, -21, -16, -13, -21, -21]', '[-36, -32, -40, -42, -37, -36]', '[0, 8, 0, 0, 0]', '[0, 0, 0, 0, 0]', 0, NULL, 30, -1, 5000, 'súng proton 2'),
(3, 9, 0, 2, 87, 10, '[75, 75, 70, 72, 75, 75]', '[17, 17, 12, 44, 17, 17]', '[7, 7, 5, 4, 7, 7]', '[6, 6, 9, 9, 6, 6]', '[-5, -18, -15, -9, -9, -9]', '[-16, -20, -31, -36, -20, -20]', '[0, 8, 0, 0, 0]', '[0, 0, 0, 0, 0]', 0, NULL, 30, -1, 5000, 'súng khỉ 2'),
(4, 9, 4, -1, 78, 10, '[49, 49, 43, 43, 49, 49]', '[62, 62, 65, 65, 62, 62]', '[6, 6, 6, 6, 6, 6]', '[9, 9, 6, 6, 9, 9]', '[-4, -4, -3, -4, -4, -4]', '[-28, -27, -24, -24, -29, -28]', '[0, 0, 0, 0, 8]', '[0, 0, 0, 0, 0]', 0, NULL, 30, -1, 5000, 'balo rocket 2'),
(5, 9, 3, -1, 101, 10, '[22, 22, 91, 111, 22, 22]', '[61, 61, 58, 46, 61, 61]', '[9, 9, 7, 5, 9, 9]', '[6, 6, 8, 8, 6, 6]', '[-15, -14, -11, -7, -15, -15]', '[-34, -35, -38, -38, -35, -34]', '[0, 0, 0, 8, 0]', '[0, 0, 0, 0, 0]', 0, NULL, 30, -1, 5000, 'kính granos 2'),
(6, 9, 1, -1, 153, 15, '[22, 22, 144, 144, 22, 22]', '[52, 52, 51, 51, 52, 52]', '[17, 17, 16, 16, 17, 17]', '[18, 18, 15, 15, 18, 18]', '[-12, -11, -4, -4, -11, -11]', '[-40, -41, -37, -36, -42, -41]', '[11, 0, 0, 0, 0]', '[0, 0, 2, 0, 0]', 0, NULL, 30, -1, 15000, 'nón gà 3'),
(7, 9, 0, 2, 118, 10, '[64, 122, 80, 98, 64, 64]', '[17, 0, 17, 18, 17, 17]', '[16, 13, 18, 19, 16, 16]', '[18, 19, 16, 13, 18, 18]', '[-14, -16, -16, -15, -15, -15]', '[-26, -27, -30, -34, -27, -26]', '[0, 8, 0, 0, 0]', '[0, 0, 0, 0, 0]', 0, NULL, 30, -1, 5000, 'súng tarzan 2'),
(8, 9, 4, -1, 114, 10, '[84, 84, 83, 84, 84, 84]', '[27, 27, 18, 27, 27, 27]', '[7, 7, 7, 7, 7, 7]', '[9, 9, 9, 9, 9, 9]', '[-4, -5, -3, -5, -5, -5]', '[-26, -26, -25, -25, -27, -26]', '[0, 0, 0, 0, 8]', '[0, 0, 0, 0, 0]', 0, NULL, 30, -1, 5000, 'kh_n apache 2'),
(9, 9, 1, -1, 143, 15, '[166, 152, 151, 167, 166, 166]', '[0, 21, 0, 20, 0, 0]', '[16, 15, 15, 13, 16, 16]', '[20, 20, 21, 22, 20, 20]', '[-10, -9, -10, -8, -10, -10]', '[-39, -38, -39, -40, -40, -39]', '[11, 0, 0, 0, 0]', '[0, 0, 2, 0, 0]', 0, NULL, 30, -1, 15000, 'nón laser 3'),
(0, 10, 4, -1, 82, 10, '[80, 80, 81, 81, 80, 80]', '[65, 65, 74, 74, 65, 65]', '[6, 6, 6, 6, 6, 6]', '[9, 9, 7, 7, 9, 9]', '[-5, -4, -2, -3, -4, -4]', '[-28, -28, -24, -25, -29, -28]', '[0, 0, 0, 0, 8]', '[0, 0, 0, 0, 0]', 0, NULL, 30, -1, 5000, 'balo cannon 2'),
(1, 10, 2, -1, 152, 15, '[152, 88, 97, 71, 60, 152]', '[64, 71, 70, 70, 74, 64]', '[11, 10, 12, 12, 11, 11]', '[9, 9, 11, 13, 9, 9]', '[-13, -12, -13, -13, -13, -13]', '[-25, -25, -27, -29, -25, -25]', '[0, 0, 11, 0, 0]', '[2, 0, 0, 0, 0]', 0, NULL, 30, -1, 15000, 'áo ak 3'),
(2, 10, 4, -1, 107, 10, '[81, 81, 149, 149, 81, 81]', '[43, 43, 28, 28, 43, 43]', '[6, 6, 7, 7, 6, 6]', '[8, 8, 7, 7, 8, 8]', '[-4, -3, -2, -4, -4, -4]', '[-28, -28, -25, -25, -28, -27]', '[0, 0, 0, 0, 8]', '[0, 0, 0, 0, 0]', 0, NULL, 30, -1, 5000, 'balo proton 2'),
(3, 10, 4, -1, 86, 10, '[81, 59, 65, 58, 72, 81]', '[0, 53, 41, 41, 0, 0]', '[8, 8, 7, 7, 9, 8]', '[12, 12, 12, 12, 12, 12]', '[1, 2, 4, 4, 1, 2]', '[-25, -23, -23, -20, -23, -24]', '[0, 0, 0, 0, 8]', '[0, 0, 0, 0, 0]', 0, NULL, 30, -1, 5000, 'balo khỉ 2'),
(4, 10, 3, -1, 76, 10, '[18, 18, 49, 49, 18, 18]', '[56, 56, 57, 57, 56, 56]', '[7, 7, 6, 6, 7, 7]', '[4, 4, 5, 5, 4, 4]', '[-12, -11, -8, -8, -12, -12]', '[-30, -30, -33, -34, -31, -30]', '[0, 0, 0, 8, 0]', '[0, 0, 0, 0, 0]', 0, NULL, 30, -1, 5000, 'kính rocket 2'),
(5, 10, 1, -1, 168, 15, '[136, 136, 156, 153, 136, 136]', '[31, 31, 16, 46, 31, 31]', '[19, 19, 17, 13, 19, 19]', '[13, 13, 15, 13, 13, 13]', '[-16, -16, -11, -8, -17, -17]', '[-40, -41, -40, -40, -41, -40]', '[11, 0, 0, 0, 0]', '[0, 0, 2, 0, 0]', 0, NULL, 30, -1, 15000, 'nón granos 3'),
(6, 10, 2, -1, 154, 15, '[106, 106, 95, 55, 55, 95]', '[65, 55, 55, 50, 61, 67]', '[11, 12, 11, 12, 11, 11]', '[9, 10, 12, 11, 10, 9]', '[-9, -10, -8, -10, -8, -8]', '[-25, -26, -28, -27, -26, -25]', '[0, 0, 11, 0, 0]', '[2, 0, 0, 0, 0]', 0, NULL, 30, -1, 15000, 'áo gà 3'),
(7, 10, 3, -1, 174, 15, '[0, 0, 33, 50, 0, 0]', '[32, 32, 17, 16, 32, 32]', '[17, 17, 17, 14, 17, 17]', '[13, 13, 16, 16, 13, 13]', '[-7, -7, -8, -7, -9, -9]', '[-32, -32, -31, -32, -32, -31]', '[11, 0, 0, 0, 0]', '[0, 0, 2, 0, 0]', 0, NULL, 30, -1, 15000, 'nón tarzan 3'),
(8, 10, 1, -1, 138, 15, '[103, 103, 121, 100, 103, 103]', '[29, 29, 0, 9, 29, 29]', '[20, 20, 20, 21, 20, 20]', '[23, 23, 22, 20, 23, 23]', '[-14, -14, -10, -8, -14, -14]', '[-44, -44, -42, -39, -45, -44]', '[11, 0, 0, 0, 0]', '[0, 0, 2, 0, 0]', 0, NULL, 30, -1, 15000, 'nón apache 3'),
(9, 10, 2, -1, 144, 15, '[79, 138, 160, 148, 101, 127]', '[62, 64, 58, 57, 66, 62]', '[10, 10, 11, 12, 11, 10]', '[9, 9, 11, 13, 10, 9]', '[-9, -8, -11, -12, -9, -9]', '[-25, -25, -27, -29, -26, -25]', '[0, 0, 11, 0, 0]', '[2, 0, 0, 0, 0]', 0, NULL, 30, -1, 15000, 'áo laser 3'),
(0, 11, 3, -1, 81, 10, '[0, 0, 13, 13, 0, 0]', '[81, 81, 81, 81, 81, 81]', '[7, 7, 6, 6, 7, 7]', '[5, 5, 6, 6, 5, 5]', '[-14, -13, -7, -8, -13, -13]', '[-30, -30, -33, -34, -31, -30]', '[0, 0, 0, 8, 0]', '[0, 0, 0, 0, 0]', 0, NULL, 30, -1, 5000, 'kính cannon 2'),
(1, 11, 0, 3, 151, 15, '[153, 109, 132, 135, 153, 153]', '[0, 66, 0, 44, 0, 0]', '[22, 26, 21, 17, 22, 22]', '[21, 17, 22, 26, 21, 21]', '[-20, -25, -19, -14, -20, -20]', '[-37, -33, -42, -49, -38, -37]', '[0, 11, 0, 0, 0]', '[0, 1, 0, 0, 0]', 0, NULL, 30, -1, 10000, 'súng ak 3'),
(2, 11, 1, -1, 133, 15, '[114, 114, 100, 100, 114, 114]', '[52, 52, 44, 44, 52, 52]', '[14, 14, 14, 14, 14, 14]', '[11, 11, 14, 14, 11, 11]', '[-14, -13, -7, -8, -13, -13]', '[-37, -38, -38, -37, -39, -38]', '[11, 0, 0, 0, 0]', '[0, 0, 2, 0, 0]', 0, NULL, 30, -1, 15000, 'nón proton 3'),
(3, 11, 3, -1, 89, 10, '[106, 106, 106, 106, 106, 106]', '[54, 54, 54, 54, 54, 54]', '[12, 12, 12, 12, 12, 12]', '[10, 10, 10, 10, 10, 10]', '[-8, -8, -8, -7, -7, -8]', '[-18, -18, -19, -20, -18, -18]', '[0, 0, 0, 8, 0]', '[0, 0, 0, 0, 0]', 0, NULL, 30, -1, 5000, 'khiêng khỉ 2'),
(4, 11, 1, -1, 163, 15, '[136, 136, 70, 98, 136, 136]', '[70, 70, 73, 69, 70, 70]', '[14, 14, 14, 14, 14, 14]', '[11, 11, 13, 15, 11, 11]', '[-14, -13, -8, -8, -13, -13]', '[-38, -38, -38, -38, -39, -38]', '[11, 0, 0, 0, 0]', '[0, 0, 2, 0, 0]', 0, NULL, 30, -1, 15000, 'nón rocket 3'),
(5, 11, 2, -1, 167, 15, '[140, 155, 139, 0, 155, 128]', '[0, 31, 16, 64, 0, 56]', '[15, 16, 17, 19, 19, 13]', '[16, 15, 15, 16, 16, 15]', '[-14, -15, -13, -13, -16, -12]', '[-31, -31, -31, -32, -32, -31]', '[0, 0, 11, 0, 0]', '[2, 0, 0, 0, 0]', 0, NULL, 30, -1, 15000, 'áo granos 3'),
(6, 11, 0, 3, 155, 15, '[70, 120, 0, 39, 70, 70]', '[57, 53, 59, 56, 57, 57]', '[25, 24, 22, 16, 25, 25]', '[22, 16, 25, 24, 22, 22]', '[-17, -19, -15, -9, -16, -16]', '[-38, -38, -42, -44, -39, -38]', '[0, 11, 0, 0, 0]', '[0, 1, 0, 0, 0]', 0, NULL, 30, -1, 10000, 'súng gà 3'),
(7, 11, 1, -1, 172, 15, '[145, 145, 147, 142, 145, 145]', '[22, 22, 0, 43, 22, 22]', '[21, 21, 18, 17, 21, 21]', '[20, 20, 22, 20, 20, 20]', '[-8, -8, -8, -7, -10, -10]', '[-30, -30, -30, -31, -31, -30]', '[0, 0, 0, 11, 0]', '[0, 0, 0, 1, 0]', 0, NULL, 30, -1, 10000, 'tóc tarzan 3'),
(8, 11, 2, -1, 139, 15, '[102, 91, 96, 107, 91, 112]', '[0, 0, 52, 52, 29, 0]', '[10, 11, 11, 12, 11, 7]', '[9, 9, 12, 14, 10, 9]', '[-11, -12, -12, -14, -12, -10]', '[-25, -25, -28, -30, -26, -25]', '[0, 0, 11, 0, 0]', '[2, 0, 0, 0, 0]', 0, NULL, 30, -1, 15000, 'áo apache 3'),
(9, 11, 0, 3, 147, 15, '[63, 111, 148, 161, 63, 63]', '[62, 66, 41, 42, 62, 62]', '[16, 16, 13, 12, 16, 16]', '[13, 12, 16, 16, 13, 13]', '[-15, -16, -15, -12, -16, -16]', '[-30, -30, -40, -45, -31, -30]', '[0, 11, 0, 0, 0]', '[0, 1, 0, 0, 0]', 0, NULL, 30, -1, 10000, 'súng laser 3'),
(0, 12, 1, -1, 158, 15, '[110, 110, 96, 112, 110, 110]', '[0, 0, 0, 12, 0, 0]', '[14, 14, 14, 14, 14, 14]', '[12, 12, 14, 15, 12, 12]', '[-14, -13, -8, -8, -13, -13]', '[-38, -38, -38, -38, -39, -38]', '[11, 0, 0, 0, 0]', '[0, 0, 2, 0, 0]', 0, NULL, 30, -1, 10000, 'nón cannon 3'),
(1, 12, 1, -1, 193, 25, '[171, 171, 171, 171, 171, 171]', '[60, 60, 38, 38, 60, 60]', '[26, 26, 26, 26, 26, 26]', '[21, 21, 22, 22, 21, 21]', '[-18, -17, -12, -13, -17, -17]', '[-42, -42, -40, -41, -43, -42]', '[14, 0, 0, 0, 0]', '[0, 0, 3, 0, 0]', 0, NULL, 30, 12, 15000, 'nón ak 4'),
(2, 12, 0, 3, 136, 15, '[115, 89, 136, 126, 115, 115]', '[0, 32, 0, 30, 0, 0]', '[21, 23, 20, 12, 21, 21]', '[20, 12, 21, 22, 20, 20]', '[-21, -20, -16, -12, -20, -20]', '[-37, -33, -39, -43, -38, -37]', '[0, 11, 0, 0, 0]', '[0, 1, 0, 0, 0]', 0, NULL, 30, -1, 10000, 'súng proton 3'),
(3, 12, 1, -1, 177, 15, '[89, 89, 87, 87, 89, 89]', '[0, 0, 25, 43, 0, 0]', '[15, 15, 18, 19, 15, 15]', '[19, 19, 18, 15, 19, 19]', '[-14, -14, -9, -4, -14, -14]', '[-37, -38, -38, -34, -38, -37]', '[11, 0, 0, 0, 0]', '[0, 0, 2, 0, 0]', 0, NULL, 30, -1, 15000, 'nón khỉ 3'),
(4, 12, 2, -1, 164, 15, '[42, 31, 18, 84, 122, 42]', '[71, 69, 60, 71, 53, 71]', '[10, 11, 13, 14, 10, 10]', '[9, 10, 12, 15, 10, 9]', '[-12, -12, -13, -15, -11, -11]', '[-25, -26, -28, -31, -26, -25]', '[0, 0, 11, 0, 0]', '[2, 0, 0, 0, 0]', 0, NULL, 30, -1, 15000, 'áo rocket 3'),
(5, 12, 0, 3, 171, 15, '[136, 30, 141, 166, 136, 136]', '[44, 72, 56, 46, 44, 44]', '[17, 18, 12, 8, 17, 17]', '[12, 8, 17, 18, 12, 12]', '[-18, -22, -17, -13, -22, -21]', '[-29, -29, -39, -43, -29, -28]', '[0, 11, 0, 0, 0]', '[0, 1, 0, 0, 0]', 0, NULL, 30, -1, 10000, 'súng granos 3'),
(6, 12, 4, -1, 157, 15, '[11, 11, 22, 22, 11, 11]', '[52, 52, 70, 70, 52, 52]', '[9, 9, 7, 7, 9, 9]', '[7, 7, 9, 9, 7, 7]', '[0, 1, 0, -1, 0, 0]', '[-27, -27, -25, -25, -28, -27]', '[0, 0, 0, 0, 11]', '[0, 0, 0, 0, 1]', 0, NULL, 30, -1, 10000, 'cánh gà 3'),
(7, 12, 2, -1, 173, 15, '[86, 45, 61, 98, 129, 140]', '[61, 61, 51, 58, 60, 63]', '[11, 14, 14, 12, 11, 10]', '[9, 10, 16, 17, 9, 10]', '[-6, -9, -11, -12, -7, -7]', '[-17, -18, -24, -25, -17, -18]', '[0, 0, 11, 0, 0]', '[2, 0, 0, 0, 0]', 0, NULL, 30, -1, 15000, 'áo tarzan 3'),
(8, 12, 0, 0, 140, 15, '[123, 123, 123, 123, 123, 123]', '[22, 34, 34, 46, 34, 34]', '[13, 12, 12, 12, 12, 12]', '[12, 12, 12, 13, 12, 12]', '[-23, -23, -22, -18, -21, -21]', '[-28, -32, -38, -42, -33, -31]', '[0, 11, 0, 0, 0]', '[0, 1, 0, 0, 0]', 0, NULL, 30, -1, 10000, 'súng apache 3'),
(9, 12, 1, -1, 201, 25, '[182, 182, 173, 180, 182, 182]', '[0, 0, 47, 23, 0, 0]', '[21, 21, 21, 21, 21, 21]', '[23, 23, 25, 24, 23, 23]', '[-14, -13, -9, -8, -14, -14]', '[-42, -42, -41, -39, -43, -42]', '[14, 0, 0, 0, 0]', '[0, 0, 3, 0, 0]', 0, NULL, 30, 12, 15000, 'nón laser 4'),
(0, 13, 2, -1, 160, 15, '[101, 102, 101, 99, 101, 101]', '[14, 42, 22, 62, 52, 14]', '[11, 11, 11, 13, 11, 11]', '[8, 10, 12, 15, 10, 8]', '[-13, -13, -11, -13, -12, -12]', '[-24, -26, -28, -31, -26, -24]', '[0, 0, 11, 0, 0]', '[2, 0, 0, 0, 0]', 0, NULL, 30, -1, 10000, 'áo cannon 3'),
(1, 13, 2, -1, 193, 25, '[146, 50, 38, 38, 50, 61]', '[73, 76, 89, 76, 85, 83]', '[11, 10, 12, 12, 11, 11]', '[9, 9, 11, 13, 9, 9]', '[-12, -12, -12, -13, -12, -12]', '[-25, -25, -27, -29, -25, -25]', '[0, 0, 14, 0, 0]', '[3, 0, 0, 0, 0]', 0, NULL, 30, 12, 15000, 'áo ak 4'),
(2, 13, 2, -1, 134, 15, '[127, 138, 128, 139, 90, 127]', '[22, 21, 52, 51, 58, 22]', '[11, 11, 11, 13, 11, 11]', '[8, 10, 12, 14, 10, 8]', '[-13, -13, -12, -13, -12, -12]', '[-24, -26, -28, -30, -26, -24]', '[0, 0, 11, 0, 0]', '[2, 0, 0, 0, 0]', 0, NULL, 30, -1, 15000, 'áo proton 3'),
(3, 13, 2, -1, 179, 15, '[50, 50, 96, 89, 50, 50]', '[39, 39, 19, 19, 39, 39]', '[7, 7, 7, 7, 7, 7]', '[6, 6, 6, 5, 6, 6]', '[-3, -4, -3, -3, -4, -4]', '[-20, -21, -20, -20, -21, -20]', '[0, 0, 11, 0, 0]', '[2, 0, 0, 0, 0]', 0, NULL, 30, -1, 15000, 'áo khỉ 3'),
(4, 13, 4, -1, 166, 15, '[122, 122, 129, 129, 122, 122]', '[43, 43, 46, 46, 43, 43]', '[7, 7, 7, 7, 7, 7]', '[7, 7, 7, 7, 7, 7]', '[-5, -4, -4, -5, -5, -5]', '[-25, -25, -23, -23, -28, -27]', '[0, 0, 0, 0, 11]', '[0, 0, 0, 0, 1]', 0, NULL, 30, -1, 10000, 'balo rocket 3'),
(5, 13, 3, -1, 169, 15, '[19, 19, 162, 153, 19, 19]', '[67, 67, 64, 59, 67, 67]', '[11, 11, 11, 9, 11, 11]', '[9, 9, 7, 11, 9, 9]', '[-13, -12, -9, -7, -13, -13]', '[-36, -37, -35, -37, -37, -36]', '[0, 0, 0, 11, 0]', '[0, 0, 0, 1, 0]', 0, NULL, 30, -1, 10000, 'kính granos 3'),
(6, 13, 1, -1, 187, 25, '[182, 182, 165, 165, 182, 182]', '[60, 60, 60, 60, 60, 60]', '[17, 17, 17, 17, 17, 17]', '[19, 19, 17, 17, 19, 19]', '[-12, -11, -3, -3, -11, -11]', '[-42, -42, -38, -37, -43, -42]', '[14, 0, 0, 0, 0]', '[0, 0, 3, 0, 0]', 0, NULL, 30, 12, 15000, 'nón gà 4'),
(7, 13, 0, 3, 176, 15, '[0, 14, 27, 110, 0, 0]', '[53, 56, 59, 61, 53, 53]', '[14, 13, 18, 19, 14, 14]', '[16, 19, 16, 13, 16, 16]', '[-15, -15, -16, -15, -16, -16]', '[-25, -27, -30, -34, -26, -25]', '[0, 11, 0, 0, 0]', '[0, 1, 0, 0, 0]', 0, NULL, 30, -1, 10000, 'súng tarzan 3'),
(8, 13, 4, -1, 142, 15, '[135, 135, 135, 136, 135, 135]', '[35, 35, 44, 22, 35, 35]', '[8, 8, 8, 8, 8, 8]', '[9, 9, 9, 13, 9, 9]', '[-2, -2, -1, -6, -2, -2]', '[-28, -28, -26, -28, -28, -27]', '[0, 0, 0, 0, 11]', '[0, 0, 0, 0, 1]', 0, NULL, 30, -1, 10000, 'tóc apache 3'),
(9, 13, 2, -1, 206, 25, '[79, 101, 26, 45, 68, 16]', '[71, 76, 46, 68, 75, 55]', '[10, 10, 11, 12, 11, 10]', '[9, 9, 11, 13, 10, 9]', '[-8, -7, -11, -13, -9, -8]', '[-25, -25, -27, -29, -26, -25]', '[0, 0, 14, 0, 0]', '[3, 0, 0, 0, 0]', 0, NULL, 30, 12, 15000, 'áo laser 4'),
(0, 14, 0, 3, 159, 15, '[112, 112, 113, 126, 112, 112]', '[63, 52, 33, 9, 63, 63]', '[19, 24, 23, 11, 19, 19]', '[23, 11, 19, 24, 23, 23]', '[-19, -20, -16, -12, -18, -18]', '[-39, -34, -39, -43, -40, -39]', '[0, 11, 0, 0, 0]', '[0, 1, 0, 0, 0]', 0, NULL, 30, -1, 20000, 'súng cannon 3'),
(1, 14, 0, 4, 195, 25, '[0, 171, 175, 22, 0, 0]', '[80, 22, 0, 76, 80, 80]', '[22, 24, 20, 16, 22, 22]', '[20, 16, 22, 24, 20, 20]', '[-19, -23, -19, -16, -18, -18]', '[-35, -31, -40, -45, -38, -37]', '[0, 14, 0, 0, 0]', '[0, 1, 0, 0, 0]', 0, NULL, 30, 17, 20000, 'súng ak 4'),
(2, 14, 4, -1, 137, 15, '[81, 81, 149, 149, 81, 81]', '[51, 51, 21, 21, 51, 51]', '[6, 6, 7, 7, 6, 6]', '[8, 8, 7, 7, 8, 8]', '[-5, -3, -3, -4, -4, -4]', '[-27, -27, -26, -26, -27, -26]', '[0, 0, 0, 0, 11]', '[0, 0, 0, 0, 1]', 0, NULL, 30, -1, 10000, 'balo proton 3'),
(3, 14, 0, 3, 181, 15, '[25, 25, 25, 25, 25, 25]', '[43, 43, 51, 51, 43, 43]', '[8, 8, 8, 8, 8, 8]', '[8, 8, 8, 8, 8, 8]', '[-17, -18, -16, -10, -11, -10]', '[-16, -18, -30, -37, -21, -19]', '[0, 11, 0, 0, 0]', '[0, 1, 0, 0, 0]', 0, NULL, 30, -1, 10000, 'súng khỉ 3'),
(4, 14, 3, -1, 93, 15, '[122, 122, 62, 62, 122, 122]', '[50, 50, 73, 73, 50, 50]', '[7, 7, 6, 6, 7, 7]', '[3, 3, 5, 5, 3, 3]', '[-13, -12, -7, -7, -12, -12]', '[-30, -30, -33, -33, -31, -30]', '[0, 0, 0, 11, 0]', '[0, 0, 0, 1, 0]', 0, NULL, 30, -1, 10000, 'kính rocket 3'),
(5, 14, 1, -1, 224, 25, '[103, 103, 174, 174, 103, 103]', '[67, 67, 62, 32, 67, 67]', '[18, 18, 17, 17, 18, 18]', '[17, 17, 17, 15, 17, 17]', '[-15, -14, -10, -6, -15, -15]', '[-43, -45, -42, -40, -44, -43]', '[14, 0, 0, 0, 0]', '[0, 0, 3, 0, 0]', 0, NULL, 30, 12, 15000, 'nón granos 4'),
(6, 14, 2, -1, 190, 25, '[160, 128, 154, 160, 117, 140]', '[50, 69, 66, 26, 69, 69]', '[11, 12, 11, 12, 11, 11]', '[9, 10, 12, 11, 10, 9]', '[-9, -9, -7, -9, -9, -9]', '[-25, -26, -28, -27, -26, -25]', '[0, 0, 14, 0, 0]', '[3, 0, 0, 0, 0]', 0, NULL, 30, 12, 15000, 'áo gà 4'),
(7, 14, 1, -1, 219, 25, '[166, 166, 165, 190, 166, 166]', '[19, 19, 0, 35, 19, 19]', '[19, 19, 18, 17, 19, 19]', '[18, 18, 19, 17, 18, 18]', '[-7, -7, -7, -5, -9, -9]', '[-30, -30, -30, -29, -31, -30]', '[0, 0, 0, 14, 0]', '[0, 0, 0, 2, 0]', 0, NULL, 30, 12, 15000, 'tóc tarzan 4'),
(8, 14, 1, -1, 182, 25, '[164, 164, 144, 141, 164, 164]', '[0, 0, 22, 0, 0, 0]', '[21, 21, 20, 23, 21, 21]', '[23, 23, 24, 22, 23, 23]', '[-15, -15, -8, -8, -15, -15]', '[-44, -44, -44, -38, -45, -44]', '[14, 0, 0, 0, 0]', '[0, 0, 3, 0, 0]', 0, NULL, 30, 12, 15000, 'nón apache 4'),
(9, 14, 0, 0, 204, 25, '[14, 127, 0, 89, 14, 14]', '[65, 73, 65, 66, 65, 65]', '[21, 20, 14, 12, 21, 21]', '[14, 12, 21, 20, 14, 14]', '[-15, -18, -17, -13, -15, -15]', '[-31, -29, -38, -44, -33, -32]', '[0, 14, 0, 0, 0]', '[0, 1, 0, 0, 0]', 0, NULL, 30, 17, 20000, 'súng laser 4'),
(0, 15, 4, -1, 161, 15, '[124, 124, 94, 94, 124, 124]', '[0, 0, 18, 18, 0, 0]', '[6, 6, 7, 7, 6, 6]', '[9, 9, 7, 7, 9, 9]', '[-4, -3, -1, -2, -3, -3]', '[-28, -28, -26, -25, -29, -28]', '[0, 0, 0, 0, 11]', '[0, 0, 0, 0, 1]', 0, NULL, 30, -1, 10000, 'balo cannon 3'),
(1, 15, 1, -1, 229, 0, '[79, 79, 61, 95, 79, 79]', '[93, 93, 92, 83, 93, 93]', '[16, 16, 18, 18, 16, 16]', '[18, 18, 19, 16, 18, 18]', '[-13, -12, -10, -10, -12, -12]', '[-39, -39, -37, -36, -40, -39]', '[0, 0, 0, 0, 0]', '[5, 5, 5, 5, 5]', 1, '[17, 15, 16, -1, 18]', 7, 50, -1, 'batman'),
(2, 15, 1, -1, 205, 25, '[177, 177, 176, 176, 177, 177]', '[16, 16, 0, 0, 16, 16]', '[15, 15, 15, 15, 15, 15]', '[12, 12, 16, 16, 12, 12]', '[-15, -14, -7, -6, -14, -14]', '[-39, -39, -39, -39, -40, -39]', '[14, 0, 0, 0, 0]', '[0, 0, 3, 0, 0]', 0, NULL, 30, 12, 15000, 'nón proton 4'),
(3, 15, 4, -1, 180, 15, '[105, 104, 16, 67, 106, 76]', '[18, 0, 44, 53, 36, 44]', '[12, 12, 9, 9, 12, 11]', '[18, 18, 18, 12, 18, 18]', '[1, 1, 4, 4, 0, 1]', '[-27, -28, -27, -20, -28, -27]', '[0, 0, 0, 0, 11]', '[0, 0, 0, 0, 1]', 0, NULL, 30, -1, 10000, 'balo khỉ 3'),
(4, 15, 0, 3, 165, 15, '[131, 112, 131, 138, 131, 131]', '[0, 63, 24, 46, 0, 0]', '[22, 24, 24, 16, 22, 22]', '[24, 16, 22, 24, 24, 24]', '[-19, -20, -17, -16, -18, -18]', '[-40, -33, -39, -44, -41, -40]', '[0, 11, 0, 0, 0]', '[0, 1, 0, 0, 0]', 0, NULL, 30, -1, 10000, 'súng rocket 3'),
(5, 15, 2, -1, 226, 25, '[88, 72, 174, 173, 174, 161]', '[67, 67, 47, 16, 0, 71]', '[15, 16, 17, 19, 19, 13]', '[16, 15, 15, 16, 16, 15]', '[-15, -15, -14, -13, -16, -13]', '[-32, -31, -32, -32, -32, -30]', '[0, 0, 14, 0, 0]', '[3, 0, 0, 0, 0]', 0, NULL, 30, 12, 15000, 'áo granos 4'),
(6, 15, 0, 4, 191, 25, '[172, 171, 178, 165, 172, 172]', '[24, 46, 0, 0, 24, 24]', '[25, 28, 22, 13, 25, 25]', '[22, 14, 24, 24, 22, 22]', '[-15, -19, -13, -10, -15, -15]', '[-39, -33, -39, -42, -39, -38]', '[0, 14, 0, 0, 0]', '[0, 1, 0, 0, 0]', 0, NULL, 30, 17, 20000, 'súng gà 4'),
(7, 15, 4, -1, 220, 25, '[185, 185, 183, 183, 185, 185]', '[19, 19, 0, 0, 19, 19]', '[22, 22, 23, 23, 22, 22]', '[17, 17, 19, 19, 17, 17]', '[-9, -9, -7, -6, -10, -10]', '[-37, -37, -33, -34, -38, -37]', '[14, 0, 0, 0, 0]', '[0, 0, 3, 0, 0]', 0, NULL, 30, 12, 15000, 'nón tarzan 4'),
(8, 15, 2, -1, 183, 25, '[50, 73, 176, 164, 164, 135]', '[60, 61, 23, 23, 37, 53]', '[10, 11, 11, 12, 11, 7]', '[9, 9, 12, 14, 10, 9]', '[-10, -11, -11, -13, -11, -9]', '[-25, -25, -28, -30, -26, -25]', '[0, 0, 14, 0, 0]', '[3, 0, 0, 0, 0]', 0, NULL, 30, 12, 15000, 'áo apache 4'),
(9, 15, 1, -1, 229, 0, '[111, 111, 14, 14, 111, 111]', '[78, 78, 79, 79, 78, 78]', '[16, 16, 18, 18, 16, 16]', '[23, 23, 22, 22, 23, 23]', '[-10, -9, -8, -7, -10, -10]', '[-41, -41, -37, -37, -42, -41]', '[0, 0, 0, 0, 0]', '[5, 5, 5, 5, 5]', 1, '[17, 15, 16, -1, 18]', 7, 50, -1, 'batman'),
(0, 16, 3, -1, 162, 15, '[94, 94, 112, 112, 94, 94]', '[14, 14, 27, 27, 14, 14]', '[7, 7, 6, 6, 7, 7]', '[4, 4, 6, 6, 4, 4]', '[-12, -11, -7, -8, -11, -11]', '[-30, -30, -33, -33, -31, -30]', '[0, 0, 0, 11, 0]', '[0, 0, 0, 1, 0]', 0, NULL, 30, -1, 10000, 'kính cannon 3'),
(1, 16, 2, -1, 0, 0, '[95, 11, 157, 83, 0, 72]', '[99, 100, 73, 80, 100, 83]', '[11, 10, 12, 12, 11, 11]', '[9, 9, 11, 13, 9, 9]', '[-13, -12, -12, -13, -12, -12]', '[-25, -25, -27, -29, -25, -25]', '[0, 0, 0, 0, 0]', '[0, 0, 0, 0, 0]', 0, 'null', 30, -1, -1, NULL),
(2, 16, 2, -1, 206, 25, '[180, 112, 177, 167, 123, 180]', '[54, 63, 28, 54, 64, 54]', '[11, 11, 11, 13, 11, 11]', '[8, 10, 12, 14, 10, 8]', '[-12, -12, -10, -12, -12, -12]', '[-24, -26, -28, -30, -26, -24]', '[0, 0, 14, 0, 0]', '[3, 0, 0, 0, 0]', 0, NULL, 30, 12, 15000, 'áo proton 4'),
(3, 16, 1, -1, 196, 25, '[129, 129, 129, 129, 129, 129]', '[18, 18, 34, 49, 18, 18]', '[17, 17, 17, 17, 17, 17]', '[17, 17, 15, 17, 17, 17]', '[-13, -14, -9, -4, -13, -13]', '[-34, -35, -36, -32, -35, -34]', '[14, 0, 0, 0, 0]', '[0, 0, 3, 0, 0]', 0, NULL, 30, 12, 15000, 'nón khỉ 4'),
(4, 16, 1, -1, 209, 25, '[165, 165, 0, 0, 165, 165]', '[40, 40, 68, 68, 40, 40]', '[18, 18, 17, 17, 18, 18]', '[14, 14, 16, 16, 14, 14]', '[-15, -14, -7, -8, -14, -14]', '[-41, -41, -38, -38, -42, -41]', '[14, 0, 0, 0, 0]', '[0, 0, 3, 0, 0]', 0, NULL, 30, 12, 15000, 'nón rocket 4'),
(5, 16, 0, 4, 225, 25, '[144, 0, 48, 60, 144, 144]', '[73, 80, 71, 72, 73, 73]', '[17, 18, 12, 8, 17, 17]', '[12, 8, 17, 18, 12, 12]', '[-23, -25, -17, -11, -24, -24]', '[-29, -32, -44, -46, -29, -28]', '[0, 14, 0, 0, 0]', '[0, 1, 0, 0, 0]', 0, NULL, 30, 17, 20000, 'súng granos 4'),
(6, 16, 4, -1, 188, 25, '[163, 163, 55, 55, 163, 163]', '[37, 37, 71, 71, 37, 37]', '[7, 7, 13, 13, 7, 7]', '[13, 13, 7, 7, 13, 13]', '[2, 3, 2, 1, 1, 1]', '[-33, -33, -24, -24, -33, -32]', '[0, 0, 0, 0, 14]', '[0, 0, 0, 0, 2]', 0, NULL, 30, 12, 15000, 'cánh gà 4'),
(7, 16, 2, -1, 223, 25, '[150, 14, 0, 178, 28, 45]', '[63, 75, 69, 37, 75, 71]', '[11, 14, 14, 12, 11, 10]', '[9, 10, 16, 17, 9, 10]', '[-5, -8, -10, -12, -7, -7]', '[-17, -18, -24, -25, -17, -17]', '[0, 0, 14, 0, 0]', '[3, 0, 0, 0, 0]', 0, NULL, 30, 12, 15000, 'áo tarzan 4'),
(8, 16, 0, 4, 185, 25, '[40, 177, 156, 143, 156, 156]', '[60, 35, 47, 46, 47, 47]', '[10, 9, 10, 13, 10, 10]', '[10, 13, 10, 9, 10, 10]', '[-18, -20, -18, -16, -18, -18]', '[-25, -29, -37, -38, -31, -30]', '[0, 14, 0, 0, 0]', '[0, 1, 0, 0, 0]', 0, NULL, 30, 17, 20000, 'súng apache 4'),
(9, 16, 2, -1, 0, 0, '[79, 89, 0, 127, 32, 99]', '[80, 86, 86, 85, 86, 86]', '[10, 10, 11, 12, 11, 10]', '[9, 9, 11, 13, 10, 9]', '[-8, -7, -11, -12, -8, -8]', '[-25, -25, -27, -29, -26, -25]', '[0, 0, 0, 0, 0]', '[0, 0, 0, 0, 0]', 0, 'null', 30, -1, -1, NULL),
(0, 17, 1, -1, 214, 25, '[136, 136, 142, 142, 136, 136]', '[33, 33, 69, 69, 33, 33]', '[16, 16, 16, 16, 16, 16]', '[13, 13, 15, 15, 13, 13]', '[-14, -13, -9, -9, -13, -13]', '[-39, -40, -39, -38, -41, -40]', '[14, 0, 0, 0, 0]', '[0, 0, 3, 0, 0]', 0, NULL, 30, 12, 15000, 'nón cannon 4'),
(1, 17, 0, 5, 0, 0, '[150, 171, 129, 112, 150, 150]', '[84, 81, 84, 83, 84, 84]', '[22, 26, 21, 17, 22, 22]', '[21, 17, 22, 26, 21, 21]', '[-18, -21, -17, -15, -18, -18]', '[-37, -34, -40, -45, -37, -36]', '[0, 0, 0, 0, 0]', '[0, 0, 0, 0, 0]', 0, 'null', 30, -1, -1, NULL),
(2, 17, 0, 4, 207, 25, '[156, 167, 156, 154, 156, 156]', '[21, 41, 0, 41, 21, 21]', '[21, 23, 20, 13, 21, 21]', '[20, 13, 21, 23, 20, 20]', '[-19, -20, -16, -11, -19, -19]', '[-37, -32, -38, -43, -37, -36]', '[0, 14, 0, 0, 0]', '[0, 1, 0, 0, 0]', 0, NULL, 30, 17, 20000, 'súng proton 4'),
(3, 17, 2, -1, 197, 25, '[96, 96, 96, 96, 96, 96]', '[58, 58, 58, 58, 58, 58]', '[10, 10, 10, 10, 10, 10]', '[7, 7, 7, 7, 7, 7]', '[-4, -5, -4, -4, -4, -5]', '[-22, -23, -21, -22, -22, -20]', '[0, 0, 14, 0, 0]', '[3, 0, 0, 0, 0]', 0, NULL, 30, 12, 15000, 'áo khỉ 4'),
(4, 17, 2, -1, 211, 25, '[118, 154, 154, 17, 167, 31]', '[79, 46, 66, 72, 66, 79]', '[10, 11, 13, 14, 10, 10]', '[9, 10, 12, 15, 10, 9]', '[-12, -13, -12, -13, -12, -12]', '[-25, -26, -28, -31, -26, -25]', '[0, 0, 14, 0, 0]', '[3, 0, 0, 0, 0]', 0, NULL, 30, 12, 15000, 'áo rocket 4'),
(5, 17, 3, -1, 228, 25, '[121, 121, 28, 19, 121, 121]', '[71, 71, 80, 76, 71, 71]', '[11, 11, 11, 9, 11, 11]', '[9, 9, 7, 11, 9, 9]', '[-15, -14, -10, -7, -15, -15]', '[-35, -36, -36, -39, -36, -35]', '[0, 0, 0, 14, 0]', '[0, 0, 0, 2, 0]', 0, NULL, 30, 12, 15000, 'kính granos 4'),
(6, 17, 1, -1, 229, 0, '[69, 69, 0, 0, 69, 69]', '[79, 79, 84, 84, 79, 79]', '[14, 14, 19, 19, 14, 14]', '[15, 15, 14, 14, 15, 15]', '[-10, -9, -4, -4, -9, -9]', '[-39, -39, -37, -37, -40, -39]', '[0, 0, 0, 0, 0]', '[5, 5, 5, 5, 5]', 1, '[20, 17, 18, -1, 19]', 7, 50, -1, 'batman'),
(7, 17, 0, 4, 222, 25, '[179, 194, 163, 159, 179, 179]', '[54, 52, 55, 42, 54, 54]', '[16, 13, 16, 19, 16, 16]', '[16, 19, 16, 13, 16, 16]', '[-13, -15, -15, -18, -13, -13]', '[-25, -26, -28, -32, -25, -24]', '[0, 14, 0, 0, 0]', '[0, 1, 0, 0, 0]', 0, NULL, 30, 17, 20000, 'súng tarzan 4'),
(8, 17, 4, -1, 186, 25, '[174, 174, 166, 166, 174, 174]', '[48, 48, 47, 47, 48, 48]', '[8, 8, 8, 8, 8, 8]', '[9, 9, 9, 9, 9, 9]', '[-2, -2, -1, -4, -3, -3]', '[-27, -27, -25, -24, -28, -27]', '[0, 0, 0, 0, 14]', '[0, 0, 0, 0, 2]', 0, NULL, 30, 12, 15000, 'tóc apache 4'),
(9, 17, 0, 5, 0, 0, '[148, 171, 45, 194, 148, 148]', '[70, 72, 81, 47, 70, 70]', '[23, 22, 16, 14, 23, 23]', '[16, 14, 23, 22, 16, 16]', '[-17, -18, -16, -11, -17, -17]', '[-33, -31, -42, -45, -33, -32]', '[0, 0, 0, 0, 0]', '[0, 0, 0, 0, 0]', 0, 'null', 30, -1, -1, NULL),
(0, 18, 2, -1, 216, 25, '[163, 162, 152, 163, 131, 161]', '[39, 47, 33, 24, 69, 57]', '[11, 11, 11, 13, 11, 11]', '[8, 10, 12, 15, 10, 8]', '[-13, -12, -10, -12, -12, -12]', '[-24, -26, -28, -31, -26, -24]', '[0, 0, 14, 0, 0]', '[3, 0, 0, 0, 0]', 0, NULL, 30, 12, 15000, 'áo cannon 4'),
(1, 18, 4, -1, 0, 0, '[50, 21, 50, 21, 50, 21]', '[94, 100, 94, 100, 94, 100]', '[11, 11, 11, 11, 11, 11]', '[9, 8, 9, 8, 9, 8]', '[-9, -8, -7, -8, -8, -8]', '[-24, -23, -24, -24, -25, -24]', '[0, 0, 0, 0, 0]', '[0, 0, 0, 0, 0]', 0, 'null', 30, -1, -1, NULL),
(2, 18, 4, -1, 208, 25, '[134, 134, 140, 140, 134, 134]', '[65, 65, 65, 65, 65, 65]', '[6, 6, 7, 7, 6, 6]', '[10, 10, 8, 8, 10, 10]', '[-3, -2, -1, -3, -3, -3]', '[-28, -28, -25, -24, -28, -27]', '[0, 0, 0, 0, 14]', '[0, 0, 0, 0, 2]', 0, NULL, 30, 12, 15000, 'balo proton 4');
INSERT INTO `equip` (`glassID`, `id`, `type`, `bullet`, `icon`, `level`, `x`, `y`, `w`, `h`, `dx`, `dy`, `inv_ability`, `inv_percen`, `vip`, `data`, `date`, `luong`, `xu`, `name`) VALUES
(3, 18, 4, -1, 199, 25, '[137, 117, 116, 120, 125, 118]', '[0, 18, 0, 54, 0, 36]', '[12, 12, 9, 9, 12, 11]', '[18, 18, 18, 12, 18, 18]', '[1, 0, 4, 4, 0, 1]', '[-30, -31, -28, -21, -30, -29]', '[0, 0, 0, 0, 14]', '[0, 0, 0, 0, 2]', 0, NULL, 30, 12, 15000, 'balo khỉ 4'),
(4, 18, 0, 4, 210, 25, '[163, 154, 163, 153, 163, 163]', '[0, 56, 20, 0, 0, 0]', '[20, 23, 20, 10, 20, 20]', '[20, 10, 20, 23, 20, 20]', '[-22, -23, -19, -13, -22, -22]', '[-36, -31, -39, -44, -36, -35]', '[0, 14, 0, 0, 0]', '[0, 1, 0, 0, 0]', 0, NULL, 30, 17, 20000, 'súng rocket 4'),
(5, 18, 1, -1, 229, 0, '[46, 46, 60, 19, 46, 46]', '[88, 88, 90, 87, 88, 88]', '[14, 14, 18, 14, 14, 14]', '[14, 14, 14, 14, 14, 14]', '[-14, -13, -9, -5, -14, -14]', '[-42, -43, -39, -38, -43, -42]', '[0, 0, 0, 0, 0]', '[5, 5, 5, 5, 5]', 1, '[20, 18, 19, -1, -1]', 7, 50, -1, 'batman'),
(6, 18, 2, -1, 0, 0, '[117, 106, 83, 55, 96, 138]', '[79, 74, 79, 78, 76, 79]', '[10, 11, 13, 14, 10, 10]', '[9, 10, 12, 15, 10, 9]', '[-8, -8, -8, -9, -7, -7]', '[-25, -26, -28, -31, -26, -25]', '[0, 0, 0, 0, 0]', '[0, 0, 0, 0, 0]', 0, 'null', 30, -1, -1, NULL),
(7, 18, 1, -1, 229, 0, '[61, 61, 75, 75, 61, 61]', '[67, 67, 70, 70, 67, 67]', '[14, 14, 18, 18, 14, 14]', '[15, 15, 13, 13, 15, 15]', '[-5, -5, -6, -7, -7, -7]', '[-31, -31, -29, -29, -32, -31]', '[0, 0, 0, 0, 0]', '[5, 5, 5, 5, 5]', 1, '[20, 18, 19, -1, 21]', 7, 50, -1, 'batman'),
(8, 18, 1, -1, 229, 0, '[186, 186, 187, 185, 186, 186]', '[40, 40, 21, 0, 40, 40]', '[13, 13, 16, 18, 13, 13]', '[18, 18, 19, 21, 18, 18]', '[-14, -14, -9, -9, -14, -14]', '[-40, -40, -38, -37, -41, -40]', '[0, 0, 0, 0, 0]', '[5, 5, 5, 5, 5]', 1, '[20, 18, 19, -1, 21]', 7, 50, -1, 'batman'),
(9, 18, 4, -1, 0, 0, '[139, 68, 139, 68, 139, 68]', '[86, 85, 86, 85, 86, 85]', '[11, 11, 11, 11, 11, 11]', '[9, 8, 9, 8, 9, 8]', '[-4, -3, -6, -7, -3, -3]', '[-25, -24, -25, -24, -25, -24]', '[0, 0, 0, 0, 0]', '[0, 0, 0, 0, 0]', 0, 'null', 30, -1, -1, NULL),
(0, 19, 0, 4, 215, 25, '[136, 137, 137, 161, 136, 136]', '[46, 19, 0, 0, 46, 46]', '[19, 24, 23, 14, 19, 19]', '[23, 14, 19, 24, 23, 23]', '[-19, -20, -18, -10, -18, -18]', '[-39, -35, -41, -46, -39, -38]', '[0, 14, 0, 0, 0]', '[0, 1, 0, 0, 0]', 0, NULL, 30, 27, 30000, 'súng cannon 4'),
(1, 19, 1, -1, 230, 0, '[91, 91, 129, 77, 91, 91]', '[111, 111, 106, 111, 111, 111]', '[15, 15, 16, 14, 15, 15]', '[14, 14, 14, 15, 14, 14]', '[-14, -13, -12, -9, -13, -13]', '[-37, -37, -37, -36, -38, -37]', '[0, 0, 0, 0, 0]', '[5, 5, 5, 5, 5]', 1, '[21, 19, 20, -1, -1]', 7, 50, -1, 'ironman'),
(2, 19, 1, -1, 229, 0, '[192, 192, 49, 49, 192, 192]', '[23, 23, 66, 66, 23, 23]', '[14, 14, 19, 19, 14, 14]', '[15, 15, 14, 14, 15, 15]', '[-14, -13, -7, -9, -13, -13]', '[-39, -39, -37, -36, -40, -39]', '[0, 0, 0, 0, 0]', '[5, 5, 5, 5, 5]', 1, '[21, 19, 20, -1, 22]', 7, 50, -1, 'batman'),
(3, 19, 0, 4, 200, 25, '[88, 88, 88, 51, 80, 80]', '[58, 58, 58, 53, 48, 48]', '[8, 8, 8, 8, 10, 10]', '[8, 8, 8, 8, 9, 9]', '[-16, -19, -18, -13, 0, 0]', '[-15, -18, -24, -34, 0, 0]', '[0, 14, 0, 0, 0]', '[0, 1, 0, 0, 0]', 0, NULL, 30, 17, 20000, 'súng khỉ 4'),
(4, 19, 4, -1, 212, 25, '[155, 155, 155, 155, 155, 155]', '[33, 33, 23, 23, 33, 33]', '[7, 7, 8, 8, 7, 7]', '[11, 11, 10, 10, 11, 11]', '[-5, -4, -2, -3, -5, -5]', '[-28, -28, -26, -26, -28, -27]', '[0, 0, 0, 0, 14]', '[0, 0, 0, 0, 2]', 0, NULL, 30, 12, 15000, 'balo rocket 4'),
(5, 19, 2, -1, 0, 0, '[191, 191, 192, 191, 193, 84]', '[36, 54, 19, 71, 0, 83]', '[21, 22, 22, 23, 23, 19]', '[18, 17, 17, 17, 19, 19]', '[-14, -16, -13, -13, -17, -13]', '[-33, -32, -33, -33, -35, -34]', '[0, 0, 0, 0, 0]', '[0, 0, 0, 0, 0]', 0, 'null', 30, -1, -1, NULL),
(6, 19, 4, -1, 0, 0, '[106, 127, 106, 127, 106, 127]', '[84, 79, 84, 79, 84, 79]', '[11, 11, 11, 11, 11, 11]', '[9, 8, 9, 8, 9, 8]', '[-5, -4, -3, -4, -4, -4]', '[-24, -24, -24, -24, -25, -24]', '[0, 0, 0, 0, 0]', '[0, 0, 0, 0, 0]', 0, 'null', 30, -1, -1, NULL),
(7, 19, 2, -1, 0, 0, '[61, 148, 134, 122, 72, 83]', '[82, 73, 73, 74, 83, 83]', '[11, 14, 14, 12, 11, 10]', '[9, 10, 16, 17, 9, 10]', '[-6, -9, -11, -11, -7, -6]', '[-17, -18, -24, -25, -17, -18]', '[0, 0, 0, 0, 0]', '[0, 0, 0, 0, 0]', 0, 'null', 30, -1, -1, NULL),
(8, 19, 2, -1, 229, 0, '[9, 84, 119, 167, 130, 95]', '[65, 63, 59, 57, 62, 64]', '[10, 11, 11, 12, 11, 7]', '[9, 9, 12, 14, 10, 9]', '[-10, -11, -12, -14, -12, -10]', '[-25, -25, -28, -30, -26, -25]', '[0, 0, 0, 0, 0]', '[0, 0, 0, 0, 0]', 0, 'null', 30, -1, -1, NULL),
(9, 19, 1, -1, 230, 0, '[61, 61, 157, 194, 61, 61]', '[93, 93, 104, 69, 93, 93]', '[15, 15, 16, 14, 15, 15]', '[14, 14, 14, 15, 14, 14]', '[-9, -8, -10, -9, -9, -9]', '[-36, -36, -37, -35, -37, -36]', '[0, 0, 0, 0, 0]', '[5, 5, 5, 5, 5]', 1, '[21, 19, 20, -1, -1]', 7, 50, -1, 'ironman'),
(0, 20, 4, -1, 217, 25, '[130, 130, 155, 155, 130, 130]', '[0, 0, 49, 49, 0, 0]', '[6, 6, 7, 7, 6, 6]', '[9, 9, 7, 7, 9, 9]', '[-4, -3, -1, -2, -3, -3]', '[-28, -28, -25, -25, -29, -28]', '[0, 0, 0, 0, 14]', '[0, 0, 0, 0, 2]', 0, NULL, 30, 7, 10000, 'balo cannon 4'),
(1, 20, 2, -1, 0, 0, '[117, 43, 160, 26, 32, 106]', '[109, 103, 105, 109, 100, 108]', '[11, 10, 12, 12, 11, 11]', '[9, 9, 11, 13, 9, 9]', '[-12, -12, -13, -13, -11, -11]', '[-25, -25, -27, -29, -25, -25]', '[0, 0, 0, 0, 0]', '[0, 0, 0, 0, 0]', 0, 'null', 30, -1, -1, NULL),
(2, 20, 2, -1, 229, 0, '[191, 89, 158, 0, 100, 110]', '[59, 68, 68, 71, 70, 73]', '[10, 11, 13, 14, 10, 10]', '[9, 10, 12, 15, 10, 9]', '[-12, -12, -11, -13, -11, -11]', '[-25, -26, -28, -31, -26, -25]', '[0, 0, 0, 0, 0]', '[0, 0, 0, 0, 0]', 0, 'null', 30, -1, -1, NULL),
(3, 20, 1, -1, 229, 0, '[167, 167, 149, 149, 167, 167]', '[0, 0, 0, 13, 0, 0]', '[14, 14, 18, 15, 14, 14]', '[15, 15, 13, 14, 15, 15]', '[-12, -12, -9, -4, -12, -12]', '[-33, -33, -32, -32, -34, -32]', '[0, 0, 0, 0, 0]', '[5, 5, 5, 5, 5]', 1, '[22, 20, 27, 23, 21]', 7, 50, -1, 'batman'),
(4, 20, 3, -1, 213, 25, '[62, 62, 112, 112, 62, 62]', '[78, 78, 79, 79, 78, 78]', '[7, 7, 6, 6, 7, 7]', '[4, 4, 5, 5, 4, 4]', '[-13, -12, -8, -9, -12, -12]', '[-30, -30, -32, -32, -31, -30]', '[0, 0, 0, 14, 0]', '[0, 0, 0, 2, 0]', 0, NULL, 30, 12, 15000, 'kính rocket 4'),
(5, 20, 0, 5, 0, 0, '[174, 191, 33, 135, 174, 174]', '[79, 88, 87, 73, 79, 79]', '[17, 18, 13, 9, 17, 17]', '[12, 9, 16, 18, 12, 12]', '[-21, -24, -18, -12, -22, -22]', '[-27, -29, -38, -44, -29, -28]', '[0, 0, 0, 0, 0]', '[0, 0, 0, 0, 0]', 0, 'null', 30, -1, -1, NULL),
(6, 20, 0, 5, 0, 0, '[197, 22, 200, 199, 197, 197]', '[26, 80, 0, 46, 26, 26]', '[26, 31, 20, 19, 26, 26]', '[20, 19, 26, 31, 20, 20]', '[-17, -18, -14, -9, -15, -15]', '[-35, -38, -40, -46, -36, -35]', '[0, 0, 0, 0, 0]', '[0, 0, 0, 0, 0]', 0, 'null', 30, -1, -1, NULL),
(7, 20, 0, 5, 0, 0, '[107, 162, 93, 172, 107, 107]', '[75, 71, 75, 71, 75, 75]', '[15, 10, 14, 15, 15, 15]', '[14, 15, 15, 10, 14, 14]', '[-16, -15, -11, -8, -14, -14]', '[-26, -29, -33, -36, -26, -25]', '[0, 0, 0, 0, 0]', '[0, 0, 0, 0, 0]', 0, 'null', 30, -1, -1, NULL),
(8, 20, 0, 5, 0, 0, '[154, 142, 142, 179, 154, 154]', '[57, 55, 55, 58, 57, 57]', '[13, 12, 12, 11, 13, 13]', '[11, 12, 12, 13, 11, 11]', '[-22, -20, -19, -15, -21, -19]', '[-27, -31, -37, -43, -28, -27]', '[0, 0, 0, 0, 0]', '[0, 0, 0, 0, 0]', 0, 'null', 30, -1, -1, NULL),
(9, 20, 2, -1, 0, 0, '[79, 79, 162, 150, 0, 32]', '[98, 89, 86, 86, 97, 96]', '[10, 10, 11, 12, 11, 10]', '[9, 9, 11, 13, 10, 9]', '[-8, -7, -11, -12, -8, -8]', '[-25, -25, -27, -29, -26, -25]', '[0, 0, 0, 0, 0]', '[0, 0, 0, 0, 0]', 0, 'null', 30, -1, -1, NULL),
(0, 21, 3, -1, 218, 25, '[155, 155, 155, 155, 155, 155]', '[45, 45, 56, 56, 45, 45]', '[7, 7, 6, 6, 7, 7]', '[4, 4, 6, 6, 4, 4]', '[-12, -11, -8, -8, -11, -11]', '[-30, -30, -33, -32, -31, -30]', '[0, 0, 0, 14, 0]', '[0, 0, 0, 2, 0]', 0, NULL, 30, 7, 10000, 'kính cannon 4'),
(1, 21, 0, 6, 0, 0, '[38, 0, 58, 172, 38, 38]', '[112, 109, 111, 98, 112, 112]', '[20, 26, 19, 15, 20, 20]', '[19, 15, 20, 26, 19, 19]', '[-24, -24, -20, -15, -23, -23]', '[-36, -32, -42, -49, -37, -36]', '[0, 0, 0, 0, 0]', '[0, 0, 0, 0, 0]', 0, 'null', 30, -1, -1, NULL),
(2, 21, 0, 5, 0, 0, '[68, 14, 191, 192, 68, 68]', '[67, 71, 38, 0, 67, 67]', '[21, 23, 17, 13, 21, 21]', '[17, 13, 21, 23, 17, 17]', '[-19, -22, -17, -13, -18, -18]', '[-34, -33, -39, -44, -34, -33]', '[0, 0, 0, 0, 0]', '[0, 0, 0, 0, 0]', 0, 'null', 30, -1, -1, NULL),
(3, 21, 4, -1, 0, 0, '[164, 164, 146, 164, 164, 146]', '[15, 15, 27, 15, 15, 27]', '[12, 12, 12, 12, 12, 12]', '[13, 13, 14, 13, 13, 14]', '[-3, -3, -2, -2, -3, -3]', '[-22, -22, -22, -21, -23, -21]', '[0, 0, 0, 0, 0]', '[0, 0, 0, 0, 0]', 0, 'null', 7, -1, -1, NULL),
(4, 21, 1, -1, 229, 0, '[182, 182, 177, 177, 182, 182]', '[75, 75, 61, 61, 75, 75]', '[14, 14, 19, 19, 14, 14]', '[15, 15, 14, 14, 15, 15]', '[-14, -13, -8, -9, -13, -13]', '[-39, -39, -36, -37, -40, -39]', '[0, 0, 0, 0, 0]', '[5, 5, 5, 5, 5]', 1, '[23, 21, 22, -1, 24]', 7, 50, -1, 'batman'),
(5, 21, 1, -1, 230, 0, '[144, 144, 100, 145, 144, 144]', '[85, 85, 102, 99, 85, 85]', '[15, 15, 16, 14, 15, 15]', '[14, 14, 14, 15, 14, 14]', '[-15, -14, -11, -8, -15, -14]', '[-39, -40, -40, -38, -40, -39]', '[0, 0, 0, 0, 0]', '[5, 5, 5, 5, 5]', 1, '[23, 21, 22, -1, -1]', 7, 50, -1, 'ironman'),
(6, 21, 1, -1, 230, 0, '[96, 96, 139, 111, 96, 96]', '[105, 105, 88, 93, 105, 105]', '[15, 15, 16, 14, 15, 15]', '[14, 14, 14, 15, 14, 14]', '[-10, -9, -6, -4, -9, -9]', '[-36, -36, -37, -36, -38, -37]', '[0, 0, 0, 0, 0]', '[5, 5, 5, 5, 5]', 1, '[23, 21, 22, -1, -1]', 7, 50, -1, 'ironman'),
(7, 21, 4, -1, 0, 0, '[187, 196, 187, 196, 187, 196]', '[71, 71, 71, 71, 71, 71]', '[9, 9, 9, 9, 9, 9]', '[11, 10, 11, 10, 11, 10]', '[1, 2, -1, -3, 0, 1]', '[-18, -18, -17, -17, -18, -17]', '[0, 0, 0, 0, 0]', '[0, 0, 0, 0, 0]', 0, 'null', 30, -1, -1, NULL),
(8, 21, 4, -1, 0, 0, '[0, 190, 0, 190, 0, 190]', '[65, 58, 65, 58, 65, 58]', '[9, 9, 9, 9, 9, 9]', '[11, 10, 11, 10, 11, 10]', '[-4, -4, -4, -4, -5, -6]', '[-27, -27, -25, -24, -26, -26]', '[0, 0, 0, 0, 0]', '[0, 0, 0, 0, 0]', 0, 'null', 30, -1, -1, NULL),
(9, 21, 0, 6, 0, 0, '[173, 89, 127, 193, 173, 173]', '[86, 95, 98, 84, 86, 86]', '[18, 20, 16, 12, 18, 18]', '[16, 12, 18, 20, 16, 16]', '[-15, -18, -16, -11, -15, -15]', '[-34, -32, -38, -45, -34, -33]', '[0, 0, 0, 0, 0]', '[0, 0, 0, 0, 0]', 0, 'null', 30, -1, -1, NULL),
(0, 22, 1, -1, 229, 0, '[98, 98, 174, 174, 98, 98]', '[77, 77, 46, 46, 77, 77]', '[14, 14, 19, 19, 14, 14]', '[16, 16, 14, 14, 16, 16]', '[-14, -13, -7, -8, -13, -13]', '[-40, -40, -37, -36, -41, -40]', '[0, 0, 0, 0, 0]', '[5, 5, 5, 5, 5]', 1, '[24, 22, 23, -1, 25]', 7, 50, -1, 'batman'),
(1, 22, 3, -1, 23, 5, '[135, 135, 145, 145, 135, 135]', '[79, 79, 112, 112, 79, 79]', '[7, 7, 6, 6, 7, 7]', '[4, 4, 5, 5, 4, 4]', '[-12, -11, -10, -9, -12, -12]', '[-30, -30, -31, -33, -31, -30]', '[0, 0, 0, 6, 0]', '[0, 0, 0, 0, 0]', 0, NULL, 30, -1, 500, 'kính ak 1'),
(2, 22, 4, -1, 0, 0, '[147, 180, 147, 180, 147, 180]', '[65, 62, 65, 62, 65, 62]', '[11, 11, 11, 11, 11, 11]', '[9, 8, 9, 8, 9, 8]', '[-9, -8, -7, -8, -9, -9]', '[-25, -24, -24, -24, -25, -24]', '[0, 0, 0, 0, 0]', '[0, 0, 0, 0, 0]', 0, 'null', 30, -1, -1, NULL),
(3, 22, 0, 5, 0, 0, '[158, 158, 158, 176, 80, 80]', '[28, 28, 28, 15, 48, 48]', '[8, 8, 8, 5, 10, 10]', '[8, 8, 8, 11, 9, 9]', '[-18, -20, -18, -8, 0, 0]', '[-20, -23, -30, -38, 0, 0]', '[0, 0, 0, 0, 0]', '[0, 0, 0, 0, 0]', 0, 'null', 7, -1, -1, NULL),
(4, 22, 2, -1, 0, 0, '[52, 144, 155, 168, 134, 108]', '[82, 81, 78, 76, 81, 84]', '[10, 11, 13, 14, 10, 10]', '[9, 10, 12, 15, 10, 9]', '[-12, -12, -11, -14, -12, -11]', '[-25, -26, -28, -31, -26, -25]', '[0, 0, 0, 0, 0]', '[0, 0, 0, 0, 0]', 0, 'null', 30, -1, -1, NULL),
(5, 22, 2, -1, 0, 0, '[103, 9, 45, 120, 64, 84]', '[84, 101, 104, 91, 104, 102]', '[17, 19, 19, 20, 20, 16]', '[16, 16, 15, 16, 17, 15]', '[-16, -16, -14, -13, -18, -14]', '[-32, -32, -31, -32, -33, -30]', '[0, 0, 0, 0, 0]', '[0, 0, 0, 0, 0]', 0, 'null', 30, -1, -1, NULL),
(6, 22, 2, -1, 0, 0, '[29, 72, 96, 125, 83, 125]', '[70, 114, 93, 97, 114, 88]', '[10, 11, 13, 14, 10, 10]', '[9, 10, 12, 15, 10, 9]', '[-9, -9, -8, -9, -7, -8]', '[-25, -26, -28, -31, -26, -25]', '[0, 0, 0, 0, 0]', '[0, 0, 0, 0, 0]', 0, 'null', 30, -1, -1, NULL),
(7, 22, 1, -1, 230, 0, '[70, 70, 15, 56, 70, 70]', '[93, 93, 85, 91, 93, 93]', '[15, 15, 16, 14, 15, 15]', '[14, 14, 14, 15, 14, 14]', '[-6, -6, -8, -6, -8, -8]', '[-29, -29, -29, -29, -30, -29]', '[0, 0, 0, 0, 0]', '[5, 5, 5, 5, 5]', 1, '[24, 22, 23, -1, -1]', 7, 50, -1, 'ironman'),
(8, 22, 1, -1, 230, 0, '[66, 66, 39, 81, 66, 66]', '[70, 70, 70, 72, 70, 70]', '[15, 15, 16, 14, 15, 15]', '[14, 14, 14, 15, 14, 14]', '[-14, -14, -11, -10, -14, -14]', '[-37, -37, -37, -36, -38, -37]', '[0, 0, 0, 0, 0]', '[5, 5, 5, 5, 5]', 1, '[24, 22, 23, -1, -1]', 7, 50, -1, 'ironman'),
(9, 22, 3, -1, 126, 5, '[143, 143, 151, 151, 143, 143]', '[111, 111, 104, 104, 111, 111]', '[8, 8, 6, 6, 8, 8]', '[4, 4, 5, 5, 4, 4]', '[-9, -8, -8, -8, -8, -8]', '[-30, -30, -32, -33, -31, -30]', '[0, 0, 0, 6, 0]', '[0, 0, 0, 0, 0]', 0, NULL, 30, -1, 500, 'kính laser 1'),
(0, 23, 2, -1, 0, 0, '[184, 131, 172, 158, 158, 200]', '[72, 79, 72, 65, 80, 35]', '[10, 11, 13, 14, 10, 10]', '[9, 10, 12, 15, 10, 9]', '[-12, -12, -12, -14, -11, -11]', '[-25, -26, -28, -31, -26, -25]', '[0, 0, 0, 0, 0]', '[0, 0, 0, 0, 0]', 0, 'null', 30, -1, -1, NULL),
(1, 23, 4, -1, 22, 5, '[107, 107, 163, 163, 107, 163]', '[99, 99, 64, 64, 99, 64]', '[5, 5, 5, 5, 5, 5]', '[6, 6, 6, 6, 6, 6]', '[-5, -4, -3, -4, -5, -5]', '[-26, -26, -25, -24, -26, -25]', '[0, 0, 0, 0, 6]', '[0, 0, 0, 0, 0]', 0, NULL, 30, -1, 500, 'balo ak 1'),
(2, 23, 1, -1, 230, 0, '[49, 49, 74, 108, 49, 49]', '[80, 80, 84, 82, 80, 80]', '[15, 15, 16, 14, 15, 15]', '[14, 14, 14, 15, 14, 14]', '[-14, -13, -9, -9, -14, -14]', '[-37, -37, -37, -36, -38, -37]', '[0, 0, 0, 0, 0]', '[5, 5, 5, 5, 5]', 1, '[25, 23, 24, -1, -1]', 7, 50, -1, 'ironman'),
(3, 23, 3, -1, 0, 0, '[146, 146, 146, 146, 146, 146]', '[41, 41, 41, 41, 41, 41]', '[9, 9, 9, 9, 9, 9]', '[12, 12, 12, 12, 12, 12]', '[1, 1, 4, 4, 2, 1]', '[-26, -26, -24, -22, -26, -24]', '[0, 0, 0, 0, 0]', '[0, 0, 0, 0, 0]', 0, 'null', 7, -1, -1, NULL),
(4, 23, 0, 5, 0, 0, '[183, 183, 183, 196, 183, 183]', '[0, 46, 23, 61, 0, 0]', '[23, 24, 23, 15, 23, 23]', '[23, 15, 23, 24, 23, 23]', '[-18, -19, -17, -16, -17, -17]', '[-39, -31, -39, -42, -40, -39]', '[0, 0, 0, 0, 0]', '[0, 0, 0, 0, 0]', 0, 'null', 30, -1, -1, NULL),
(5, 23, 0, 6, 0, 0, '[28, 173, 159, 0, 28, 28]', '[103, 91, 86, 88, 103, 103]', '[17, 18, 13, 9, 17, 17]', '[12, 9, 16, 18, 12, 12]', '[-21, -23, -20, -12, -22, -22]', '[-30, -30, -39, -45, -30, -29]', '[0, 0, 0, 0, 0]', '[0, 0, 0, 0, 0]', 0, 'null', 30, -1, -1, NULL),
(6, 23, 0, 6, 0, 0, '[72, 0, 31, 53, 72, 72]', '[94, 99, 99, 94, 94, 94]', '[24, 31, 20, 19, 24, 24]', '[20, 19, 24, 31, 20, 20]', '[-17, -18, -13, -4, -15, -15]', '[-36, -36, -42, -47, -38, -37]', '[0, 0, 0, 0, 0]', '[0, 0, 0, 0, 0]', 0, 'null', 30, -1, -1, NULL),
(7, 23, 2, -1, 0, 0, '[50, 31, 124, 138, 45, 40]', '[81, 91, 91, 89, 91, 81]', '[11, 14, 14, 12, 11, 10]', '[9, 10, 16, 17, 9, 10]', '[-5, -8, -10, -10, -7, -6]', '[-17, -18, -24, -25, -17, -18]', '[0, 0, 0, 0, 0]', '[0, 0, 0, 0, 0]', 0, 'null', 30, -1, -1, NULL),
(8, 23, 2, -1, 0, 0, '[19, 0, 55, 95, 11, 102]', '[65, 76, 69, 75, 74, 66]', '[10, 11, 11, 12, 11, 7]', '[9, 9, 12, 14, 10, 9]', '[-10, -11, -11, -14, -11, -9]', '[-25, -25, -28, -30, -26, -25]', '[0, 0, 0, 0, 0]', '[0, 0, 0, 0, 0]', 0, 'null', 30, -1, -1, NULL),
(9, 23, 4, -1, 203, 5, '[62, 62, 61, 61, 62, 62]', '[75, 75, 83, 83, 75, 75]', '[6, 6, 7, 7, 6, 6]', '[8, 8, 7, 7, 8, 8]', '[0, 0, -3, -3, 0, 0]', '[-26, -25, -24, -25, -27, -26]', '[0, 0, 0, 0, 6]', '[0, 0, 0, 0, 0]', 0, NULL, 30, -1, 500, 'balo laser 1'),
(0, 24, 0, 5, 0, 0, '[176, 172, 187, 175, 176, 176]', '[24, 60, 0, 0, 24, 24]', '[24, 24, 22, 12, 24, 24]', '[22, 12, 24, 24, 22, 22]', '[-18, -20, -15, -12, -18, -18]', '[-38, -32, -40, -41, -39, -38]', '[0, 0, 0, 0, 0]', '[0, 0, 0, 0, 0]', 0, 'null', 30, -1, -1, NULL),
(1, 24, 3, -1, 93, 10, '[153, 153, 114, 114, 153, 153]', '[117, 117, 118, 118, 117, 117]', '[8, 8, 6, 6, 8, 8]', '[4, 4, 5, 5, 4, 4]', '[-12, -11, -10, -8, -12, -12]', '[-29, -29, -31, -32, -30, -29]', '[0, 0, 0, 8, 0]', '[0, 0, 0, 0, 0]', 0, NULL, 30, -1, 5000, 'kính ak 2'),
(2, 24, 2, -1, 0, 0, '[38, 14, 0, 25, 64, 171]', '[74, 84, 86, 84, 84, 70]', '[10, 11, 13, 14, 10, 10]', '[9, 10, 12, 15, 10, 9]', '[-12, -12, -11, -13, -12, -12]', '[-25, -26, -28, -31, -26, -25]', '[0, 0, 0, 0, 0]', '[0, 0, 0, 0, 0]', 0, 'null', 30, -1, -1, NULL),
(3, 24, 1, -1, 230, 0, '[168, 168, 168, 155, 168, 168]', '[28, 28, 42, 41, 28, 28]', '[16, 16, 17, 18, 16, 16]', '[18, 18, 16, 16, 18, 18]', '[-13, -13, -11, -8, -13, -13]', '[-30, -31, -32, -31, -31, -30]', '[0, 0, 0, 0, 0]', '[5, 5, 5, 5, 5]', 1, '[26, 24, 25, -1, -1]', 7, 50, -1, 'ironman'),
(4, 24, 4, -1, 0, 0, '[41, 0, 41, 0, 41, 0]', '[80, 84, 80, 84, 80, 84]', '[11, 11, 11, 11, 11, 11]', '[9, 8, 9, 8, 9, 8]', '[-8, -8, -5, -7, -8, -8]', '[-25, -24, -23, -23, -25, -24]', '[0, 0, 0, 0, 0]', '[0, 0, 0, 0, 0]', 0, 'null', 30, -1, -1, NULL),
(5, 24, 4, -1, 48, 5, '[123, 123, 123, 123, 123, 123]', '[107, 107, 107, 107, 107, 107]', '[7, 7, 7, 7, 7, 7]', '[13, 13, 13, 13, 13, 13]', '[-2, -1, 1, 0, -1, -1]', '[-35, -33, -32, -31, -34, -33]', '[0, 0, 0, 0, 6]', '[0, 0, 0, 0, 0]', 0, NULL, 30, -1, 500, 'cánh granos 1'),
(6, 24, 4, -1, 71, 5, '[111, 111, 118, 118, 111, 111]', '[108, 108, 112, 112, 108, 108]', '[7, 7, 11, 11, 7, 7]', '[11, 11, 7, 7, 11, 11]', '[1, 1, 1, 0, 1, 1]', '[-32, -31, -25, -25, -32, -31]', '[0, 0, 0, 0, 6]', '[0, 0, 0, 0, 0]', 0, NULL, 30, -1, 500, 'cánh gà 1'),
(7, 24, 0, 6, 0, 0, '[0, 85, 95, 109, 0, 0]', '[85, 93, 90, 91, 85, 85]', '[15, 10, 14, 15, 15, 15]', '[14, 15, 15, 10, 14, 14]', '[-13, -14, -9, -5, -13, -13]', '[-25, -30, -36, -36, -26, -25]', '[0, 0, 0, 0, 0]', '[0, 0, 0, 0, 0]', 0, 'null', 30, -1, -1, NULL),
(8, 24, 0, 6, 0, 0, '[109, 141, 141, 22, 109, 109]', '[71, 67, 67, 74, 71, 71]', '[13, 12, 12, 11, 13, 13]', '[11, 12, 12, 13, 11, 11]', '[-22, -21, -20, -14, -21, -21]', '[-28, -33, -39, -47, -28, -27]', '[0, 0, 0, 0, 0]', '[0, 0, 0, 0, 0]', 0, 'null', 30, -1, -1, NULL),
(9, 24, 3, -1, 130, 10, '[143, 143, 151, 151, 143, 143]', '[107, 107, 109, 109, 107, 107]', '[8, 8, 6, 6, 8, 8]', '[4, 4, 5, 5, 4, 4]', '[-9, -7, -8, -8, -8, -8]', '[-30, -30, -31, -32, -31, -30]', '[0, 0, 0, 8, 0]', '[0, 0, 0, 0, 0]', 0, NULL, 30, -1, 5000, 'kính laser 2'),
(0, 25, 4, -1, 0, 0, '[200, 193, 200, 193, 200, 193]', '[24, 46, 24, 46, 24, 46]', '[9, 9, 9, 9, 9, 9]', '[11, 10, 11, 10, 11, 10]', '[-5, -4, -2, -3, -6, -5]', '[-26, -26, -25, -25, -27, -26]', '[0, 0, 0, 0, 0]', '[0, 0, 0, 0, 0]', 0, 'null', 30, -1, -1, NULL),
(1, 25, 4, -1, 92, 10, '[155, 155, 150, 150, 155, 150]', '[105, 105, 105, 105, 105, 105]', '[5, 5, 5, 5, 5, 5]', '[6, 6, 6, 6, 6, 6]', '[-5, -5, -5, -4, -5, -5]', '[-25, -25, -24, -25, -26, -25]', '[0, 0, 0, 0, 8]', '[0, 0, 0, 0, 0]', 0, NULL, 30, -1, 5000, 'balo ak 2'),
(2, 25, 0, 6, 0, 0, '[90, 149, 122, 39, 90, 90]', '[80, 80, 75, 83, 80, 80]', '[18, 23, 17, 10, 18, 18]', '[17, 10, 18, 23, 17, 17]', '[-19, -20, -16, -10, -19, -19]', '[-34, -32, -39, -44, -35, -34]', '[0, 0, 0, 0, 0]', '[0, 0, 0, 0, 0]', 0, 'null', 30, -1, -1, NULL),
(3, 25, 2, -1, 0, 0, '[183, 183, 183, 183, 183, 183]', '[29, 29, 29, 29, 29, 29]', '[15, 15, 15, 15, 15, 15]', '[18, 18, 18, 18, 18, 18]', '[-5, -5, -5, -5, -5, -6]', '[-26, -26, -26, -26, -26, -26]', '[0, 0, 0, 0, 0]', '[0, 0, 0, 0, 0]', 0, 'null', 30, -1, -1, NULL),
(4, 25, 1, -1, 230, 0, '[142, 142, 45, 128, 142, 142]', '[91, 91, 99, 91, 91, 91]', '[15, 15, 16, 14, 15, 15]', '[14, 14, 14, 15, 14, 14]', '[-15, -13, -9, -9, -13, -13]', '[-37, -37, -36, -36, -38, -37]', '[0, 0, 0, 0, 0]', '[5, 5, 5, 5, 5]', 1, '[27, 25, 26, -1, -1]', 7, 50, -1, 'ironman'),
(5, 25, 3, -1, 47, 5, '[73, 73, 121, 68, 73, 73]', '[82, 82, 80, 82, 82, 82]', '[9, 9, 7, 5, 9, 9]', '[6, 6, 8, 8, 6, 6]', '[-15, -14, -9, -5, -15, -15]', '[-36, -37, -40, -38, -37, -36]', '[0, 0, 0, 6, 0]', '[0, 0, 0, 0, 0]', 0, NULL, 30, -1, 500, 'kính granos 1'),
(6, 25, 3, -1, 72, 5, '[148, 148, 148, 148, 148, 148]', '[78, 78, 78, 78, 78, 78]', '[4, 4, 4, 4, 4, 4]', '[4, 4, 4, 4, 4, 4]', '[0, 0, 0, 0, 0, 0]', '[0, 0, 0, 0, 0, 0]', '[0, 0, 0, 6, 0]', '[0, 0, 0, 0, 0]', 0, NULL, 30, -1, 500, 'giày gà 1'),
(7, 25, 4, -1, 51, 5, '[165, 165, 150, 150, 165, 165]', '[86, 86, 83, 83, 86, 86]', '[10, 10, 10, 10, 10, 10]', '[8, 8, 8, 8, 8, 8]', '[4, 4, 2, 0, 2, 2]', '[-27, -27, -21, -21, -27, -26]', '[0, 0, 0, 6, 0]', '[0, 0, 0, 0, 0]', 0, NULL, 30, -1, 500, 'lá tarzan 1'),
(8, 25, 4, -1, 59, 5, '[9, 9, 15, 15, 15, 15]', '[85, 85, 84, 84, 84, 84]', '[6, 6, 6, 6, 6, 6]', '[7, 7, 7, 7, 7, 7]', '[-4, -4, -4, -5, -3, -4]', '[-26, -26, -24, -24, -27, -26]', '[0, 0, 0, 0, 6]', '[0, 0, 0, 0, 0]', 0, NULL, 30, -1, 500, 'r_ apache 1'),
(9, 25, 4, -1, 131, 10, '[57, 57, 57, 57, 57, 57]', '[68, 68, 68, 68, 68, 68]', '[5, 5, 5, 5, 5, 5]', '[8, 8, 8, 8, 8, 8]', '[-1, 0, -2, -3, -1, -1]', '[-26, -27, -26, -26, -28, -27]', '[0, 0, 0, 0, 8]', '[0, 0, 0, 0, 0]', 0, NULL, 30, -1, 5000, 'balo laser 2'),
(0, 26, 1, -1, 230, 0, '[14, 14, 29, 0, 14, 14]', '[87, 87, 85, 87, 87, 87]', '[15, 15, 16, 14, 15, 15]', '[14, 14, 14, 15, 14, 14]', '[-14, -13, -10, -9, -13, -13]', '[-37, -37, -36, -36, -38, -37]', '[0, 0, 0, 0, 0]', '[5, 5, 5, 5, 5]', 1, '[28, 26, 27, -1, -1]', 7, 50, -1, 'ironman'),
(1, 26, 3, -1, 149, 15, '[145, 145, 53, 53, 145, 145]', '[117, 117, 103, 103, 117, 117]', '[8, 8, 6, 6, 8, 8]', '[4, 4, 5, 5, 4, 4]', '[-12, -11, -10, -9, -11, -11]', '[-29, -29, -31, -32, -30, -29]', '[0, 0, 0, 11, 0]', '[0, 0, 0, 1, 0]', 0, NULL, 30, -1, 10000, 'kính ak 3'),
(2, 26, 3, -1, 10, 5, '[57, 57, 78, 78, 57, 57]', '[94, 94, 98, 98, 94, 94]', '[8, 8, 7, 7, 8, 8]', '[4, 4, 5, 5, 4, 4]', '[-12, -11, -8, -8, -11, -11]', '[-29, -30, -32, -33, -31, -30]', '[0, 0, 0, 6, 0]', '[0, 0, 0, 0, 0]', 0, NULL, 30, -1, 500, 'kính proton 1'),
(3, 26, 0, 6, 0, 0, '[181, 181, 181, 184, 80, 80]', '[0, 0, 0, 12, 48, 48]', '[12, 12, 12, 7, 10, 10]', '[12, 12, 12, 17, 9, 9]', '[-23, -24, -22, -9, 0, 0]', '[-26, -27, -34, -43, 0, 0]', '[0, 0, 0, 0, 0]', '[0, 0, 0, 0, 0]', 0, 'null', 30, -1, -1, NULL),
(4, 26, 2, -1, 0, 0, '[118, 77, 88, 5, 41, 78]', '[88, 86, 86, 92, 89, 96]', '[10, 11, 13, 14, 10, 10]', '[9, 10, 12, 15, 10, 9]', '[-12, -12, -11, -13, -12, -12]', '[-25, -26, -28, -31, -26, -25]', '[0, 0, 0, 0, 0]', '[0, 0, 0, 0, 0]', 0, 'null', 30, -1, -1, NULL),
(5, 26, 4, -1, 104, 10, '[130, 130, 130, 130, 130, 130]', '[107, 107, 107, 107, 107, 107]', '[7, 7, 7, 7, 7, 7]', '[13, 13, 13, 13, 13, 13]', '[-2, -2, 0, 0, -2, -2]', '[-34, -34, -32, -32, -34, -33]', '[0, 0, 0, 0, 8]', '[0, 0, 0, 0, 0]', 0, NULL, 30, -1, 5000, 'cánh granos 2'),
(6, 26, 4, -1, 98, 10, '[129, 129, 139, 139, 129, 129]', '[112, 112, 102, 102, 112, 112]', '[10, 10, 8, 8, 10, 10]', '[8, 8, 10, 10, 8, 8]', '[0, 1, 0, -2, 2, 1]', '[-28, -28, -25, -26, -30, -28]', '[0, 0, 0, 0, 8]', '[0, 0, 0, 0, 0]', 0, NULL, 30, -1, 5000, 'cánh gà 2'),
(7, 26, 3, -1, 53, 5, '[165, 148, 148, 148, 148, 148]', '[94, 78, 78, 78, 78, 78]', '[4, 4, 4, 4, 4, 4]', '[4, 4, 4, 4, 4, 4]', '[0, 0, 0, 0, 0, 0]', '[0, 0, 0, 0, 0, 0]', '[0, 0, 0, 0, 6]', '[0, 0, 0, 0, 0]', 0, NULL, 30, -1, 500, 'dao tarzan 1'),
(8, 26, 3, -1, 61, 5, '[165, 148, 148, 148, 148, 148]', '[94, 78, 78, 78, 78, 78]', '[4, 4, 4, 4, 4, 4]', '[4, 4, 4, 4, 4, 4]', '[0, 0, 0, 0, 0, 0]', '[0, 0, 0, 0, 0, 0]', '[0, 0, 0, 6, 0]', '[0, 0, 0, 0, 0]', 0, NULL, 30, -1, 500, 'dao apache 1'),
(9, 26, 3, -1, 145, 15, '[143, 143, 151, 151, 143, 143]', '[99, 99, 99, 99, 99, 99]', '[8, 8, 6, 6, 8, 8]', '[4, 4, 5, 5, 4, 4]', '[-9, -8, -8, -8, -8, -8]', '[-30, -30, -32, -33, -31, -30]', '[0, 0, 0, 11, 0]', '[0, 0, 0, 1, 0]', 0, NULL, 30, -1, 10000, 'kính laser 3'),
(0, 27, 2, -1, 0, 0, '[143, 69, 99, 80, 133, 143]', '[84, 86, 93, 86, 89, 93]', '[10, 11, 13, 14, 10, 10]', '[9, 10, 12, 15, 10, 9]', '[-12, -12, -11, -14, -12, -12]', '[-25, -26, -28, -31, -26, -25]', '[0, 0, 0, 0, 0]', '[0, 0, 0, 0, 0]', 0, 'null', 30, -1, -1, NULL),
(1, 27, 4, -1, 150, 15, '[167, 167, 151, 151, 167, 167]', '[116, 116, 111, 111, 116, 116]', '[5, 5, 5, 5, 5, 5]', '[6, 6, 6, 6, 6, 6]', '[-5, -4, -4, -3, -5, -5]', '[-25, -25, -25, -25, -26, -25]', '[0, 0, 0, 0, 11]', '[0, 0, 0, 0, 1]', 0, NULL, 30, -1, 10000, 'balo ak 3'),
(2, 27, 3, -1, 108, 10, '[49, 49, 49, 49, 49, 49]', '[94, 94, 98, 98, 94, 94]', '[8, 8, 7, 7, 8, 8]', '[4, 4, 5, 5, 4, 4]', '[-13, -11, -7, -8, -12, -12]', '[-30, -30, -33, -33, -31, -30]', '[0, 0, 0, 8, 0]', '[0, 0, 0, 0, 0]', 0, NULL, 30, -1, 5000, 'kính proton 2'),
(3, 27, 2, -1, 0, 0, '[145, 0, 36, 193, 54, 20]', '[53, 62, 61, 0, 64, 62]', '[17, 20, 18, 14, 16, 16]', '[14, 15, 17, 23, 14, 12]', '[-12, -15, -13, -9, -11, -10]', '[-22, -23, -25, -31, -22, -20]', '[0, 0, 0, 0, 0]', '[0, 0, 0, 0, 0]', 0, 'null', 30, -1, -1, NULL),
(4, 27, 0, 6, 0, 0, '[19, 158, 182, 62, 19, 19]', '[88, 91, 90, 86, 88, 88]', '[22, 24, 22, 15, 22, 22]', '[22, 15, 22, 24, 22, 22]', '[-20, -21, -17, -16, -20, -20]', '[-38, -32, -39, -45, -40, -39]', '[0, 0, 0, 0, 0]', '[0, 0, 0, 0, 0]', 0, 'null', 30, -1, -1, NULL),
(5, 27, 4, -1, 170, 15, '[137, 137, 137, 137, 137, 137]', '[107, 107, 107, 107, 107, 107]', '[7, 7, 7, 7, 7, 7]', '[13, 13, 13, 13, 13, 13]', '[-1, -2, 1, 2, -1, -1]', '[-32, -31, -31, -32, -34, -32]', '[0, 0, 0, 0, 11]', '[0, 0, 0, 0, 1]', 0, NULL, 30, -1, 10000, 'cánh granos 3'),
(6, 27, 3, -1, 99, 10, '[148, 148, 148, 148, 148, 148]', '[78, 78, 78, 78, 78, 78]', '[4, 4, 4, 4, 4, 4]', '[4, 4, 4, 4, 4, 4]', '[0, 0, 0, 0, 0, 0]', '[0, 0, 0, 0, 0, 0]', '[0, 0, 0, 8, 0]', '[0, 0, 0, 0, 0]', 0, NULL, 30, -1, 5000, 'giày gà 2'),
(7, 27, 4, -1, 116, 10, '[175, 175, 186, 186, 175, 175]', '[81, 81, 82, 82, 81, 81]', '[11, 11, 10, 10, 11, 11]', '[12, 12, 10, 10, 12, 12]', '[4, 4, 2, 1, 2, 2]', '[-28, -28, -21, -21, -27, -26]', '[0, 0, 0, 8, 0]', '[0, 0, 0, 0, 0]', 0, NULL, 30, -1, 5000, 'lá tarzan 2'),
(8, 27, 3, -1, 113, 10, '[165, 148, 148, 148, 148, 148]', '[94, 78, 78, 78, 78, 78]', '[4, 4, 4, 4, 4, 4]', '[4, 4, 4, 4, 4, 4]', '[1, 1, 1, 1, 1, 1]', '[2, 2, 2, 2, 2, 2]', '[0, 0, 0, 8, 0]', '[0, 0, 0, 0, 0]', 0, NULL, 30, -1, 5000, 'dao apache 2'),
(9, 27, 4, -1, 146, 15, '[11, 11, 11, 11, 11, 11]', '[101, 101, 101, 101, 101, 101]', '[7, 7, 7, 7, 7, 7]', '[7, 7, 7, 7, 7, 7]', '[-1, 0, -3, -4, -2, -2]', '[-26, -25, -24, -25, -27, -25]', '[0, 0, 0, 0, 11]', '[0, 0, 0, 0, 1]', 0, NULL, 30, -1, 10000, 'balo laser 3'),
(0, 28, 0, 6, 0, 0, '[112, 45, 153, 197, 112, 112]', '[89, 85, 90, 56, 89, 89]', '[21, 24, 19, 11, 21, 21]', '[19, 11, 21, 24, 19, 19]', '[-19, -21, -16, -13, -19, -19]', '[-36, -35, -39, -44, -37, -36]', '[0, 0, 0, 0, 0]', '[0, 0, 0, 0, 0]', 0, 'null', 30, -1, -1, NULL),
(1, 28, 3, -1, 93, 25, '[106, 106, 106, 106, 106, 106]', '[117, 117, 121, 121, 117, 117]', '[8, 8, 6, 6, 8, 8]', '[4, 4, 5, 5, 4, 4]', '[-12, -11, -8, -9, -11, -11]', '[-29, -29, -31, -32, -30, -29]', '[0, 0, 0, 14, 0]', '[0, 0, 0, 2, 0]', 0, NULL, 30, 12, 15000, 'kính ak 4'),
(2, 28, 3, -1, 135, 15, '[65, 65, 56, 56, 65, 65]', '[94, 94, 98, 98, 94, 94]', '[8, 8, 7, 7, 8, 8]', '[4, 4, 5, 5, 4, 4]', '[-13, -12, -8, -8, -11, -11]', '[-29, -30, -32, -31, -31, -30]', '[0, 0, 0, 11, 0]', '[0, 0, 0, 1, 0]', 0, NULL, 30, -1, 10000, 'kính proton 3'),
(3, 28, 3, -1, 31, 5, '[70, 70, 70, 70, 70, 70]', '[65, 65, 65, 65, 65, 65]', '[12, 12, 12, 12, 12, 12]', '[10, 10, 10, 10, 10, 10]', '[-9, -10, -10, -9, -9, -10]', '[-17, -17, -17, -17, -17, -17]', '[0, 0, 0, 6, 0]', '[0, 0, 0, 0, 0]', 0, NULL, 30, -1, 500, 'khiêng khỉ 1'),
(4, 28, 3, -1, 93, 5, '[101, 101, 110, 110, 101, 101]', '[93, 93, 93, 93, 93, 93]', '[8, 8, 6, 6, 8, 8]', '[4, 4, 5, 5, 4, 4]', '[-13, -12, -8, -8, -12, -12]', '[-30, -30, -32, -33, -31, -30]', '[0, 0, 0, 6, 0]', '[0, 0, 0, 0, 0]', 0, NULL, 30, -1, 500, 'kính rocket 1'),
(5, 28, 4, -1, 227, 25, '[116, 116, 116, 116, 116, 116]', '[107, 107, 107, 107, 107, 107]', '[7, 7, 7, 7, 7, 7]', '[13, 13, 13, 13, 13, 13]', '[-2, -1, 0, 2, -1, -3]', '[-33, -33, -32, -31, -35, -32]', '[0, 0, 0, 0, 14]', '[0, 0, 0, 0, 2]', 0, NULL, 30, 12, 15000, 'cánh granos 4'),
(6, 28, 3, -1, 156, 15, '[148, 148, 148, 148, 148, 148]', '[78, 78, 78, 78, 78, 78]', '[4, 4, 4, 4, 4, 4]', '[4, 4, 4, 4, 4, 4]', '[0, 0, 0, 0, 0, 0]', '[0, 0, 0, 0, 0, 0]', '[0, 0, 0, 11, 0]', '[0, 0, 0, 1, 0]', 0, NULL, 30, -1, 10000, 'giày gà 3'),
(7, 28, 3, -1, 117, 10, '[165, 148, 148, 148, 148, 148]', '[94, 78, 78, 78, 78, 78]', '[4, 4, 4, 4, 4, 4]', '[4, 4, 4, 4, 4, 4]', '[0, 0, 0, 0, 0, 0]', '[0, 0, 0, 0, 0, 0]', '[0, 0, 0, 0, 8]', '[0, 0, 0, 0, 0]', 0, NULL, 30, -1, 5000, 'dao tarzan 2'),
(8, 28, 3, -1, 114, 15, '[84, 84, 83, 83, 84, 83]', '[27, 27, 18, 18, 27, 18]', '[7, 7, 7, 7, 7, 7]', '[9, 9, 9, 9, 9, 9]', '[-5, -5, -4, -9, -6, -5]', '[-25, -25, -25, -24, -26, -25]', '[0, 0, 0, 11, 0]', '[0, 0, 0, 1, 0]', 0, NULL, 30, -1, 10000, 'kh_n apache 3'),
(9, 28, 3, -1, 76, 25, '[143, 143, 157, 157, 143, 143]', '[103, 103, 99, 99, 103, 103]', '[8, 8, 6, 6, 8, 8]', '[4, 4, 5, 5, 4, 4]', '[-9, -7, -8, -8, -8, -8]', '[-30, -30, -32, -32, -31, -30]', '[0, 0, 0, 14, 0]', '[0, 0, 0, 2, 0]', 0, NULL, 30, 12, 15000, 'kinh laser 4'),
(0, 29, 1, -1, 197, 0, '[144, 144, 100, 145, 144, 144]', '[85, 85, 102, 99, 85, 85]', '[15, 15, 16, 14, 15, 15]', '[14, 14, 14, 15, 14, 14]', '[-15, -14, -10, -9, -14, -14]', '[-37, -37, -36, -36, -38, -37]', '[0, 0, 0, 0, 0]', '[0, 0, 0, 0, 0]', 0, 'null', 30, -1, -1, NULL),
(1, 29, 4, -1, 194, 25, '[145, 145, 81, 81, 145, 145]', '[106, 106, 51, 51, 106, 106]', '[5, 5, 5, 5, 5, 5]', '[6, 6, 6, 6, 6, 6]', '[-4, -4, -3, -4, -4, -4]', '[-25, -25, -25, -25, -26, -25]', '[0, 0, 0, 0, 14]', '[0, 0, 0, 0, 2]', 0, NULL, 30, 12, 15000, 'balo ak 4'),
(2, 29, 3, -1, 93, 25, '[70, 70, 63, 63, 70, 70]', '[98, 98, 98, 98, 98, 98]', '[8, 8, 7, 7, 8, 8]', '[4, 4, 5, 5, 4, 4]', '[-12, -11, -7, -7, -11, -11]', '[-30, -30, -32, -33, -31, -30]', '[0, 0, 0, 14, 0]', '[0, 0, 0, 2, 0]', 0, NULL, 30, 12, 15000, 'kính proton 4'),
(3, 29, 3, -1, 178, 15, '[94, 94, 94, 94, 94, 94]', '[66, 66, 66, 66, 66, 66]', '[12, 12, 12, 12, 12, 12]', '[12, 12, 12, 12, 12, 12]', '[-9, -10, -10, -11, -10, -11]', '[-20, -20, -20, -20, -20, -19]', '[0, 0, 0, 11, 0]', '[0, 0, 0, 1, 0]', 0, NULL, 30, -1, 10000, 'khiêng khỉ 3'),
(4, 29, 4, -1, 39, 5, '[101, 101, 88, 88, 101, 101]', '[84, 84, 98, 98, 84, 84]', '[6, 6, 7, 7, 6, 6]', '[8, 8, 7, 7, 8, 8]', '[-3, -2, -4, -5, -3, -3]', '[-28, -28, -24, -24, -28, -27]', '[0, 0, 0, 0, 6]', '[0, 0, 0, 0, 0]', 0, NULL, 30, -1, 500, 'balo rocket 1'),
(5, 29, 1, -1, 231, 0, '[1, 1, 182, 182, 1, 1]', '[117, 117, 100, 100, 117, 117]', '[17, 17, 15, 15, 17, 17]', '[15, 15, 19, 19, 15, 15]', '[-15, -14, -9, -8, -15, -15]', '[-40, -41, -39, -38, -41, -40]', '[0, 0, 0, 0, 0]', '[5, 5, 5, 5, 5]', 1, '[31, 29, 30, -1, -1]', 7, 50, -1, 'zombie'),
(6, 29, 3, -1, 190, 25, '[148, 148, 148, 148, 148, 148]', '[78, 78, 78, 78, 78, 78]', '[4, 4, 4, 4, 4, 4]', '[4, 4, 4, 4, 4, 4]', '[0, 0, 0, 0, 0, 0]', '[0, 0, 0, 0, 0, 0]', '[0, 0, 0, 14, 0]', '[0, 0, 0, 2, 0]', 0, NULL, 30, 12, 15000, 'giày gà 4'),
(7, 29, 4, -1, 175, 15, '[165, 148, 148, 148, 148, 148]', '[94, 78, 78, 78, 78, 78]', '[4, 4, 4, 4, 4, 4]', '[4, 4, 4, 4, 4, 4]', '[0, 0, 0, 0, 0, 0]', '[0, 0, 0, 0, 0, 0]', '[0, 0, 0, 0, 11]', '[0, 0, 0, 0, 1]', 0, NULL, 30, -1, 10000, 'dao tarzan 3'),
(8, 29, 3, -1, 114, 25, '[84, 84, 83, 80, 84, 84]', '[27, 27, 18, 48, 27, 27]', '[7, 7, 7, 10, 7, 7]', '[9, 9, 9, 9, 9, 9]', '[-5, -5, -4, 0, -6, -6]', '[-26, -26, -26, 0, -26, -25]', '[0, 0, 0, 14, 0]', '[0, 0, 0, 2, 0]', 0, NULL, 30, 12, 15000, 'kh_n apache 4'),
(9, 29, 4, -1, 203, 25, '[26, 26, 26, 26, 26, 26]', '[57, 57, 57, 57, 57, 57]', '[7, 7, 7, 7, 7, 7]', '[7, 7, 7, 7, 7, 7]', '[0, 1, -3, -4, -1, 0]', '[-26, -26, -25, -25, -27, -26]', '[0, 0, 0, 0, 14]', '[0, 0, 0, 0, 2]', 0, NULL, 30, 12, 15000, 'balo laser 4'),
(0, 30, 2, -1, 0, 0, '[103, 9, 45, 120, 64, 84]', '[84, 101, 104, 91, 104, 102]', '[17, 19, 19, 20, 20, 16]', '[16, 16, 15, 16, 17, 15]', '[-15, -15, -12, -14, -16, -13]', '[-31, -31, -30, -31, -32, -30]', '[0, 0, 0, 0, 0]', '[0, 0, 0, 0, 0]', 0, 'null', 30, -1, -1, NULL),
(1, 30, 1, -1, 231, 0, '[66, 66, 51, 51, 66, 66]', '[131, 131, 131, 131, 131, 131]', '[17, 17, 15, 15, 17, 17]', '[15, 15, 19, 19, 15, 15]', '[-14, -13, -10, -11, -13, -13]', '[-37, -37, -37, -37, -38, -37]', '[0, 0, 0, 0, 0]', '[5, 5, 5, 5, 5]', 1, '[32, 30, 31, -1, -1]', 7, 50, -1, 'zombie'),
(2, 30, 1, -1, 231, 0, '[13, 13, 85, 85, 13, 13]', '[104, 104, 98, 98, 104, 104]', '[17, 17, 15, 15, 17, 17]', '[15, 15, 20, 20, 15, 15]', '[-14, -13, -9, -10, -13, -13]', '[-37, -37, -37, -36, -39, -38]', '[0, 0, 0, 0, 0]', '[5, 5, 5, 5, 5]', 1, '[32, 30, 31, -1, -1]', 7, 50, -1, 'zombie'),
(3, 30, 3, -1, 198, 25, '[82, 82, 82, 82, 82, 82]', '[66, 66, 66, 66, 66, 66]', '[12, 12, 12, 12, 12, 12]', '[12, 12, 12, 12, 12, 12]', '[-8, -8, -11, -11, -10, -9]', '[-17, -18, -20, -19, -19, -18]', '[0, 0, 0, 14, 0]', '[0, 0, 0, 2, 0]', 0, NULL, 30, 12, 15000, 'khiêng khỉ 4'),
(4, 30, 1, -1, 231, 0, '[108, 108, 83, 83, 108, 108]', '[123, 123, 105, 105, 123, 123]', '[17, 17, 15, 15, 17, 17]', '[15, 15, 19, 19, 15, 15]', '[-15, -14, -8, -9, -14, -14]', '[-37, -37, -36, -36, -38, -37]', '[0, 0, 0, 0, 0]', '[5, 5, 5, 5, 5]', 1, '[32, 30, 31, -1, -1]', 7, 50, -1, 'zombie'),
(5, 30, 2, -1, 0, 0, '[121, 35, 99, 76, 159, 57]', '[120, 119, 120, 121, 102, 121]', '[21, 22, 22, 23, 23, 19]', '[18, 17, 17, 17, 19, 19]', '[-14, -15, -14, -14, -17, -13]', '[-34, -33, -33, -33, -35, -34]', '[0, 0, 0, 0, 0]', '[0, 0, 0, 0, 0]', 0, 'null', 30, -1, -1, NULL),
(6, 30, 1, -1, 231, 0, '[0, 0, 194, 194, 0, 0]', '[118, 118, 99, 99, 118, 118]', '[17, 17, 15, 15, 17, 17]', '[15, 15, 19, 19, 15, 15]', '[-10, -9, -4, -5, -9, -9]', '[-37, -37, -36, -37, -38, -37]', '[0, 0, 0, 0, 0]', '[5, 5, 5, 5, 5]', 1, '[32, 30, 31, -1, -1]', 7, 50, -1, 'zombie'),
(7, 30, 3, -1, 221, 25, '[165, 148, 148, 148, 148, 148]', '[94, 78, 78, 78, 78, 78]', '[4, 4, 4, 4, 4, 4]', '[4, 4, 4, 4, 4, 4]', '[0, 0, 0, 0, 0, 0]', '[0, 0, 0, 0, 0, 0]', '[0, 0, 0, 0, 14]', '[0, 0, 0, 0, 2]', 0, NULL, 30, 12, 15000, 'dao tarzan 4'),
(8, 30, 1, -1, 231, 0, '[153, 153, 170, 170, 153, 153]', '[71, 71, 71, 71, 71, 71]', '[17, 17, 15, 15, 17, 17]', '[15, 15, 19, 19, 15, 15]', '[-14, -14, -10, -11, -14, -14]', '[-38, -38, -37, -36, -38, -37]', '[0, 0, 0, 0, 0]', '[5, 5, 5, 5, 5]', 1, '[32, 30, 31, -1, -1]', 7, 50, -1, 'zombie'),
(9, 30, 1, -1, 231, 0, '[173, 173, 0, 0, 173, 173]', '[102, 102, 108, 108, 102, 102]', '[17, 17, 15, 15, 17, 17]', '[15, 15, 19, 19, 15, 15]', '[-11, -9, -9, -10, -10, -10]', '[-37, -36, -36, -36, -37, -36]', '[0, 0, 0, 0, 0]', '[5, 5, 5, 5, 5]', 1, '[32, 30, 31, -1, -1]', 7, 50, -1, 'zombie'),
(0, 31, 0, 6, 0, 0, '[28, 173, 159, 0, 28, 28]', '[103, 91, 86, 88, 103, 103]', '[17, 18, 13, 9, 17, 17]', '[12, 9, 16, 18, 12, 12]', '[-23, -24, -18, -12, -23, -23]', '[-28, -28, -37, -45, -30, -29]', '[0, 0, 0, 0, 0]', '[0, 0, 0, 0, 0]', 0, 'null', 30, -1, -1, NULL),
(1, 31, 2, -1, 0, 0, '[195, 195, 195, 19, 195, 19]', '[9, 18, 27, 124, 0, 137]', '[11, 10, 12, 12, 11, 11]', '[9, 9, 11, 13, 9, 9]', '[-12, -12, -12, -13, -12, -11]', '[-25, -25, -27, -29, -25, -25]', '[0, 0, 0, 0, 0]', '[0, 0, 0, 0, 0]', 0, 'null', 30, -1, -1, NULL),
(2, 31, 2, -1, 0, 0, '[48, 14, 0, 100, 58, 139]', '[106, 94, 98, 97, 103, 84]', '[10, 11, 13, 14, 10, 10]', '[9, 10, 12, 15, 10, 9]', '[-12, -12, -11, -13, -11, -11]', '[-25, -26, -28, -31, -26, -25]', '[0, 0, 0, 0, 0]', '[0, 0, 0, 0, 0]', 0, 'null', 30, -1, -1, NULL),
(3, 31, 1, -1, 231, 0, '[143, 143, 158, 163, 143, 143]', '[67, 67, 72, 58, 67, 67]', '[15, 15, 17, 18, 15, 15]', '[17, 17, 15, 14, 17, 17]', '[-13, -13, -10, -8, -13, -13]', '[-31, -31, -32, -31, -31, -30]', '[0, 0, 0, 0, 0]', '[5, 5, 5, 5, 5]', 1, '[33, 31, 32, -1, -1]', 7, 50, -1, 'zombie'),
(4, 31, 2, -1, 0, 0, '[118, 107, 129, 98, 98, 142]', '[97, 98, 106, 108, 98, 105]', '[10, 11, 13, 14, 10, 10]', '[9, 10, 12, 15, 10, 9]', '[-12, -12, -12, -14, -11, -11]', '[-25, -26, -28, -31, -26, -25]', '[0, 0, 0, 0, 0]', '[0, 0, 0, 0, 0]', 0, 'null', 30, -1, -1, NULL),
(5, 31, 0, 6, 0, 0, '[18, 157, 144, 197, 18, 18]', '[117, 121, 114, 97, 117, 117]', '[17, 18, 13, 9, 17, 17]', '[12, 9, 16, 18, 12, 12]', '[-19, -22, -18, -12, -23, -22]', '[-30, -30, -38, -45, -31, -29]', '[0, 0, 0, 0, 0]', '[0, 0, 0, 0, 0]', 0, 'null', 30, -1, -1, NULL),
(6, 31, 2, -1, 0, 0, '[194, 44, 31, 17, 145, 165]', '[118, 125, 123, 118, 112, 122]', '[10, 11, 13, 14, 10, 10]', '[9, 10, 12, 15, 10, 9]', '[-7, -8, -8, -9, -7, -7]', '[-25, -26, -28, -31, -26, -25]', '[0, 0, 0, 0, 0]', '[0, 0, 0, 0, 0]', 0, 'null', 30, -1, -1, NULL),
(7, 31, 1, -1, 231, 0, '[15, 15, 0, 0, 15, 15]', '[101, 101, 99, 99, 101, 101]', '[17, 17, 15, 15, 17, 17]', '[15, 15, 19, 19, 15, 15]', '[-6, -6, -6, -7, -8, -8]', '[-30, -29, -29, -29, -30, -29]', '[0, 0, 0, 0, 0]', '[5, 5, 5, 5, 5]', 1, '[33, 31, 32, -1, -1]', 7, 50, -1, 'zombie'),
(8, 31, 2, -1, 0, 0, '[199, 199, 107, 196, 199, 196]', '[40, 49, 82, 77, 58, 68]', '[10, 11, 11, 12, 11, 7]', '[9, 9, 12, 14, 10, 9]', '[-10, -11, -12, -14, -12, -10]', '[-25, -25, -28, -30, -26, -25]', '[0, 0, 0, 0, 0]', '[0, 0, 0, 0, 0]', 0, 'null', 30, -1, -1, NULL),
(9, 31, 2, -1, 0, 0, '[51, 62, 15, 18, 190, 30]', '[104, 107, 114, 101, 104, 105]', '[10, 10, 11, 12, 11, 10]', '[9, 9, 11, 13, 10, 9]', '[-8, -7, -11, -13, -8, -8]', '[-25, -25, -27, -29, -26, -25]', '[0, 0, 0, 0, 0]', '[0, 0, 0, 0, 0]', 0, 'null', 30, -1, -1, NULL),
(0, 32, 3, -1, 6, 5, '[133, 133, 140, 140, 133, 133]', '[99, 99, 102, 102, 99, 99]', '[7, 7, 6, 6, 7, 7]', '[5, 5, 6, 6, 5, 5]', '[-13, -12, -7, -7, -12, -12]', '[-31, -31, -33, -33, -32, -31]', '[0, 0, 0, 6, 0]', '[0, 0, 0, 0, 0]', 0, NULL, 30, -1, 500, 'kính cannon 1'),
(1, 32, 0, 6, 0, 0, '[31, 83, 0, 187, 31, 31]', '[131, 126, 124, 98, 131, 131]', '[20, 26, 19, 15, 20, 20]', '[19, 15, 20, 26, 19, 19]', '[-20, -24, -17, -17, -21, -21]', '[-35, -32, -40, -46, -37, -36]', '[0, 0, 0, 0, 0]', '[0, 0, 0, 0, 0]', 0, 'null', 30, -1, -1, NULL),
(2, 32, 0, 6, 0, 0, '[67, 100, 181, 198, 67, 67]', '[103, 112, 70, 68, 103, 103]', '[18, 23, 17, 10, 18, 18]', '[17, 10, 18, 23, 17, 17]', '[-19, -19, -16, -12, -17, -17]', '[-34, -32, -37, -41, -36, -35]', '[0, 0, 0, 0, 0]', '[0, 0, 0, 0, 0]', 0, 'null', 30, -1, -1, NULL),
(3, 32, 2, -1, 0, 0, '[126, 106, 181, 0, 185, 175]', '[66, 66, 61, 77, 47, 78]', '[17, 20, 18, 14, 16, 16]', '[14, 15, 17, 23, 14, 12]', '[-12, -15, -13, -9, -11, -10]', '[-22, -23, -25, -31, -22, -20]', '[0, 0, 0, 0, 0]', '[0, 0, 0, 0, 0]', 0, 'null', 30, -1, -1, NULL),
(4, 32, 0, 6, 0, 0, '[0, 36, 61, 22, 0, 0]', '[110, 113, 110, 110, 110, 110]', '[22, 24, 22, 14, 22, 22]', '[22, 14, 22, 24, 22, 22]', '[-19, -21, -15, -14, -18, -18]', '[-40, -32, -39, -45, -39, -38]', '[0, 0, 0, 0, 0]', '[0, 0, 0, 0, 0]', 0, 'null', 30, -1, -1, NULL),
(5, 32, 1, -1, 232, 0, '[0, 142, 27, 27, 0, 0]', '[132, 130, 136, 136, 132, 132]', '[27, 26, 30, 30, 27, 27]', '[30, 27, 27, 27, 30, 30]', '[-20, -18, -17, -17, -18, -18]', '[-49, -47, -46, -46, -50, -49]', '[0, 0, 0, 0, 0]', '[5, 5, 5, 5, 5]', 1, '[34, 32, 33, -1, -1]', 7, 50, -1, 'bí ngô'),
(6, 32, 0, 6, 0, 0, '[186, 155, 155, 175, 186, 186]', '[79, 79, 98, 99, 79, 79]', '[24, 31, 20, 19, 24, 24]', '[20, 19, 24, 31, 20, 20]', '[-15, -18, -12, -7, -15, -15]', '[-37, -38, -40, -47, -37, -36]', '[0, 0, 0, 0, 0]', '[0, 0, 0, 0, 0]', 0, 'null', 30, -1, -1, NULL),
(7, 32, 2, -1, 0, 0, '[113, 12, 192, 0, 141, 32]', '[101, 118, 94, 118, 106, 111]', '[11, 14, 14, 12, 11, 10]', '[9, 10, 16, 17, 9, 10]', '[-5, -8, -10, -12, -7, -7]', '[-17, -18, -24, -25, -17, -18]', '[0, 0, 0, 0, 0]', '[0, 0, 0, 0, 0]', 0, 'null', 30, -1, -1, NULL),
(8, 32, 0, 6, 0, 0, '[140, 65, 65, 185, 80, 80]', '[79, 84, 84, 71, 48, 48]', '[13, 12, 12, 11, 10, 10]', '[11, 12, 12, 13, 9, 9]', '[-21, -20, -18, -15, -11, -11]', '[-28, -32, -38, -43, -36, -35]', '[0, 0, 0, 0, 0]', '[0, 0, 0, 0, 0]', 0, 'null', 30, -1, -1, NULL),
(9, 32, 0, 6, 0, 0, '[92, 72, 0, 40, 92, 92]', '[107, 107, 2, 105, 107, 107]', '[18, 20, 16, 11, 18, 18]', '[16, 11, 18, 20, 16, 16]', '[-15, -19, -15, -13, -15, -15]', '[-33, -31, -38, -45, -35, -34]', '[0, 0, 0, 0, 0]', '[0, 0, 0, 0, 0]', 0, 'null', 30, -1, -1, NULL),
(0, 33, 1, -1, 231, 0, '[34, 34, 19, 19, 34, 34]', '[99, 99, 101, 101, 99, 99]', '[17, 17, 15, 15, 17, 17]', '[15, 15, 19, 19, 15, 15]', '[-15, -14, -8, -9, -14, -14]', '[-37, -37, -36, -36, -38, -37]', '[0, 0, 0, 0, 0]', '[5, 5, 5, 5, 5]', 1, '[35, 33, 34, -1, -1]', 7, 50, -1, 'zombie'),
(1, 33, 1, -1, 232, 0, '[177, 151, 121, 121, 177, 177]', '[124, 124, 121, 121, 124, 124]', '[27, 26, 30, 30, 27, 27]', '[30, 27, 27, 27, 30, 30]', '[-20, -19, -18, -18, -19, -19]', '[-49, -47, -46, -46, -50, -49]', '[0, 0, 0, 0, 0]', '[5, 5, 5, 5, 5]', 1, '[35, 33, 34, -1, -1]', 7, 50, -1, 'bí ngô'),
(2, 33, 1, -1, 232, 0, '[128, 185, 155, 155, 128, 128]', '[93, 91, 91, 91, 93, 93]', '[27, 26, 30, 30, 27, 27]', '[30, 27, 27, 27, 30, 30]', '[-21, -20, -19, -19, -20, -20]', '[-49, -47, -46, -46, -50, -49]', '[0, 0, 0, 0, 0]', '[5, 5, 5, 5, 5]', 1, '[35, 33, 34, -1, -1]', 7, 50, -1, 'bí ngô'),
(3, 33, 0, 6, 0, 0, '[191, 198, 191, 198, 80, 80]', '[78, 23, 78, 23, 48, 48]', '[12, 7, 12, 7, 10, 10]', '[12, 17, 12, 17, 9, 9]', '[-22, -18, -23, -8, -9, -9]', '[-22, -33, -34, -44, -24, -23]', '[0, 0, 0, 0, 0]', '[0, 0, 0, 0, 0]', 0, 'null', 30, -1, -1, NULL),
(4, 33, 1, -1, 232, 0, '[125, 182, 152, 152, 125, 125]', '[118, 112, 106, 106, 118, 118]', '[27, 26, 30, 30, 27, 27]', '[30, 27, 27, 27, 30, 30]', '[-21, -19, -18, -18, -21, -21]', '[-50, -47, -46, -46, -51, -50]', '[0, 0, 0, 0, 0]', '[5, 5, 5, 5, 5]', 1, '[35, 33, 34, -1, -1]', 7, 50, -1, 'bí ngô'),
(5, 33, 2, -1, 0, 0, '[57, 57, 57, 57, 57, 57]', '[146, 146, 146, 146, 140, 146]', '[10, 10, 10, 10, 10, 10]', '[5, 5, 5, 5, 6, 5]', '[-11, -11, -11, -11, -11, -11]', '[-21, -21, -21, -21, -22, -21]', '[0, 0, 0, 0, 0]', '[0, 0, 0, 0, 0]', 0, 'null', 30, -1, -1, NULL),
(6, 33, 1, -1, 232, 0, '[108, 82, 135, 135, 108, 108]', '[120, 123, 122, 122, 120, 120]', '[27, 26, 30, 30, 27, 27]', '[30, 27, 27, 27, 30, 30]', '[-16, -14, -13, -13, -16, -16]', '[-49, -46, -46, -46, -50, -49]', '[0, 0, 0, 0, 0]', '[5, 5, 5, 5, 5]', 1, '[35, 33, 34, -1, -1]', 7, 50, -1, 'bí ngô'),
(7, 33, 0, 6, 0, 0, '[167, 182, 152, 32, 167, 167]', '[98, 93, 99, 101, 98, 98]', '[15, 10, 15, 15, 15, 15]', '[14, 15, 14, 10, 14, 14]', '[-10, -13, -9, -8, -15, -15]', '[-24, -25, -33, -35, -26, -25]', '[0, 0, 0, 0, 0]', '[0, 0, 0, 0, 0]', 0, 'null', 30, -1, -1, NULL),
(8, 33, 1, -1, 232, 0, '[77, 118, 144, 144, 77, 77]', '[89, 90, 90, 90, 89, 89]', '[27, 26, 30, 30, 27, 27]', '[30, 27, 27, 27, 30, 30]', '[-19, -18, -18, -18, -19, -19]', '[-49, -47, -46, -46, -50, -49]', '[0, 0, 0, 0, 0]', '[5, 5, 5, 5, 5]', 1, '[35, 33, 34, -1, -1]', 7, 50, -1, 'bí ngô'),
(9, 33, 1, -1, 232, 0, '[127, 154, 62, 62, 127, 127]', '[116, 118, 118, 118, 116, 116]', '[27, 26, 30, 30, 27, 27]', '[30, 27, 27, 27, 30, 30]', '[-18, -17, -16, -16, -18, -18]', '[-49, -47, -46, -46, -50, -49]', '[0, 0, 0, 0, 0]', '[5, 5, 5, 5, 5]', 1, '[35, 33, 34, -1, -1]', 7, 50, -1, 'bí ngô'),
(0, 34, 2, -1, 0, 0, '[99, 112, 99, 51, 172, 65]', '[117, 108, 105, 96, 103, 96]', '[10, 11, 13, 14, 10, 10]', '[9, 10, 12, 15, 10, 9]', '[-12, -12, -11, -13, -12, -12]', '[-25, -26, -28, -31, -26, -25]', '[0, 0, 0, 0, 0]', '[0, 0, 0, 0, 0]', 0, 'null', 30, -1, -1, NULL),
(1, 34, 2, -1, 0, 0, '[109, 109, 109, 109, 109, 109]', '[126, 126, 126, 126, 131, 126]', '[10, 10, 10, 10, 10, 10]', '[5, 5, 5, 5, 6, 5]', '[-11, -11, -11, -11, -11, -11]', '[-21, -21, -21, -21, -22, -21]', '[0, 0, 0, 0, 0]', '[0, 0, 0, 0, 0]', 0, 'null', 30, -1, -1, NULL),
(2, 34, 2, -1, 0, 0, '[114, 114, 114, 114, 114, 114]', '[97, 97, 97, 97, 102, 97]', '[10, 10, 10, 10, 10, 10]', '[5, 5, 5, 5, 6, 5]', '[-12, -12, -12, -12, -12, -12]', '[-21, -21, -21, -21, -22, -21]', '[0, 0, 0, 0, 0]', '[0, 0, 0, 0, 0]', 0, 'null', 30, -1, -1, NULL),
(3, 34, 1, -1, 232, 0, '[14, 71, 41, 14, 14, 14]', '[77, 78, 78, 77, 77, 77]', '[27, 26, 30, 27, 27, 27]', '[30, 27, 27, 30, 30, 30]', '[-16, -15, -14, -16, -16, -16]', '[-40, -37, -37, -40, -41, -40]', '[0, 0, 0, 0, 0]', '[5, 5, 5, 5, 5]', 1, '[35, 34, -1, -1, -1]', 7, 50, -1, 'bí ngô'),
(4, 34, 2, -1, 0, 0, '[119, 119, 119, 119, 119, 119]', '[112, 112, 112, 112, 106, 112]', '[10, 10, 10, 10, 10, 10]', '[5, 5, 5, 5, 6, 5]', '[-12, -12, -12, -12, -12, -12]', '[-21, -21, -21, -21, -22, -21]', '[0, 0, 0, 0, 0]', '[0, 0, 0, 0, 0]', 0, 'null', 30, -1, -1, NULL),
(5, 34, 0, 6, 0, 0, '[80, 80, 80, 80, 80, 80]', '[48, 48, 48, 48, 48, 48]', '[10, 10, 10, 10, 10, 10]', '[9, 9, 9, 9, 9, 9]', '[-12, -12, -12, -12, -12, -12]', '[-38, -38, -38, -38, -38, -38]', '[0, 0, 0, 0, 0]', '[0, 0, 0, 0, 0]', 0, 'null', 30, -1, -1, NULL),
(6, 34, 2, -1, 0, 0, '[55, 55, 55, 55, 55, 55]', '[131, 131, 131, 131, 125, 131]', '[10, 10, 10, 10, 10, 10]', '[5, 5, 5, 5, 6, 5]', '[-8, -8, -8, -8, -8, -8]', '[-21, -21, -21, -21, -22, -21]', '[0, 0, 0, 0, 0]', '[0, 0, 0, 0, 0]', 0, 'null', 30, -1, -1, NULL),
(7, 34, 1, -1, 232, 0, '[78, 105, 48, 48, 78, 78]', '[108, 110, 107, 107, 108, 108]', '[27, 26, 30, 30, 27, 27]', '[30, 27, 27, 27, 30, 30]', '[-15, -13, -13, -13, -15, -15]', '[-42, -39, -38, -38, -43, -42]', '[0, 0, 0, 0, 0]', '[5, 5, 5, 5, 5]', 1, '[36, 34, 35, -1, -1]', 7, 50, -1, 'bí ngô'),
(8, 34, 2, -1, 0, 0, '[174, 174, 174, 174, 186, 174]', '[90, 90, 90, 90, 84, 90]', '[10, 10, 10, 10, 10, 10]', '[5, 5, 5, 5, 6, 5]', '[-11, -11, -11, -11, -11, -11]', '[-21, -21, -21, -21, -22, -21]', '[0, 0, 0, 0, 0]', '[0, 0, 0, 0, 0]', 0, 'null', 30, -1, -1, NULL),
(9, 34, 2, -1, 0, 0, '[26, 26, 26, 26, 26, 26]', '[120, 120, 120, 120, 114, 120]', '[10, 10, 10, 10, 10, 10]', '[5, 5, 5, 5, 6, 5]', '[-9, -9, -9, -9, -9, -9]', '[-21, -21, -21, -21, -22, -21]', '[0, 0, 0, 0, 0]', '[0, 0, 0, 0, 0]', 0, 'null', 30, -1, -1, NULL),
(0, 35, 0, 6, 0, 0, '[172, 75, 0, 194, 172, 172]', '[84, 101, 102, 80, 84, 84]', '[21, 24, 19, 11, 21, 21]', '[19, 11, 21, 24, 19, 19]', '[-19, -20, -14, -10, -19, -19]', '[-36, -31, -38, -43, -38, -37]', '[0, 0, 0, 0, 0]', '[0, 0, 0, 0, 0]', 0, 'null', 30, -1, -1, NULL),
(1, 35, 0, 2, 0, 0, '[80, 80, 80, 80, 80, 80]', '[48, 48, 48, 48, 48, 48]', '[10, 10, 10, 10, 10, 10]', '[9, 9, 9, 9, 9, 9]', '[-12, -12, -12, -12, -12, -12]', '[-36, -36, -36, -36, -36, -36]', '[0, 0, 0, 0, 0]', '[0, 0, 0, 0, 0]', 0, 'null', 30, -1, -1, NULL),
(2, 35, 0, 2, 0, 0, '[80, 80, 80, 80, 80, 80]', '[48, 48, 48, 48, 48, 48]', '[10, 10, 10, 10, 10, 10]', '[9, 9, 9, 9, 9, 9]', '[-10, -10, -10, -10, -10, -10]', '[-35, -35, -35, -35, -35, -35]', '[0, 0, 0, 0, 0]', '[0, 0, 0, 0, 0]', 0, 'null', 30, -1, -1, NULL),
(3, 35, 0, 2, 0, 0, '[80, 80, 80, 80, 80, 80]', '[48, 48, 48, 48, 48, 48]', '[10, 10, 10, 10, 10, 10]', '[9, 9, 9, 9, 9, 9]', '[-8, -8, -8, -8, -8, -8]', '[-24, -24, -24, -24, -24, -24]', '[0, 0, 0, 0, 0]', '[0, 0, 0, 0, 0]', 0, 'null', 30, -1, -1, NULL),
(4, 35, 0, 2, 0, 0, '[80, 80, 80, 80, 80, 80]', '[48, 48, 48, 48, 48, 48]', '[10, 10, 10, 10, 10, 10]', '[9, 9, 9, 9, 9, 9]', '[-10, -10, -10, -10, -10, -10]', '[-36, -36, -36, -36, -36, -36]', '[0, 0, 0, 0, 0]', '[0, 0, 0, 0, 0]', 0, 'null', 30, -1, -1, NULL),
(5, 35, 1, -1, 258, 10, '[45, 45, 93, 93, 45, 45]', '[172, 172, 161, 161, 172, 172]', '[18, 18, 17, 17, 18, 18]', '[17, 17, 18, 18, 17, 17]', '[-15, -14, -7, -6, -15, -15]', '[-44, -45, -39, -39, -44, -43]', '[15, 5, 5, 5, 5]', '[4, 0, 0, 4, 0]', 0, NULL, 30, 160, 200000, 'nón bạc'),
(6, 35, 0, 5, 0, 0, '[80, 80, 80, 80, 80, 80]', '[48, 48, 48, 48, 48, 48]', '[10, 10, 10, 10, 10, 10]', '[9, 9, 9, 9, 9, 9]', '[-7, -7, -7, -7, -7, -7]', '[-35, -35, -35, -35, -35, -35]', '[0, 0, 0, 0, 0]', '[0, 0, 0, 0, 0]', 0, 'null', 30, -1, -1, NULL),
(7, 35, 2, -1, 0, 0, '[131, 131, 131, 131, 38, 131]', '[107, 107, 107, 107, 124, 107]', '[10, 10, 10, 10, 10, 10]', '[5, 5, 5, 5, 6, 5]', '[-6, -6, -6, -6, -6, -6]', '[-13, -13, -13, -13, -14, -13]', '[0, 0, 0, 0, 0]', '[0, 0, 0, 0, 0]', 0, 'null', 30, -1, -1, NULL),
(8, 35, 0, 5, 0, 0, '[80, 80, 80, 80, 80, 80]', '[48, 48, 48, 48, 48, 48]', '[10, 10, 10, 10, 10, 10]', '[9, 9, 9, 9, 9, 9]', '[-12, -12, -12, -12, -12, -12]', '[-34, -34, -34, -34, -34, -34]', '[0, 0, 0, 0, 0]', '[0, 0, 0, 0, 0]', 0, 'null', 30, -1, -1, NULL),
(9, 35, 0, 0, 0, 0, '[80, 80, 80, 80, 80, 80]', '[48, 48, 48, 48, 48, 48]', '[10, 10, 10, 10, 10, 10]', '[9, 9, 9, 9, 9, 9]', '[-8, -8, -8, -8, -8, -8]', '[-34, -34, -34, -34, -34, -34]', '[0, 0, 0, 0, 0]', '[0, 0, 0, 0, 0]', 0, 'null', 30, -1, -1, NULL),
(0, 36, 1, -1, 232, 0, '[182, 73, 123, 123, 182, 182]', '[104, 112, 108, 108, 104, 104]', '[27, 26, 30, 30, 27, 27]', '[30, 27, 27, 27, 30, 30]', '[-20, -19, -18, -18, -20, -20]', '[-49, -47, -46, -46, -50, -49]', '[0, 0, 0, 0, 0]', '[5, 5, 5, 5, 5]', 1, '[38, 36, 37, -1, -1]', 7, 50, -1, 'bí ngô'),
(1, 36, 1, -1, 243, 10, '[0, 0, 26, 26, 0, 0]', '[168, 168, 171, 171, 168, 168]', '[26, 26, 26, 26, 26, 26]', '[20, 20, 21, 21, 20, 20]', '[-18, -17, -12, -12, -17, -17]', '[-43, -43, -40, -41, -44, -43]', '[15, 5, 5, 5, 5]', '[4, 0, 0, 4, 0]', 0, NULL, 30, 160, 200000, 'nón bạc'),
(2, 36, 1, -1, 237, 10, '[78, 78, 140, 140, 78, 78]', '[133, 133, 133, 133, 133, 133]', '[17, 17, 15, 15, 17, 17]', '[12, 12, 16, 16, 12, 12]', '[-15, -14, -7, -7, -14, -14]', '[-39, -40, -41, -40, -40, -39]', '[15, 5, 5, 5, 5]', '[4, 0, 0, 4, 0]', 0, NULL, 30, 160, 200000, 'nón bạc'),
(3, 36, 1, -1, 246, 10, '[181, 181, 0, 24, 181, 181]', '[107, 107, 118, 107, 107, 107]', '[17, 17, 17, 17, 17, 17]', '[17, 17, 15, 17, 17, 17]', '[-13, -12, -9, -4, -13, -13]', '[-35, -36, -35, -34, -36, -34]', '[15, 5, 5, 5, 5]', '[4, 0, 0, 4, 0]', 0, NULL, 30, 160, 200000, 'nón bạc'),
(4, 36, 1, -1, 251, 10, '[15, 15, 112, 112, 15, 15]', '[148, 148, 153, 153, 148, 148]', '[17, 17, 18, 18, 17, 17]', '[14, 14, 16, 16, 14, 14]', '[-14, -13, -7, -8, -13, -13]', '[-41, -41, -38, -39, -42, -41]', '[15, 5, 5, 5, 5]', '[4, 0, 0, 4, 0]', 0, NULL, 30, 160, 200000, 'nón bạc'),
(5, 36, 2, -1, 260, 10, '[153, 171, 136, 187, 110, 153]', '[157, 160, 157, 155, 161, 157]', '[15, 16, 17, 19, 19, 15]', '[15, 15, 15, 16, 16, 15]', '[-15, -16, -15, -15, -17, -16]', '[-31, -31, -31, -32, -32, -31]', '[5, 5, 15, 5, 5]', '[0, 0, 4, 0, 4]', 0, NULL, 30, 160, 200000, 'giáp bạc');
INSERT INTO `equip` (`glassID`, `id`, `type`, `bullet`, `icon`, `level`, `x`, `y`, `w`, `h`, `dx`, `dy`, `inv_ability`, `inv_percen`, `vip`, `data`, `date`, `luong`, `xu`, `name`) VALUES
(6, 36, 1, -1, 239, 10, '[77, 77, 137, 137, 77, 77]', '[174, 174, 160, 160, 174, 174]', '[17, 17, 18, 18, 17, 17]', '[19, 19, 17, 17, 19, 19]', '[-12, -11, -1, -2, -11, -11]', '[-43, -44, -37, -38, -44, -43]', '[15, 5, 5, 5, 5]', '[4, 0, 0, 4, 0]', 0, NULL, 30, 160, 200000, 'nón bạc'),
(7, 36, 0, 2, 0, 0, '[80, 80, 80, 80, 80, 80]', '[48, 48, 48, 48, 48, 48]', '[10, 10, 10, 10, 10, 10]', '[9, 9, 9, 9, 9, 9]', '[-5, -5, -5, -5, -5, -5]', '[-28, -28, -28, -28, -28, -28]', '[0, 0, 0, 0, 0]', '[0, 0, 0, 0, 0]', 0, 'null', 30, -1, -1, NULL),
(8, 36, 1, -1, 265, 10, '[186, 186, 34, 54, 186, 186]', '[102, 102, 105, 110, 102, 102]', '[21, 21, 20, 23, 21, 21]', '[24, 24, 24, 22, 24, 24]', '[-15, -15, -9, -8, -15, -15]', '[-45, -45, -44, -39, -46, -45]', '[15, 5, 5, 5, 5]', '[4, 0, 0, 4, 0]', 0, NULL, 30, 160, 200000, 'nón bạc'),
(9, 36, 1, -1, 262, 10, '[0, 0, 23, 23, 0, 0]', '[143, 143, 141, 141, 143, 143]', '[23, 23, 25, 25, 23, 23]', '[24, 24, 25, 25, 24, 24]', '[-13, -12, -10, -11, -13, -13]', '[-43, -44, -42, -43, -45, -44]', '[15, 5, 5, 5, 5]', '[4, 0, 0, 4, 0]', 0, NULL, 30, 160, 200000, 'nón bạc'),
(0, 37, 2, -1, 0, 0, '[99, 99, 99, 99, 65, 99]', '[126, 126, 126, 126, 105, 126]', '[10, 10, 10, 10, 10, 10]', '[5, 5, 5, 5, 6, 5]', '[-12, -12, -12, -12, -12, -12]', '[-21, -21, -21, -21, -22, -21]', '[0, 0, 0, 0, 0]', '[0, 0, 0, 0, 0]', 0, 'null', 30, -1, -1, NULL),
(1, 37, 2, -1, 244, 10, '[76, 129, 145, 157, 191, 76]', '[181, 157, 150, 151, 154, 181]', '[11, 9, 12, 12, 11, 11]', '[9, 9, 11, 13, 9, 9]', '[-12, -12, -12, -14, -12, -12]', '[-25, -25, -27, -29, -25, -25]', '[5, 5, 15, 5, 5]', '[0, 0, 4, 0, 4]', 0, NULL, 30, 160, 200000, 'giáp bạc'),
(2, 37, 2, -1, 235, 10, '[27, 46, 129, 192, 95, 181]', '[138, 131, 133, 136, 133, 137]', '[11, 11, 11, 13, 11, 11]', '[8, 10, 12, 15, 10, 8]', '[-13, -13, -12, -15, -13, -12]', '[-24, -25, -28, -31, -26, -24]', '[5, 5, 15, 5, 5]', '[0, 0, 4, 0, 4]', 0, NULL, 30, 160, 200000, 'giáp bạc'),
(3, 37, 2, -1, 235, 10, '[148, 86, 192, 73, 41, 57]', '[117, 105, 124, 105, 105, 105]', '[18, 20, 18, 13, 16, 16]', '[14, 14, 17, 13, 14, 12]', '[-13, -15, -13, -8, -11, -10]', '[-22, -22, -25, -21, -22, -20]', '[5, 5, 15, 5, 5]', '[4, 4, 0, 0, 0]', 0, NULL, 30, 160, 200000, 'giáp bạc'),
(4, 37, 2, -1, 235, 10, '[133, 100, 195, 182, 141, 133]', '[158, 150, 159, 159, 148, 158]', '[11, 11, 11, 13, 11, 11]', '[8, 10, 12, 15, 10, 8]', '[-13, -13, -12, -16, -13, -13]', '[-24, -26, -28, -31, -26, -24]', '[5, 5, 15, 5, 5]', '[0, 0, 4, 0, 4]', 0, NULL, 30, 160, 200000, 'giáp bạc'),
(5, 37, 0, 7, 259, 10, '[63, 100, 81, 128, 63, 63]', '[158, 153, 158, 157, 158, 158]', '[17, 18, 12, 8, 17, 17]', '[12, 8, 17, 18, 12, 12]', '[-20, -22, -16, -12, -21, -21]', '[-30, -31, -37, -41, -31, -30]', '[5, 15, 5, 5, 5]', '[0, 4, 0, 0, 4]', 0, NULL, 30, 160, 200000, 'súng bạc'),
(6, 37, 2, -1, 241, 10, '[111, 45, 198, 20, 129, 140]', '[150, 165, 158, 155, 150, 149]', '[11, 11, 11, 13, 11, 11]', '[8, 10, 12, 15, 10, 8]', '[-9, -8, -9, -11, -8, -9]', '[-24, -26, -29, -32, -26, -24]', '[5, 5, 15, 5, 5]', '[0, 0, 4, 0, 4]', 0, NULL, 30, 160, 200000, 'giáp bạc'),
(7, 37, 1, -1, 255, 10, '[169, 169, 185, 185, 169, 169]', '[123, 123, 144, 144, 123, 123]', '[23, 23, 23, 23, 23, 23]', '[18, 18, 24, 24, 18, 18]', '[-9, -9, -7, -7, -11, -11]', '[-36, -36, -39, -40, -37, -36]', '[15, 5, 5, 5, 5]', '[4, 0, 0, 4, 0]', 0, NULL, 30, 160, 200000, 'nón bạc'),
(8, 37, 2, -1, 266, 10, '[144, 107, 23, 11, 77, 96]', '[117, 110, 106, 108, 119, 119]', '[10, 11, 11, 12, 11, 7]', '[9, 9, 12, 14, 10, 9]', '[-11, -12, -14, -15, -13, -10]', '[-25, -25, -28, -30, -26, -25]', '[5, 5, 15, 5, 5]', '[0, 0, 4, 0, 4]', 0, NULL, 30, 160, 200000, 'giáp bạc'),
(9, 37, 2, -1, 297, 10, '[200, 48, 81, 115, 164, 200]', '[116, 135, 145, 139, 145, 116]', '[10, 10, 11, 12, 11, 10]', '[8, 8, 11, 13, 9, 8]', '[-9, -8, -11, -13, -9, -9]', '[-24, -24, -27, -29, -25, -24]', '[5, 5, 15, 5, 5]', '[0, 0, 4, 0, 4]', 0, NULL, 30, 160, 200000, 'giáp bạc'),
(0, 38, 0, 4, 0, 0, '[80, 80, 80, 80, 80, 80]', '[48, 48, 48, 48, 48, 48]', '[10, 10, 10, 10, 10, 10]', '[9, 9, 9, 9, 9, 9]', '[-13, -13, -13, -13, -13, -13]', '[-33, -33, -33, -33, -33, -33]', '[0, 0, 0, 0, 0]', '[0, 0, 0, 0, 0]', 0, 'null', 30, -1, -1, NULL),
(1, 38, 0, 7, 245, 10, '[169, 52, 103, 87, 169, 169]', '[155, 172, 170, 171, 155, 155]', '[22, 24, 20, 16, 22, 22]', '[20, 16, 22, 24, 20, 20]', '[-22, -25, -18, -17, -22, -22]', '[-35, -35, -42, -47, -35, -34]', '[5, 15, 5, 5, 5]', '[0, 4, 0, 0, 4]', 0, NULL, 30, 160, 200000, 'súng bạc'),
(2, 38, 0, 7, 238, 10, '[168, 5, 186, 155, 168, 168]', '[118, 132, 118, 118, 118, 118]', '[18, 22, 19, 13, 18, 18]', '[19, 13, 18, 22, 19, 19]', '[-18, -20, -15, -16, -18, -18]', '[-36, -33, -39, -42, -36, -35]', '[5, 15, 5, 5, 5]', '[0, 4, 0, 0, 4]', 0, NULL, 30, 160, 200000, 'súng bạc'),
(3, 38, 0, 7, 250, 10, '[97, 16, 16, 16, 80, 80]', '[92, 107, 107, 107, 48, 48]', '[8, 8, 8, 8, 10, 10]', '[8, 8, 8, 8, 9, 9]', '[-16, -20, -15, -10, -7, -7]', '[-15, -24, -32, -36, -22, -22]', '[5, 15, 5, 5, 5]', '[0, 4, 0, 0, 4]', 0, NULL, 30, 160, 200000, 'kiếm bạc'),
(4, 38, 0, 7, 252, 10, '[188, 165, 152, 172, 188, 188]', '[139, 143, 153, 153, 139, 139]', '[20, 23, 20, 10, 20, 20]', '[20, 10, 20, 23, 20, 20]', '[-18, -20, -14, -13, -18, -18]', '[-36, -30, -39, -42, -39, -38]', '[5, 15, 5, 5, 5]', '[0, 4, 0, 0, 4]', 0, NULL, 30, 160, 200000, 'súng bạc'),
(5, 38, 3, -1, 228, 10, '[176, 176, 187, 187, 176, 176]', '[175, 175, 171, 171, 175, 175]', '[11, 11, 9, 9, 11, 11]', '[9, 9, 11, 11, 9, 9]', '[-13, -14, -8, -7, -15, -15]', '[-35, -36, -37, -37, -35, -34]', '[5, 5, 5, 15, 5]', '[4, 4, 0, 0, 0]', 0, NULL, 30, 160, 200000, 'kính bạc'),
(6, 38, 0, 7, 242, 10, '[155, 98, 56, 179, 155, 155]', '[156, 166, 165, 144, 156, 156]', '[24, 31, 21, 19, 24, 24]', '[21, 19, 24, 31, 21, 21]', '[-16, -19, -14, -7, -15, -15]', '[-36, -40, -41, -46, -38, -37]', '[5, 15, 5, 5, 5]', '[0, 4, 0, 0, 4]', 0, NULL, 30, 160, 200000, 'súng bạc'),
(7, 38, 2, -1, 235, 10, '[103, 27, 91, 79, 113, 175]', '[138, 121, 138, 138, 137, 141]', '[10, 10, 12, 12, 11, 10]', '[9, 9, 11, 14, 9, 10]', '[-5, -5, -8, -10, -7, -7]', '[-17, -17, -19, -22, -17, -18]', '[5, 5, 15, 5, 5]', '[0, 0, 4, 0, 4]', 0, NULL, 30, 160, 200000, 'giáp bạc'),
(8, 38, 0, 7, 306, 10, '[163, 154, 176, 173, 80, 80]', '[117, 117, 109, 119, 48, 48]', '[10, 9, 10, 13, 10, 10]', '[10, 13, 10, 9, 9, 9]', '[-19, -20, -21, -18, -12, -11]', '[-25, -29, -37, -39, -36, -35]', '[5, 15, 5, 5, 5]', '[0, 4, 0, 0, 4]', 0, NULL, 30, 160, 200000, 'súng bạc'),
(9, 38, 0, 0, 264, 10, '[48, 175, 191, 201, 48, 48]', '[143, 148, 141, 31, 143, 143]', '[13, 16, 13, 7, 13, 13]', '[13, 7, 13, 16, 13, 13]', '[-13, -13, -17, -13, -13, -13]', '[-31, -29, -36, -44, -32, -31]', '[5, 15, 5, 5, 5]', '[0, 4, 0, 0, 4]', 0, NULL, 30, 160, 200000, 'súng bạc'),
(0, 39, 1, -1, 256, 0, '[59, 59, 154, 154, 59, 59]', '[111, 111, 111, 111, 111, 111]', '[14, 14, 16, 16, 14, 14]', '[16, 16, 14, 14, 16, 16]', '[-14, -13, -8, -9, -13, -13]', '[-39, -39, -36, -36, -40, -39]', '[0, 0, 0, 0, 0]', '[5, 5, 5, 5, 5]', 0, 'null', 30, -1, -1, NULL),
(1, 39, 3, -1, 76, 10, '[169, 169, 138, 138, 169, 169]', '[151, 151, 157, 157, 151, 151]', '[8, 8, 6, 6, 8, 8]', '[4, 4, 5, 5, 4, 4]', '[-13, -12, -10, -9, -12, -12]', '[-29, -29, -31, -33, -30, -29]', '[5, 5, 5, 15, 5]', '[4, 4, 0, 0, 0]', 0, NULL, 30, 160, 200000, 'kính bạc'),
(2, 39, 3, -1, 218, 10, '[173, 173, 155, 155, 173, 173]', '[137, 137, 140, 140, 137, 137]', '[8, 8, 6, 6, 8, 8]', '[4, 4, 5, 5, 4, 4]', '[-13, -12, -8, -8, -12, -12]', '[-29, -30, -33, -33, -31, -30]', '[5, 5, 5, 15, 5]', '[4, 4, 0, 0, 0]', 0, NULL, 30, 160, 200000, 'kính bạc'),
(3, 39, 3, -1, 248, 10, '[136, 136, 136, 136, 136, 136]', '[114, 114, 114, 114, 114, 114]', '[12, 12, 12, 12, 12, 12]', '[12, 12, 12, 12, 12, 12]', '[-6, -8, -7, -6, -7, -6]', '[-20, -20, -20, -20, -20, -20]', '[5, 5, 5, 15, 5]', '[4, 4, 0, 0, 0]', 0, NULL, 30, 160, 200000, 'khiên bạc'),
(4, 39, 3, -1, 145, 10, '[142, 142, 118, 118, 142, 142]', '[114, 114, 117, 117, 114, 114]', '[7, 7, 7, 7, 7, 7]', '[4, 4, 6, 6, 4, 4]', '[-13, -12, -8, -8, -12, -12]', '[-30, -30, -32, -33, -31, -30]', '[5, 5, 5, 15, 5]', '[4, 4, 0, 0, 0]', 0, NULL, 30, 160, 200000, 'kính bạc'),
(5, 39, 4, -1, 261, 10, '[154, 154, 154, 154, 154, 154]', '[172, 172, 172, 172, 172, 172]', '[7, 7, 7, 7, 7, 7]', '[13, 13, 13, 13, 13, 13]', '[-1, -1, 0, 1, -3, -2]', '[-34, -34, -30, -30, -33, -33]', '[5, 5, 5, 5, 15]', '[0, 0, 4, 4, 0]', 0, NULL, 30, 160, 200000, 'cánh bạc'),
(6, 39, 4, -1, 240, 10, '[198, 198, 151, 151, 198, 198]', '[144, 144, 149, 149, 144, 144]', '[8, 8, 14, 14, 8, 8]', '[14, 14, 7, 7, 14, 14]', '[0, 2, -1, -3, 0, 0]', '[-33, -34, -23, -23, -33, -32]', '[5, 5, 5, 5, 15]', '[0, 0, 4, 4, 0]', 0, NULL, 30, 160, 200000, 'cánh bạc'),
(7, 39, 0, 7, 256, 10, '[192, 192, 142, 155, 192, 192]', '[126, 126, 130, 141, 126, 126]', '[18, 18, 13, 20, 18, 18]', '[18, 18, 20, 13, 18, 18]', '[-13, -15, -17, -15, -17, -18]', '[-29, -31, -34, -39, -30, -28]', '[5, 15, 5, 5, 5]', '[0, 4, 0, 0, 4]', 0, NULL, 30, 160, 200000, 'súng bạc'),
(8, 39, 3, -1, 268, 10, '[203, 203, 88, 88, 88, 88]', '[31, 31, 119, 119, 119, 119]', '[8, 8, 8, 8, 8, 8]', '[9, 9, 9, 9, 9, 9]', '[-3, -3, -4, -6, -3, -3]', '[-28, -28, -27, -24, -29, -28]', '[5, 5, 5, 5, 15]', '[0, 0, 4, 4, 0]', 0, NULL, 30, 160, 200000, 'cánh bạc'),
(9, 39, 3, -1, 145, 10, '[165, 165, 201, 201, 165, 165]', '[98, 98, 111, 111, 98, 98]', '[8, 8, 6, 6, 8, 8]', '[4, 4, 5, 5, 4, 4]', '[-9, -8, -9, -9, -9, -9]', '[-30, -30, -32, -33, -31, -30]', '[5, 5, 5, 15, 5]', '[4, 4, 0, 0, 0]', 0, NULL, 30, 160, 200000, 'kính bạc'),
(0, 40, 2, -1, 0, 0, '[99, 34, 109, 45, 63, 109]', '[131, 114, 118, 114, 127, 130]', '[10, 11, 13, 14, 10, 10]', '[9, 10, 12, 15, 10, 9]', '[-12, -12, -11, -13, -11, -11]', '[-25, -26, -28, -31, -26, -25]', '[0, 0, 0, 0, 0]', '[0, 0, 0, 0, 0]', 0, 'null', 30, -1, -1, NULL),
(1, 40, 4, -1, 263, 10, '[123, 123, 123, 123, 123, 123]', '[157, 157, 167, 167, 157, 157]', '[6, 6, 7, 7, 6, 6]', '[10, 10, 8, 8, 10, 10]', '[-2, -3, -4, -7, -2, -2]', '[-28, -28, -25, -26, -29, -28]', '[5, 5, 5, 5, 15]', '[0, 0, 4, 4, 0]', 0, NULL, 30, 160, 200000, 'balo bạc'),
(2, 40, 4, -1, 263, 10, '[172, 172, 161, 161, 172, 172]', '[79, 79, 140, 140, 79, 79]', '[6, 6, 7, 7, 6, 6]', '[10, 10, 8, 8, 10, 10]', '[-3, -2, -2, -4, -3, -3]', '[-27, -25, -25, -25, -28, -27]', '[5, 5, 5, 5, 15]', '[0, 0, 4, 4, 0]', 0, NULL, 30, 160, 200000, 'balo bạc'),
(3, 40, 4, -1, 249, 10, '[179, 198, 124, 124, 0, 179]', '[124, 104, 109, 109, 100, 124]', '[13, 13, 9, 9, 11, 13]', '[18, 18, 12, 12, 18, 18]', '[1, 0, 3, 4, 1, 0]', '[-28, -31, -21, -20, -27, -28]', '[5, 5, 5, 5, 15]', '[0, 0, 4, 4, 0]', 0, NULL, 30, 160, 200000, 'balo bạc'),
(4, 40, 4, -1, 253, 10, '[145, 145, 99, 99, 145, 145]', '[158, 158, 123, 123, 158, 158]', '[7, 7, 8, 8, 7, 7]', '[11, 11, 10, 10, 11, 11]', '[-4, -4, -3, -5, -4, -4]', '[-28, -27, -25, -24, -29, -28]', '[5, 5, 5, 5, 15]', '[0, 0, 4, 4, 0]', 0, NULL, 30, 160, 200000, 'balo bạc'),
(5, 40, 1, -1, 294, 50, '[76, 76, 137, 137, 76, 76]', '[179, 179, 180, 180, 179, 179]', '[18, 18, 17, 17, 18, 18]', '[17, 17, 18, 18, 17, 17]', '[-15, -14, -9, -5, -15, -15]', '[-43, -44, -38, -39, -44, -43]', '[15, 15, 15, 15, 15]', '[8, 8, 8, 8, 8]', 0, NULL, 30, 400, -1, 'nón vàng'),
(6, 40, 3, -1, 269, 10, '[80, 80, 80, 80, 80, 80]', '[48, 48, 48, 48, 48, 48]', '[10, 10, 10, 10, 10, 10]', '[9, 9, 9, 9, 9, 9]', '[-7, -7, -1, -2, -7, -6]', '[-35, -36, -35, -34, -35, -35]', '[5, 5, 5, 15, 5]', '[4, 4, 0, 0, 0]', 0, NULL, 30, 160, 200000, 'giày bạc'),
(7, 40, 3, -1, 126, 10, '[131, 131, 50, 50, 131, 131]', '[130, 130, 100, 100, 130, 130]', '[8, 8, 6, 6, 8, 8]', '[4, 4, 5, 5, 4, 4]', '[-4, -4, -5, -6, -7, -7]', '[-22, -22, -24, -25, -23, -22]', '[5, 5, 5, 15, 5]', '[4, 4, 0, 0, 0]', 0, NULL, 30, 160, 200000, 'kính bạc'),
(8, 40, 4, -1, 267, 10, '[80, 80, 80, 80, 80, 80]', '[48, 48, 48, 48, 48, 48]', '[10, 10, 10, 10, 10, 10]', '[9, 9, 9, 9, 9, 9]', '[-11, -11, -8, -9, -11, -11]', '[-36, -35, -36, -35, -37, -35]', '[5, 5, 5, 15, 5]', '[4, 4, 0, 0, 0]', 0, NULL, 30, 160, 200000, 'dao bạc'),
(9, 40, 4, -1, 263, 10, '[201, 201, 201, 201, 201, 201]', '[104, 104, 104, 104, 104, 104]', '[7, 7, 7, 7, 7, 7]', '[7, 7, 7, 7, 7, 7]', '[-1, 1, -2, -4, -1, -1]', '[-25, -25, -24, -26, -26, -25]', '[5, 5, 5, 5, 15]', '[0, 0, 4, 4, 0]', 0, NULL, 30, 160, 200000, 'balo bạc'),
(0, 41, 0, 7, 0, 0, '[0, 40, 21, 172, 0, 0]', '[123, 129, 124, 113, 123, 123]', '[21, 23, 19, 10, 21, 21]', '[19, 10, 21, 23, 19, 19]', '[-21, -22, -15, -9, -20, -20]', '[-37, -31, -40, -43, -38, -37]', '[0, 0, 0, 0, 0]', '[0, 0, 0, 0, 0]', 0, 'null', 30, -1, -1, NULL),
(1, 41, 1, -1, 278, 50, '[130, 130, 156, 156, 130, 130]', '[166, 166, 175, 175, 166, 166]', '[26, 26, 26, 26, 26, 26]', '[20, 20, 21, 21, 20, 20]', '[-18, -17, -12, -12, -17, -17]', '[-43, -43, -40, -41, -43, -42]', '[15, 15, 15, 15, 15]', '[8, 8, 8, 8, 8]', 0, NULL, 30, 400, -1, 'nón vàng'),
(2, 41, 1, -1, 272, 50, '[78, 78, 38, 38, 78, 78]', '[145, 145, 141, 141, 145, 145]', '[17, 17, 15, 15, 17, 17]', '[12, 12, 16, 16, 12, 12]', '[-15, -14, -8, -8, -14, -14]', '[-39, -39, -39, -40, -40, -39]', '[15, 15, 15, 15, 15]', '[8, 8, 8, 8, 8]', 0, NULL, 30, 400, -1, 'nón vàng'),
(3, 41, 1, -1, 282, 50, '[143, 143, 33, 79, 143, 143]', '[131, 131, 124, 119, 131, 131]', '[17, 17, 17, 17, 17, 17]', '[17, 17, 15, 17, 17, 17]', '[-13, -14, -9, -5, -14, -14]', '[-35, -36, -36, -34, -36, -35]', '[15, 15, 15, 15, 15]', '[8, 8, 8, 8, 8]', 0, NULL, 30, 400, -1, 'nón vàng'),
(4, 41, 1, -1, 290, 50, '[70, 70, 52, 52, 70, 70]', '[154, 154, 152, 152, 154, 154]', '[17, 17, 18, 18, 17, 17]', '[14, 14, 16, 16, 14, 14]', '[-14, -13, -9, -10, -13, -13]', '[-41, -41, -38, -39, -42, -41]', '[15, 15, 15, 15, 15]', '[8, 8, 8, 8, 8]', 0, NULL, 30, 400, -1, 'nón vàng'),
(5, 41, 2, -1, 296, 50, '[46, 94, 59, 3, 173, 192]', '[189, 179, 189, 183, 184, 182]', '[13, 16, 17, 19, 19, 15]', '[15, 15, 15, 16, 16, 15]', '[-13, -16, -13, -12, -16, -14]', '[-31, -31, -31, -32, -32, -31]', '[15, 15, 15, 15, 15]', '[8, 8, 8, 8, 8]', 0, NULL, 30, 400, -1, 'giáp vàng'),
(6, 41, 1, -1, 274, 50, '[20, 20, 181, 181, 20, 20]', '[185, 185, 175, 175, 185, 185]', '[17, 17, 18, 18, 17, 17]', '[19, 19, 17, 17, 19, 19]', '[-12, -11, -3, -3, -11, -11]', '[-43, -43, -37, -38, -44, -43]', '[15, 15, 15, 15, 15]', '[8, 8, 8, 8, 8]', 0, NULL, 30, 400, -1, 'nón vàng'),
(7, 41, 4, -1, 257, 10, '[80, 80, 80, 80, 80, 80]', '[48, 48, 48, 48, 48, 48]', '[10, 10, 10, 10, 10, 10]', '[9, 9, 9, 9, 9, 9]', '[-3, -2, -4, -5, -4, -5]', '[-28, -27, -28, -28, -27, -29]', '[5, 5, 5, 5, 15]', '[0, 0, 4, 4, 0]', 0, NULL, 30, 160, 200000, 'dao bạc'),
(8, 41, 1, -1, 301, 50, '[20, 20, 0, 41, 20, 20]', '[129, 129, 122, 132, 129, 129]', '[21, 21, 20, 23, 21, 21]', '[24, 24, 24, 22, 24, 24]', '[-15, -14, -10, -8, -14, -14]', '[-44, -44, -44, -39, -45, -44]', '[15, 15, 15, 15, 15]', '[8, 8, 8, 8, 8]', 0, NULL, 30, 400, -1, 'nón vàng'),
(9, 41, 1, -1, 298, 50, '[48, 48, 71, 71, 48, 48]', '[156, 156, 156, 156, 156, 156]', '[23, 23, 25, 25, 23, 23]', '[24, 24, 25, 25, 24, 24]', '[-14, -12, -10, -10, -14, -14]', '[-43, -43, -41, -42, -44, -43]', '[15, 15, 15, 15, 15]', '[8, 8, 8, 8, 8]', 0, NULL, 30, 400, -1, 'nón vàng'),
(0, 42, 1, -1, 233, 10, '[120, 120, 24, 24, 120, 120]', '[135, 135, 145, 145, 135, 135]', '[17, 17, 16, 16, 17, 17]', '[15, 15, 15, 15, 15, 15]', '[-15, -14, -9, -10, -14, -14]', '[-40, -40, -39, -39, -41, -40]', '[15, 5, 5, 5, 5]', '[4, 0, 0, 4, 0]', 0, NULL, 30, 160, 200000, 'nón bạc'),
(1, 42, 2, -1, 279, 50, '[129, 191, 197, 197, 197, 197]', '[186, 163, 60, 47, 38, 71]', '[11, 9, 12, 12, 11, 11]', '[9, 9, 11, 13, 9, 9]', '[-12, -11, -11, -14, -11, -11]', '[-25, -25, -27, -29, -25, -25]', '[15, 15, 15, 15, 15]', '[8, 8, 8, 8, 8]', 0, NULL, 30, 400, -1, 'giáp vàng'),
(2, 42, 2, -1, 292, 50, '[118, 27, 120, 65, 149, 118]', '[137, 146, 145, 139, 149, 137]', '[11, 11, 11, 13, 11, 11]', '[8, 10, 12, 15, 10, 8]', '[-13, -13, -11, -12, -12, -12]', '[-24, -26, -28, -31, -26, -24]', '[15, 15, 15, 15, 15]', '[8, 8, 8, 8, 8]', 0, NULL, 30, 400, -1, 'giáp vàng'),
(3, 42, 2, -1, 292, 50, '[61, 112, 179, 12, 17, 96]', '[118, 122, 142, 138, 124, 123]', '[18, 20, 18, 13, 16, 16]', '[14, 14, 17, 13, 14, 12]', '[-13, -15, -14, -8, -11, -10]', '[-22, -22, -25, -21, -22, -20]', '[15, 15, 15, 15, 15]', '[8, 8, 8, 8, 8]', 0, NULL, 30, 400, -1, 'giáp vàng'),
(4, 42, 2, -1, 292, 50, '[73, 52, 73, 11, 0, 4]', '[168, 168, 176, 162, 162, 154]', '[11, 11, 11, 13, 11, 11]', '[8, 10, 12, 15, 10, 8]', '[-13, -12, -11, -12, -12, -12]', '[-24, -26, -28, -31, -26, -24]', '[15, 15, 15, 15, 15]', '[8, 8, 8, 8, 8]', 0, NULL, 30, 400, -1, 'giáp vàng'),
(5, 42, 0, 8, 295, 50, '[110, 136, 161, 127, 110, 110]', '[177, 172, 175, 177, 177, 177]', '[17, 18, 12, 8, 17, 17]', '[12, 8, 17, 18, 12, 12]', '[-22, -25, -17, -11, -21, -21]', '[-30, -31, -43, -44, -30, -29]', '[15, 15, 15, 15, 15]', '[8, 8, 8, 8, 8]', 0, NULL, 30, 400, -1, 'súng vàng'),
(6, 42, 2, -1, 276, 50, '[94, 21, 37, 32, 45, 63]', '[185, 170, 185, 170, 175, 137]', '[11, 11, 11, 13, 11, 11]', '[8, 10, 12, 15, 10, 8]', '[-9, -8, -8, -9, -8, -8]', '[-24, -26, -28, -31, -26, -24]', '[15, 15, 15, 15, 15]', '[8, 8, 8, 8, 0]', 0, NULL, 30, 400, -1, 'giáp vàng'),
(7, 42, 1, -1, 290, 50, '[12, 12, 35, 35, 12, 12]', '[144, 144, 144, 144, 144, 144]', '[23, 23, 23, 23, 23, 23]', '[18, 18, 24, 24, 18, 18]', '[-8, -8, -7, -8, -11, -11]', '[-36, -36, -39, -40, -37, -36]', '[15, 15, 15, 15, 15]', '[8, 8, 8, 8, 8]', 0, NULL, 30, 400, -1, 'nón vàng'),
(8, 42, 2, -1, 292, 50, '[146, 117, 163, 105, 156, 135]', '[130, 119, 128, 119, 131, 127]', '[10, 11, 11, 12, 7, 11]', '[9, 9, 12, 14, 9, 10]', '[-10, -11, -11, -13, -9, -12]', '[-25, -25, -28, -30, -25, -26]', '[15, 15, 15, 15, 15]', '[8, 8, 8, 8, 8]', 0, NULL, 30, 400, -1, 'giáp vàng'),
(9, 42, 2, -1, 292, 50, '[135, 38, 134, 152, 109, 120]', '[146, 166, 154, 146, 159, 159]', '[10, 10, 11, 12, 11, 10]', '[8, 8, 11, 13, 9, 8]', '[-8, -7, -11, -11, -8, -8]', '[-24, -24, -27, -29, -25, -24]', '[15, 15, 15, 15, 15]', '[8, 8, 8, 8, 8]', 0, NULL, 30, 400, -1, 'giáp vàng'),
(0, 43, 2, -1, 235, 10, '[104, 197, 93, 80, 180, 186]', '[140, 134, 140, 139, 156, 134]', '[11, 11, 11, 13, 11, 11]', '[8, 10, 12, 15, 10, 8]', '[-13, -12, -11, -14, -12, -12]', '[-24, -26, -28, -31, -26, -24]', '[5, 5, 15, 5, 5]', '[0, 0, 4, 0, 4]', 0, NULL, 30, 160, 200000, 'giáp bạc'),
(1, 43, 0, 8, 281, 50, '[180, 156, 182, 140, 180, 180]', '[197, 196, 175, 186, 197, 197]', '[22, 24, 20, 16, 22, 22]', '[20, 16, 22, 24, 20, 20]', '[-22, -25, -19, -15, -22, -22]', '[-35, -35, -43, -48, -36, -35]', '[15, 15, 15, 15, 15]', '[8, 8, 8, 8, 8]', 0, NULL, 30, 400, -1, 'súng vàng'),
(2, 43, 0, 8, 288, 50, '[131, 95, 160, 179, 131, 131]', '[149, 143, 148, 145, 149, 149]', '[18, 22, 19, 13, 18, 18]', '[19, 13, 18, 22, 19, 19]', '[-21, -22, -16, -13, -20, -20]', '[-36, -35, -38, -42, -36, -35]', '[15, 15, 15, 15, 15]', '[8, 8, 8, 8, 8]', 0, NULL, 30, 400, -1, 'súng vàng'),
(3, 43, 0, 8, 286, 50, '[37, 45, 45, 45, 80, 80]', '[139, 139, 139, 139, 48, 48]', '[8, 8, 8, 8, 10, 10]', '[8, 8, 8, 8, 9, 9]', '[-17, -20, -17, -12, -9, -10]', '[-15, -23, -31, -35, -17, -28]', '[15, 15, 15, 15, 15]', '[8, 8, 8, 8, 8]', 0, NULL, 30, 400, -1, 'kiếm vàng'),
(4, 43, 0, 8, 288, 50, '[32, 89, 32, 63, 32, 32]', '[168, 160, 148, 168, 168, 168]', '[20, 23, 20, 10, 20, 20]', '[20, 10, 20, 23, 20, 20]', '[-20, -22, -16, -10, -19, -19]', '[-37, -34, -41, -47, -38, -37]', '[15, 15, 15, 15, 15]', '[8, 8, 8, 8, 8]', 0, NULL, 30, 400, -1, 'súng vàng'),
(5, 43, 4, -1, 297, 50, '[38, 38, 38, 38, 38, 38]', '[180, 180, 180, 180, 180, 180]', '[7, 7, 7, 7, 7, 7]', '[13, 13, 13, 13, 13, 13]', '[-2, -1, 2, 4, -1, -1]', '[-34, -35, -32, -33, -35, -34]', '[15, 15, 15, 15, 15]', '[8, 8, 8, 8, 8]', 0, NULL, 30, 400, -1, 'balo vàng'),
(6, 43, 0, 8, 277, 50, '[105, 129, 160, 1, 105, 105]', '[185, 177, 177, 164, 185, 185]', '[24, 31, 21, 19, 24, 24]', '[21, 19, 24, 31, 21, 21]', '[-16, -19, -13, -8, -15, -15]', '[-37, -40, -40, -47, -38, -36]', '[15, 15, 15, 15, 15]', '[8, 8, 8, 8, 8]', 0, NULL, 30, 400, -1, 'súng vàng'),
(7, 43, 2, -1, 292, 50, '[142, 175, 99, 163, 142, 153]', '[150, 151, 149, 154, 159, 154]', '[10, 10, 12, 12, 11, 10]', '[9, 9, 11, 13, 9, 10]', '[-4, -5, -7, -10, -7, -6]', '[-17, -17, -19, -21, -17, -18]', '[15, 15, 15, 15, 15]', '[8, 8, 8, 8, 8]', 0, NULL, 30, 400, -1, 'giáp vàng'),
(8, 43, 0, 8, 306, 50, '[64, 91, 125, 77, 80, 80]', '[132, 128, 128, 129, 48, 48]', '[10, 9, 10, 13, 10, 10]', '[10, 13, 10, 9, 9, 9]', '[-18, -19, -18, -15, -11, -11]', '[-25, -29, -38, -41, -37, -34]', '[15, 15, 15, 15, 15]', '[8, 8, 8, 8, 8]', 0, NULL, 30, 400, -1, 'búa vàng'),
(9, 43, 0, 8, 300, 50, '[18, 109, 96, 145, 18, 18]', '[167, 152, 153, 146, 167, 167]', '[13, 16, 13, 7, 13, 13]', '[13, 7, 13, 16, 13, 13]', '[-13, -14, -15, -9, -14, -14]', '[-32, -28, -35, -44, -32, -30]', '[15, 15, 15, 15, 15]', '[8, 8, 8, 8, 8]', 0, NULL, 30, 400, -1, 'súng vàng'),
(0, 44, 0, 7, 238, 10, '[59, 163, 40, 153, 59, 59]', '[139, 136, 139, 125, 139, 139]', '[21, 23, 19, 10, 21, 21]', '[19, 10, 21, 23, 19, 19]', '[-21, -21, -15, -10, -20, -20]', '[-38, -32, -41, -47, -38, -37]', '[5, 15, 5, 5, 5]', '[0, 4, 0, 0, 4]', 0, NULL, 30, 160, 200000, 'súng bạc'),
(1, 44, 4, -1, 299, 50, '[197, 197, 197, 197, 197, 197]', '[80, 80, 90, 90, 80, 80]', '[6, 6, 7, 7, 6, 6]', '[10, 10, 8, 8, 10, 10]', '[-3, -2, -3, -4, -2, -2]', '[-28, -28, -26, -26, -29, -28]', '[15, 15, 15, 15, 15]', '[8, 8, 8, 8, 8]', 0, NULL, 30, 400, -1, 'balo vàng'),
(2, 44, 4, -1, 299, 50, '[21, 21, 14, 14, 21, 21]', '[145, 145, 145, 145, 145, 145]', '[6, 6, 7, 7, 6, 6]', '[10, 10, 8, 8, 10, 10]', '[-3, -2, -2, -2, -3, -3]', '[-28, -28, -26, -27, -29, -28]', '[15, 15, 15, 15, 15]', '[8, 8, 8, 8, 8]', 0, NULL, 30, 400, -1, 'balo vàng'),
(3, 44, 4, -1, 285, 50, '[166, 0, 132, 53, 197, 166]', '[139, 133, 126, 137, 141, 139]', '[13, 12, 11, 9, 13, 13]', '[18, 18, 18, 12, 18, 18]', '[1, 1, 3, 5, 0, 0]', '[-27, -28, -27, -20, -30, -28]', '[15, 15, 15, 15, 15]', '[8, 8, 8, 8, 8]', 0, NULL, 30, 400, -1, 'balo vàng'),
(4, 44, 4, -1, 289, 50, '[25, 25, 24, 24, 25, 25]', '[172, 172, 162, 162, 172, 172]', '[7, 7, 8, 8, 7, 7]', '[11, 11, 10, 10, 11, 11]', '[-4, -3, -2, -2, -4, -4]', '[-30, -30, -26, -27, -30, -29]', '[15, 15, 15, 15, 15]', '[8, 8, 8, 8, 8]', 0, NULL, 30, 400, -1, 'balo vàng'),
(5, 44, 3, -1, 169, 50, '[27, 27, 196, 196, 27, 27]', '[180, 180, 171, 171, 180, 180]', '[11, 11, 9, 9, 11, 11]', '[9, 9, 11, 11, 9, 9]', '[-14, -13, -9, -5, -14, -14]', '[-36, -37, -37, -39, -37, -36]', '[15, 15, 15, 15, 15]', '[8, 8, 8, 8, 8]', 0, NULL, 30, 400, -1, 'kính vàng'),
(6, 44, 4, -1, 275, 50, '[129, 129, 111, 111, 129, 129]', '[160, 160, 158, 158, 160, 160]', '[8, 8, 14, 14, 8, 8]', '[14, 14, 7, 7, 14, 14]', '[1, 2, 1, 0, 1, 1]', '[-33, -33, -23, -24, -35, -33]', '[15, 15, 15, 15, 15]', '[8, 8, 8, 8, 8]', 0, NULL, 30, 400, -1, 'cánh vàng'),
(7, 44, 0, 8, 291, 50, '[58, 129, 111, 76, 58, 58]', '[144, 154, 154, 153, 144, 144]', '[18, 13, 18, 20, 18, 18]', '[18, 20, 18, 13, 18, 18]', '[-15, -16, -12, -18, -18, -18]', '[-29, -33, -36, -37, -29, -28]', '[15, 15, 15, 15, 15]', '[8, 8, 8, 8, 8]', 0, NULL, 30, 400, -1, 'súng vàng'),
(8, 44, 4, -1, 304, 50, '[23, 23, 117, 117, 23, 23]', '[118, 118, 128, 128, 118, 118]', '[8, 8, 8, 8, 8, 8]', '[9, 9, 9, 9, 9, 9]', '[-2, -1, -1, -3, -2, -2]', '[-27, -27, -25, -24, -28, -27]', '[15, 15, 15, 15, 15]', '[8, 8, 8, 8, 8]', 0, NULL, 30, 400, -1, 'cánh vàng'),
(9, 44, 4, -1, 299, 50, '[31, 31, 31, 31, 31, 31]', '[166, 166, 166, 166, 166, 166]', '[7, 7, 7, 7, 7, 7]', '[7, 7, 7, 7, 7, 7]', '[0, 1, -1, -2, 0, 0]', '[-26, -25, -25, -25, -26, -25]', '[15, 15, 15, 15, 15]', '[8, 8, 8, 8, 8]', 0, NULL, 30, 400, -1, 'balo vàng'),
(0, 45, 3, -1, 218, 10, '[104, 104, 137, 137, 104, 104]', '[148, 148, 135, 135, 148, 148]', '[7, 7, 6, 6, 7, 7]', '[4, 4, 6, 6, 4, 4]', '[-13, -12, -7, -9, -11, -11]', '[-30, -30, -33, -33, -31, -30]', '[5, 5, 5, 15, 5]', '[4, 4, 0, 0, 0]', 0, NULL, 30, 160, 200000, 'kính bạc'),
(1, 45, 3, -1, 108, 50, '[161, 161, 163, 163, 161, 161]', '[169, 169, 164, 164, 169, 169]', '[8, 8, 6, 6, 8, 8]', '[4, 4, 5, 5, 4, 4]', '[-13, -12, -9, -8, -12, -12]', '[-29, -29, -32, -33, -30, -29]', '[15, 15, 15, 15, 15]', '[8, 8, 8, 8, 8]', 0, NULL, 30, 400, -1, 'kính vàng'),
(2, 45, 3, -1, 93, 50, '[6, 6, 59, 59, 6, 6]', '[145, 145, 139, 139, 145, 145]', '[8, 8, 6, 6, 8, 8]', '[4, 4, 6, 6, 4, 4]', '[-12, -11, -8, -8, -11, -11]', '[-29, -29, -32, -33, -30, -29]', '[15, 15, 15, 15, 15]', '[8, 8, 8, 8, 8]', 0, NULL, 30, 400, -1, 'kính vàng'),
(3, 45, 3, -1, 284, 50, '[25, 25, 25, 25, 25, 25]', '[139, 139, 139, 139, 139, 139]', '[12, 12, 12, 12, 12, 12]', '[12, 12, 12, 12, 12, 12]', '[-8, -9, -8, -6, -8, -6]', '[-20, -20, -20, -20, -20, -20]', '[15, 15, 15, 15, 15]', '[8, 8, 8, 8, 8]', 0, NULL, 30, 400, -1, 'khiên vàng'),
(4, 45, 3, -1, 93, 50, '[54, 54, 92, 92, 54, 54]', '[91, 91, 150, 150, 91, 91]', '[8, 8, 6, 6, 8, 8]', '[4, 4, 6, 6, 4, 4]', '[-13, -12, -7, -7, -11, -11]', '[-30, -30, -32, -33, -31, -30]', '[15, 15, 15, 15, 15]', '[8, 8, 8, 8, 8]', 0, NULL, 30, 400, -1, 'kính vàng'),
(6, 45, 3, -1, 305, 50, '[80, 80, 80, 80, 80, 80]', '[48, 48, 48, 48, 48, 48]', '[10, 10, 10, 10, 10, 10]', '[9, 9, 9, 9, 9, 9]', '[-7, -6, -1, -2, -7, -6]', '[-35, -25, -34, -35, -36, -36]', '[15, 15, 15, 15, 15]', '[8, 8, 8, 8, 8]', 0, NULL, 30, 400, -1, 'giày vàng'),
(7, 45, 4, -1, 293, 50, '[80, 80, 80, 80, 80, 80]', '[48, 48, 48, 48, 48, 48]', '[10, 10, 10, 10, 10, 10]', '[9, 9, 9, 9, 9, 9]', '[-3, -3, -4, -4, -4, -4]', '[-27, -27, -27, -26, -28, -27]', '[15, 15, 15, 15, 15]', '[8, 8, 8, 8, 8]', 0, NULL, 30, 400, -1, 'dao vàng'),
(8, 45, 3, -1, 303, 50, '[80, 80, 80, 80, 80, 80]', '[48, 48, 48, 48, 48, 48]', '[10, 10, 10, 10, 10, 10]', '[9, 9, 9, 9, 9, 9]', '[-11, -11, -8, -8, -11, -11]', '[-36, -35, -34, -34, -36, -36]', '[15, 15, 15, 15, 15]', '[8, 8, 8, 8, 8]', 0, NULL, 30, 400, -1, 'dao vàng'),
(9, 45, 3, -1, 108, 50, '[127, 127, 127, 127, 127, 127]', '[146, 146, 150, 150, 146, 146]', '[8, 8, 6, 6, 8, 8]', '[4, 4, 6, 6, 4, 4]', '[-9, -8, -8, -8, -8, -8]', '[-30, -30, -31, -32, -30, -29]', '[15, 15, 15, 15, 15]', '[8, 8, 8, 8, 8]', 0, NULL, 30, 400, -1, 'kính vàng'),
(0, 46, 4, -1, 261, 10, '[137, 137, 143, 143, 137, 137]', '[141, 141, 135, 135, 141, 141]', '[6, 6, 7, 7, 6, 6]', '[9, 9, 7, 7, 9, 9]', '[-4, -3, -2, -3, -3, -3]', '[-27, -28, -25, -24, -29, -28]', '[5, 5, 5, 5, 15]', '[0, 0, 4, 4, 0]', 0, NULL, 30, 160, 200000, 'balo bạc'),
(7, 46, 3, -1, 108, 50, '[91, 91, 118, 118, 91, 91]', '[149, 149, 146, 146, 149, 149]', '[8, 8, 6, 6, 8, 8]', '[4, 4, 6, 6, 4, 4]', '[-4, -4, -6, -7, -6, -6]', '[-21, -21, -24, -25, -22, -21]', '[15, 15, 15, 15, 15]', '[8, 8, 8, 8, 8]', 0, NULL, 30, 400, -1, 'kính vàng'),
(0, 47, 1, -1, 270, 50, '[136, 136, 153, 153, 136, 136]', '[150, 150, 148, 148, 150, 150]', '[17, 17, 16, 16, 17, 17]', '[15, 15, 15, 15, 15, 15]', '[-15, -14, -8, -9, -14, -14]', '[-40, -40, -39, -39, -41, -40]', '[15, 15, 15, 15, 15]', '[8, 8, 8, 8, 8]', 0, NULL, 30, 400, -1, 'nón vàng'),
(0, 48, 2, -1, 292, 50, '[169, 104, 80, 91, 104, 69]', '[156, 152, 159, 154, 162, 158]', '[11, 11, 11, 13, 11, 11]', '[8, 10, 12, 15, 10, 8]', '[-13, -12, -12, -13, -12, -12]', '[-24, -26, -28, -31, -26, -24]', '[15, 15, 15, 15, 15]', '[8, 8, 8, 8, 8]', 0, NULL, 30, 400, -1, 'giáp vàng'),
(0, 49, 0, 8, 273, 50, '[115, 169, 0, 192, 115, 115]', '[150, 146, 142, 144, 150, 150]', '[21, 23, 19, 10, 21, 21]', '[19, 10, 21, 23, 19, 19]', '[-21, -20, -16, -12, -20, -20]', '[-37, -32, -40, -44, -38, -37]', '[15, 15, 15, 15, 15]', '[8, 8, 8, 8, 8]', 0, NULL, 30, 400, -1, 'súng vàng'),
(0, 50, 3, -1, 108, 50, '[163, 163, 80, 80, 163, 163]', '[125, 125, 154, 154, 125, 125]', '[7, 7, 6, 6, 7, 7]', '[4, 4, 6, 6, 4, 4]', '[-13, -12, -7, -8, -12, -12]', '[-29, -29, -32, -33, -31, -30]', '[15, 15, 15, 15, 15]', '[8, 8, 8, 8, 8]', 0, NULL, 30, 400, -1, 'kính vàng'),
(0, 51, 4, -1, 280, 50, '[202, 202, 163, 163, 202, 202]', '[144, 144, 129, 129, 144, 144]', '[6, 6, 7, 7, 6, 6]', '[9, 9, 7, 7, 9, 9]', '[-4, -3, -3, -4, -3, -3]', '[-27, -27, -25, -25, -28, -27]', '[15, 15, 15, 15, 15]', '[8, 8, 8, 8, 8]', 0, NULL, 30, 400, -1, 'balo vàng');

-- --------------------------------------------------------

--
-- Table structure for table `exp`
--

CREATE TABLE `exp` (
  `level` tinyint(3) UNSIGNED NOT NULL,
  `exp` int(11) NOT NULL
) ENGINE=InnoDB DEFAULT CHARSET=utf8 COLLATE=utf8_bin;

--
-- Dumping data for table `exp`
--

INSERT INTO `exp` (`level`, `exp`) VALUES
(1, 1000),
(2, 3000),
(3, 6000),
(4, 10000),
(5, 15000),
(6, 21000),
(7, 28000),
(8, 36000),
(9, 45000),
(10, 55000),
(11, 66000),
(12, 78000),
(13, 91000),
(14, 105000),
(15, 120000),
(16, 136000),
(17, 153000),
(18, 171000),
(19, 190000),
(20, 210000),
(21, 231000),
(22, 253000),
(23, 276000),
(24, 300000),
(25, 325000),
(26, 351000),
(27, 378000),
(28, 406000),
(29, 435000),
(30, 465000),
(31, 496000),
(32, 528000),
(33, 561000),
(34, 595000),
(35, 630000),
(36, 666000),
(37, 703000),
(38, 741000),
(39, 780000),
(40, 820000),
(41, 861000),
(42, 903000),
(43, 946000),
(44, 990000),
(45, 1035000),
(46, 1081000),
(47, 1128000),
(48, 1176000),
(49, 1225000),
(50, 1275000),
(51, 1326000),
(52, 1378000),
(53, 1431000),
(54, 1485000),
(55, 1540000),
(56, 1596000),
(57, 1653000),
(58, 1711000),
(59, 1770000),
(60, 1830000),
(61, 1891000),
(62, 1953000),
(63, 2016000),
(64, 2080000),
(65, 2145000),
(66, 2211000),
(67, 2278000),
(68, 2346000),
(69, 2415000),
(70, 2485000),
(71, 2556000),
(72, 2628000),
(73, 2701000),
(74, 2775000),
(75, 2850000),
(76, 2926000),
(77, 3003000),
(78, 3081000),
(79, 3160000),
(80, 3240000),
(81, 3321000),
(82, 3403000),
(83, 3486000),
(84, 3570000),
(85, 3655000),
(86, 3741000),
(87, 3828000),
(88, 3916000),
(89, 4005000),
(90, 4095000),
(91, 4186000),
(92, 4278000),
(93, 4371000),
(94, 4465000),
(95, 4560000),
(96, 4656000),
(97, 4753000),
(98, 4851000),
(99, 4950000),
(100, 5050000),
(101, 5151000),
(102, 5253000),
(103, 5356000),
(104, 5460000),
(105, 5565000),
(106, 5671000),
(107, 5778000),
(108, 5886000),
(109, 5995000),
(110, 6105000),
(111, 6216000),
(112, 6328000),
(113, 6441000),
(114, 6555000),
(115, 6670000),
(116, 6786000),
(117, 6903000),
(118, 7021000),
(119, 7140000),
(120, 7260000),
(121, 7381000),
(122, 7503000),
(123, 7626000),
(124, 7750000),
(125, 7875000),
(126, 8001000),
(127, 8128000),
(128, 8600000),
(129, 9100000),
(130, 9620000),
(131, 10160000),
(132, 10720000),
(133, 11300000),
(134, 11900000),
(135, 12520000),
(136, 13160000),
(137, 13820000),
(138, 14500000),
(139, 15200000),
(140, 15920000),
(150, 22000000),
(160, 32000000),
(170, 45000000),
(180, 62000000),
(190, 84000000),
(200, 112000000),
(210, 150000000),
(220, 200000000),
(230, 270000000),
(240, 360000000),
(250, 450000000),
(254, 518074000);

-- --------------------------------------------------------

--
-- Table structure for table `glass`
--

CREATE TABLE `glass` (
  `id` tinyint(4) NOT NULL,
  `name` varchar(255) DEFAULT NULL,
  `equipID` longtext CHARACTER SET utf8mb4 COLLATE utf8mb4_bin NOT NULL CHECK (json_valid(`equipID`)),
  `ability` longtext CHARACTER SET utf8mb4 COLLATE utf8mb4_bin NOT NULL CHECK (json_valid(`ability`)),
  `att` smallint(6) NOT NULL,
  `friction` tinyint(4) NOT NULL,
  `angle` smallint(6) NOT NULL,
  `distance` tinyint(4) NOT NULL,
  `bullet` tinyint(4) NOT NULL,
  `xu` int(11) NOT NULL,
  `luong` int(11) NOT NULL
) ENGINE=InnoDB DEFAULT CHARSET=utf8 COLLATE=utf8_bin;

--
-- Dumping data for table `glass`
--

INSERT INTO `glass` (`id`, `name`, `equipID`, `ability`, `att`, `friction`, `angle`, `distance`, `bullet`, `xu`, `luong`) VALUES
(0, 'Gunner', '[2, 0, 1, -1, -1]', '[0, 0, 10, 10, 10]', 280, 80, -45, 28, 1, 0, 0),
(1, 'Miss 6', '[2, 0, 1, -1, -1]', '[0, 0, 10, 10, 10]', 290, 50, -45, 14, 2, 0, 0),
(2, 'Electrician', '[2, 0, 1, -1, -1]', '[0, 0, 10, 10, 10]', 300, 80, -45, 10, 3, 0, 0),
(3, 'King kong', '[0, -1, -1, -1, 1]', '[0, 0, 10, 10, 10]', 420, 40, 30, 10, 4, 40000, 32),
(4, 'Rocketer', '[2, 0, 1, -1, -1]', '[0, 0, 10, 10, 10]', 321, 50, 20, 12, 3, 30000, 24),
(5, 'Granos', '[2, 0, 1, -1, -1]', '[0, 0, 10, 10, 10]', 310, 30, 30, 7, 5, 20000, 16),
(6, 'Chicky', '[2, 0, 1, -1, -1]', '[0, 0, 10, 10, 10]', 450, 20, -45, 23, 2, 100000, 80),
(7, 'Tarzan', '[2, 0, 1, -1, -1]', '[0, 0, 10, 10, 10]', 340, 10, 1, 30, 1, 50000, 40),
(8, 'Apache', '[2, 1, 0, -1, -1]', '[0, 0, 10, 10, 10]', 431, 30, -45, 11, 4, 70000, 64),
(9, 'Magenta', '[2, 0, 1, -1, -1]', '[0, 0, 10, 10, 10]', 410, 40, 20, 35, 1, 120000, 96);

-- --------------------------------------------------------

--
-- Table structure for table `item`
--

CREATE TABLE `item` (
  `id` tinyint(4) NOT NULL,
  `name` varchar(255) NOT NULL,
  `xu` int(11) NOT NULL,
  `luong` int(11) NOT NULL,
  `carryable` int(11) NOT NULL
) ENGINE=InnoDB DEFAULT CHARSET=utf8 COLLATE=utf8_bin;

--
-- Dumping data for table `item`
--

INSERT INTO `item` (`id`, `name`, `xu`, `luong`, `carryable`) VALUES
(0, 'HP', 0, -1, 2),
(1, 'Teleport', 0, -1, 2),
(2, 'Bắn x2', 200, -1, 1),
(3, 'Di chuyển x2', 70, -1, 1),
(4, 'Tàng hình', 100, -1, 1),
(5, 'Ngưng gió', 100, -1, 1),
(6, 'Bom phá đất', 200, -1, 1),
(7, 'Lựu đạn', 200, -1, 1),
(8, 'Bom hủy diệt', 500, -1, 1),
(9, 'Tơ nhện', 200, -1, 1),
(10, 'HP đồng đội', 700, -1, 1),
(11, 'Đạn trái phá', 500, -1, 1),
(12, 'Túi đựng item 1', 100, -1, 0),
(13, 'Túi đựng item 2', 200, -1, 0),
(14, 'Túi đựng item 3', 300, -1, 0),
(15, 'Túi đựng item 4', 400, -1, 0),
(16, 'Đạn lazer', 500, -1, 1),
(17, 'Vòi rồng', 200, -1, 1),
(18, 'Chuột gắn bom', 400, -1, 1),
(19, 'Tên lửa', 300, -1, 1),
(20, 'Đạn xuyên đất', 300, -1, 1),
(21, 'Sao băng', 400, -1, 1),
(22, 'Mưa đạn', 500, -1, 1),
(23, 'Khoang đất', 150, -1, 1),
(24, 'Tự sát', 600, -1, 1),
(25, 'Bom mù', 600, -1, 1),
(26, 'Khoang đất 2', 500, -1, 1),
(27, 'UFO', 500, -1, 1),
(28, 'Đóng băng', 300, -1, 1),
(29, 'Khói độc', 700, -1, 1),
(30, 'Tơ nhện 2', 600, -1, 1),
(31, 'Bom hẹn giờ', 400, -1, 1),
(32, 'HP 50%', 500, -1, 1),
(33, 'HP 100%', 1000, -1, 1),
(34, 'Vô hinh', 500, -1, 1),
(35, 'Ma cà rồng', 800, -1, 1);

-- --------------------------------------------------------

--
-- Table structure for table `linhtinh`
--

CREATE TABLE `linhtinh` (
  `id` tinyint(4) NOT NULL,
  `name` varchar(200) NOT NULL,
  `detail` varchar(200) NOT NULL DEFAULT '',
  `ability` varchar(50) NOT NULL DEFAULT '[0,0,0,0,0]',
  `xu` int(11) NOT NULL,
  `luong` smallint(6) NOT NULL DEFAULT -1,
  `date` tinyint(4) NOT NULL
) ENGINE=InnoDB DEFAULT CHARSET=utf8 COLLATE=utf8_bin COMMENT='Do Dac Biet';

--
-- Dumping data for table `linhtinh`
--

INSERT INTO `linhtinh` (`id`, `name`, `detail`, `ability`, `xu`, `luong`, `date`) VALUES
(0, 'Lục bảo ngọc cấp 1', '+1 đồng đội', '[0,0,0,0,1]', 10, -1, 0),
(1, 'Lục bảo ngọc cấp 2', '+3 đồng đội', '[0,0,0,0,3]', 40, -1, 0),
(2, 'Lục bảo ngọc cấp 3', '+5 đồng đội', '[0,0,0,0,5]', 160, -1, 0),
(3, 'Lục bảo ngọc cấp 4', '+7 đồng đội', '[0,0,0,0,7]', 640, -1, 0),
(4, 'Lục bảo ngọc cấp 5', '+9 đồng đội', '[0,0,0,0,9]', 2560, -1, 0),
(5, 'Lục bảo ngọc cấp 6', '+11 đồng đội', '[0,0,0,0,11]', 10240, 9, 0),
(6, 'Lục bảo ngọc cấp 7', '+13 đồng đội', '[0,0,0,0,13]', 40960, 38, 0),
(7, 'Lục bảo ngọc cấp 8', '+15 đồng đội', '[0,0,0,0,15]', 163840, -1, 0),
(8, 'Lục bảo ngọc cấp 9', '+17 đồng đội', '[0,0,0,0,17]', 655360, -1, 0),
(9, 'Lục bảo ngọc cấp 10', '+19 đồng đội', '[0,0,0,0,19]', 2621440, -1, 0),
(10, 'Hồng ngọc cấp 1', '+1 sinh lực', '[1,0,0,0,0]', 10, -1, 0),
(11, 'Hồng ngọc cấp 2', '+3  sinh lực', '[3,0,0,0,0]', 40, -1, 0),
(12, 'Hồng ngọc cấp 3', '+5  sinh lực', '[5,0,0,0,0]', 160, -1, 0),
(13, 'Hồng ngọc cấp 4', '+7  sinh lực', '[7,0,0,0,0]', 640, -1, 0),
(14, 'Hồng ngọc cấp 5', '+9  sinh lực', '[9,0,0,0,0]', 2560, -1, 0),
(15, 'Hồng ngọc cấp 6', '+11 sinh lực', '[11,0,0,0,0]', 10240, 9, 0),
(16, 'Hồng ngọc cấp 7', '+13  sinh lực', '[13,0,0,0,0]', 40960, 38, 0),
(17, 'Hồng ngọc cấp 8', '+15 sinh lực', '[15,0,0,0,0]', 163840, -1, 0),
(18, 'Hồng ngọc cấp 9', '+17 sinh lực', '[17,0,0,0,0]', 655360, -1, 0),
(19, 'Hồng ngọc cấp 10', '+19 sinh lực', '[19,0,0,0,0]', 2621440, -1, 0),
(20, 'Lam ngọc cấp 1', '+1 phòng thủ', '[0,0,1,0,0]', 10, -1, 0),
(21, 'Lam ngọc cấp 2', '+3 phòng thủ', '[0,0,3,0,0]', 40, -1, 0),
(22, 'Lam ngọc cấp 3', '+5 phòng thủ', '[0,0,5,0,0]', 160, -1, 0),
(23, 'Lam ngọc cấp 4', '+7 phòng thủ', '[0,0,7,0,0]', 640, -1, 0),
(24, 'Lam ngọc cấp 5', '+9 phòng thủ', '[0,0,9,0,0]', 2560, -1, 0),
(25, 'Lam ngọc cấp 6', '+11 phòng thủ', '[0,0,11,0,0]', 10240, 9, 0),
(26, 'Lam ngọc cấp 7', '+13 phòng thủ', '[0,0,13,0,0]', 40960, 38, 0),
(27, 'Lam ngọc cấp 8', '+15 phòng thủ', '[0,0,15,0,0]', 163840, -1, 0),
(28, 'Lam ngọc cấp 9', '+17 phòng thủ', '[0,0,17,0,0]', 655360, -1, 0),
(29, 'Lam ngọc cấp 10', '+19 phòng thủ', '[0,0,19,0,0]', 2621440, -1, 0),
(30, 'Hoàng ngọc cấp 1', '+1 may mắn', '[0,0,0,1,0]', 10, -1, 0),
(31, 'Hoàng ngọc cấp 2', '+3 may mắn', '[0,0,0,3,0]', 40, -1, 0),
(32, 'Hoàng ngọc cấp 3', '+5 may mắn', '[0,0,0,5,0]', 160, -1, 0),
(33, 'Hoàng ngọc cấp 4', '+7 may mắn', '[0,0,0,7,0]', 640, -1, 0),
(34, 'Hoàng ngọc cấp 5', '+9 may mắn', '[0,0,0,9,0]', 2560, -1, 0),
(35, 'Hoàng ngọc cấp 6', '+11 may mắn', '[0,0,0,11,0]', 10240, 9, 0),
(36, 'Hoàng ngọc cấp 7', '+13 may mắn', '[0,0,0,13,0]', 40960, 38, 0),
(37, 'Hoàng ngọc cấp 8', '+15 may mắn', '[0,0,0,15,0]', 163840, -1, 0),
(38, 'Hoàng ngọc cấp 9', '+17 may mắn', '[0,0,0,17,0]', 655360, -1, 0),
(39, 'Hoàng ngọc cấp 10', '+19 may mắn', '[0,0,0,19,0]', 2621440, -1, 0),
(40, 'Thạch anh tím cấp 1', '+1 sức mạnh', '[0,1,0,0,0]', 10, -1, 0),
(41, 'Thạch anh tím cấp 2', '+3 sức mạnh', '[0,3,0,0,0]', 40, -1, 0),
(42, 'Thạch anh tím cấp 3', '+5 sức mạnh', '[0,5,0,0,0]', 160, -1, 0),
(43, 'Thạch anh tím cấp 4', '+7 sức mạnh', '[0,7,0,0,0]', 640, -1, 0),
(44, 'Thạch anh tím cấp 5', '+9 sức mạnh', '[0,9,0,0,0]', 2560, -1, 0),
(45, 'Thạch anh tím cấp 6', '+11 sức mạnh', '[0,11,0,0,0]', 10240, 9, 0),
(46, 'Thạch anh tím cấp 7', '+13 sức mạnh', '[0,13,0,0,0]', 40960, 38, 0),
(47, 'Thạch anh tím cấp 8', '+15 sức mạnh', '[0,15,0,0,0]', 163840, -1, 0),
(48, 'Thạch anh tím cấp 9', '+17 sức mạnh', '[0,17,0,0,0]', 655360, -1, 0),
(49, 'Thạch anh tím cấp 10', '+19 sức mạnh', '[0,19,0,0,0]', 2621440, -1, 0),
(50, 'Phục hồi điểm nâng cấp', '', '[0,0,0,0,0]', 60000, 50, 0),
(54, 'Kinh nghiệm x2', 'x2 điểm kinh nghiệm', '[0,0,0,0,0]', 15000, 10, 1),
(57, 'Rèn súng bạc', 'Công thức chế tạo', '[0,0,0,0,0]', 15000, 12, 0),
(58, 'Rèn nón,tóc bạc', 'Công thức chế tạo', '[0,0,0,0,0]', 15000, 12, 0),
(59, 'Rèn giáp bạc', 'Công thức chế tạo', '[0,0,0,0,0]', 15000, 12, 0),
(60, 'Rèn kính bạc', 'Công thức chế tạo', '[0,0,0,0,0]', 15000, 12, 0),
(61, 'Rèn balô,cánh bạc', 'Công thức chế tạo', '[0,0,0,0,0]', 15000, 12, 0),
(62, 'Nhôm', 'Dùng để chế tạo vật phẩm', '[0,0,0,0,0]', 1000, -1, 0),
(63, 'Sắt', 'Dùng để chế tạo vật phẩm', '[0,0,0,0,0]', 1000, -1, 0),
(64, 'Đồng', 'Dùng để chế tạo vật phẩm', '[0,0,0,0,0]', 1000, -1, 0),
(65, 'Bạc', 'Dùng để chế tạo vật phẩm', '[0,0,0,0,0]', 1500, -1, 0),
(66, 'Vàng', 'Dùng để chế tạo vật phẩm', '[0,0,0,0,0]', 2000, -1, 0),
(67, 'Lông vũ', 'Dùng để chế tạo vật phẩm', '[0,0,0,0,0]', 1000, -1, 0),
(68, 'Gỗ', 'Dùng để chế tạo vật phẩm', '[0,0,0,0,0]', 1000, -1, 0),
(69, 'Rèn súng vàng', 'Công thức chế tạo', '[0,0,0,0,0]', 50000, 40, 0),
(70, 'Rèn nón,tóc vàng', 'Công thức chế tạo', '[0,0,0,0,0]', 50000, 40, 0),
(71, 'Rèn giáp vàng', 'Công thức chế tạo', '[0,0,0,0,0]', 50000, 40, 0),
(72, 'Rèn kính vàng', 'Công thức chế tạo', '[0,0,0,0,0]', 50000, 40, 0),
(73, 'Rèn balô,cánh vàng', 'Công thức chế tạo', '[0,0,0,0,0]', 50000, 40, 0);

-- --------------------------------------------------------

--
-- Table structure for table `map`
--

CREATE TABLE `map` (
  `id` tinyint(4) NOT NULL,
  `name` varchar(30) NOT NULL,
  `data` longtext CHARACTER SET utf8mb4 COLLATE utf8mb4_bin NOT NULL CHECK (json_valid(`data`)),
  `file` varchar(100) NOT NULL,
  `bg` smallint(6) NOT NULL DEFAULT 0,
  `mapAddY` smallint(6) NOT NULL DEFAULT 0,
  `bullEffShower` smallint(6) NOT NULL DEFAULT 0,
  `inWaterAddY` smallint(6) NOT NULL DEFAULT 0,
  `cl2AddY` smallint(6) NOT NULL DEFAULT 0
) ENGINE=InnoDB DEFAULT CHARSET=utf8 COLLATE=utf8_bin;

--
-- Dumping data for table `map`
--

INSERT INTO `map` (`id`, `name`, `data`, `file`, `bg`, `mapAddY`, `bullEffShower`, `inWaterAddY`, `cl2AddY`) VALUES
(0, 'Cây cầu băng', '{\"width\": 800, \"bricks\": [{\"x\": 64, \"y\": 507, \"id\": 47}, {\"x\": 81, \"y\": 507, \"id\": 48}, {\"x\": 101, \"y\": 507, \"id\": 48}, {\"x\": 121, \"y\": 507, \"id\": 48}, {\"x\": 141, \"y\": 507, \"id\": 48}, {\"x\": 161, \"y\": 507, \"id\": 48}, {\"x\": 181, \"y\": 507, \"id\": 48}, {\"x\": 201, \"y\": 507, \"id\": 48}, {\"x\": 221, \"y\": 507, \"id\": 48}, {\"x\": 241, \"y\": 507, \"id\": 48}, {\"x\": 261, \"y\": 507, \"id\": 48}, {\"x\": 281, \"y\": 507, \"id\": 48}, {\"x\": 301, \"y\": 507, \"id\": 48}, {\"x\": 321, \"y\": 507, \"id\": 48}, {\"x\": 341, \"y\": 507, \"id\": 48}, {\"x\": 361, \"y\": 507, \"id\": 48}, {\"x\": 381, \"y\": 507, \"id\": 48}, {\"x\": 401, \"y\": 507, \"id\": 48}, {\"x\": 421, \"y\": 507, \"id\": 48}, {\"x\": 441, \"y\": 507, \"id\": 48}, {\"x\": 461, \"y\": 507, \"id\": 48}, {\"x\": 481, \"y\": 507, \"id\": 48}, {\"x\": 501, \"y\": 507, \"id\": 48}, {\"x\": 521, \"y\": 507, \"id\": 48}, {\"x\": 541, \"y\": 507, \"id\": 48}, {\"x\": 561, \"y\": 507, \"id\": 48}, {\"x\": 581, \"y\": 507, \"id\": 48}, {\"x\": 601, \"y\": 507, \"id\": 48}, {\"x\": 621, \"y\": 507, \"id\": 48}, {\"x\": 641, \"y\": 507, \"id\": 48}, {\"x\": 661, \"y\": 507, \"id\": 48}, {\"x\": 681, \"y\": 507, \"id\": 49}, {\"x\": 136, \"y\": 472, \"id\": 54}, {\"x\": 589, \"y\": 472, \"id\": 54}, {\"x\": 239, \"y\": 380, \"id\": 53}, {\"x\": 193, \"y\": 404, \"id\": 50}, {\"x\": 206, \"y\": 404, \"id\": 52}, {\"x\": 225, \"y\": 404, \"id\": 52}, {\"x\": 244, \"y\": 404, \"id\": 52}, {\"x\": 263, \"y\": 404, \"id\": 51}, {\"x\": 332, \"y\": 404, \"id\": 50}, {\"x\": 345, \"y\": 404, \"id\": 52}, {\"x\": 364, \"y\": 404, \"id\": 52}, {\"x\": 383, \"y\": 404, \"id\": 52}, {\"x\": 421, \"y\": 404, \"id\": 51}, {\"x\": 402, \"y\": 404, \"id\": 52}, {\"x\": 399, \"y\": 380, \"id\": 53}, {\"x\": 497, \"y\": 404, \"id\": 50}, {\"x\": 510, \"y\": 404, \"id\": 52}, {\"x\": 529, \"y\": 404, \"id\": 52}, {\"x\": 548, \"y\": 404, \"id\": 52}, {\"x\": 567, \"y\": 404, \"id\": 51}], \"height\": 600, \"points\": [{\"x\": 301, \"y\": 378}, {\"x\": 466, \"y\": 378}, {\"x\": 157, \"y\": 472}, {\"x\": 610, \"y\": 472}, {\"x\": 210, \"y\": 405}, {\"x\": 558, \"y\": 405}, {\"x\": 273, \"y\": 508}, {\"x\": 498, \"y\": 508}]}', '0_caycaubang.map', 7, 0, 0, -10, 0),
(1, 'Khu năng lượng', '{\"width\": 800, \"bricks\": [{\"x\": 95, \"y\": 504, \"id\": 19}, {\"x\": 127, \"y\": 504, \"id\": 21}, {\"x\": 159, \"y\": 504, \"id\": 19}, {\"x\": 191, \"y\": 504, \"id\": 19}, {\"x\": 223, \"y\": 504, \"id\": 19}, {\"x\": 255, \"y\": 504, \"id\": 21}, {\"x\": 96, \"y\": 536, \"id\": 21}, {\"x\": 191, \"y\": 536, \"id\": 21}, {\"x\": 319, \"y\": 536, \"id\": 21}, {\"x\": 447, \"y\": 536, \"id\": 21}, {\"x\": 575, \"y\": 536, \"id\": 21}, {\"x\": 223, \"y\": 537, \"id\": 20}, {\"x\": 255, \"y\": 537, \"id\": 20}, {\"x\": 159, \"y\": 537, \"id\": 20}, {\"x\": 127, \"y\": 537, \"id\": 20}, {\"x\": 287, \"y\": 537, \"id\": 20}, {\"x\": 351, \"y\": 537, \"id\": 20}, {\"x\": 479, \"y\": 537, \"id\": 20}, {\"x\": 383, \"y\": 537, \"id\": 20}, {\"x\": 415, \"y\": 537, \"id\": 20}, {\"x\": 511, \"y\": 537, \"id\": 20}, {\"x\": 543, \"y\": 537, \"id\": 20}, {\"x\": 383, \"y\": 504, \"id\": 21}, {\"x\": 511, \"y\": 504, \"id\": 21}, {\"x\": 575, \"y\": 504, \"id\": 19}, {\"x\": 543, \"y\": 504, \"id\": 19}, {\"x\": 33, \"y\": 472, \"id\": 21}, {\"x\": 382, \"y\": 441, \"id\": 21}, {\"x\": 639, \"y\": 441, \"id\": 21}, {\"x\": 733, \"y\": 472, \"id\": 21}, {\"x\": 703, \"y\": 504, \"id\": 21}, {\"x\": 63, \"y\": 504, \"id\": 21}, {\"x\": 127, \"y\": 441, \"id\": 21}, {\"x\": 607, \"y\": 441, \"id\": 22}, {\"x\": 350, \"y\": 441, \"id\": 22}, {\"x\": 95, \"y\": 441, \"id\": 22}, {\"x\": 159, \"y\": 441, \"id\": 23}, {\"x\": 414, \"y\": 441, \"id\": 23}, {\"x\": 671, \"y\": 441, \"id\": 23}, {\"x\": 607, \"y\": 537, \"id\": 20}, {\"x\": 639, \"y\": 537, \"id\": 20}, {\"x\": 670, \"y\": 536, \"id\": 21}, {\"x\": 607, \"y\": 504, \"id\": 19}, {\"x\": 639, \"y\": 504, \"id\": 21}, {\"x\": 671, \"y\": 504, \"id\": 19}, {\"x\": 95, \"y\": 472, \"id\": 19}, {\"x\": 127, \"y\": 472, \"id\": 19}, {\"x\": 159, \"y\": 472, \"id\": 19}, {\"x\": 191, \"y\": 472, \"id\": 19}, {\"x\": 223, \"y\": 472, \"id\": 19}, {\"x\": 255, \"y\": 472, \"id\": 19}, {\"x\": 319, \"y\": 472, \"id\": 19}, {\"x\": 287, \"y\": 472, \"id\": 19}, {\"x\": 351, \"y\": 472, \"id\": 19}, {\"x\": 383, \"y\": 472, \"id\": 19}, {\"x\": 415, \"y\": 472, \"id\": 19}, {\"x\": 447, \"y\": 472, \"id\": 19}, {\"x\": 479, \"y\": 472, \"id\": 19}, {\"x\": 511, \"y\": 472, \"id\": 19}, {\"x\": 543, \"y\": 472, \"id\": 19}, {\"x\": 575, \"y\": 472, \"id\": 19}, {\"x\": 607, \"y\": 472, \"id\": 19}, {\"x\": 639, \"y\": 472, \"id\": 19}, {\"x\": 671, \"y\": 472, \"id\": 19}, {\"x\": 63, \"y\": 473, \"id\": 22}, {\"x\": 32, \"y\": 536, \"id\": 21}, {\"x\": 734, \"y\": 535, \"id\": 21}, {\"x\": 703, \"y\": 473, \"id\": 23}], \"height\": 600, \"points\": [{\"x\": 140, \"y\": 442}, {\"x\": 653, \"y\": 442}, {\"x\": 221, \"y\": 473}, {\"x\": 575, \"y\": 473}, {\"x\": 50, \"y\": 473}, {\"x\": 749, \"y\": 473}, {\"x\": 318, \"y\": 473}, {\"x\": 477, \"y\": 473}]}', '1_khunangluong.map', 0, -10, -50, -10, 0),
(2, 'Căn cứ thép', '{\"width\": 800, \"bricks\": [{\"x\": 103, \"y\": 550, \"id\": 46}, {\"x\": 133, \"y\": 550, \"id\": 46}, {\"x\": 163, \"y\": 550, \"id\": 46}, {\"x\": 193, \"y\": 550, \"id\": 46}, {\"x\": 223, \"y\": 550, \"id\": 46}, {\"x\": 253, \"y\": 550, \"id\": 46}, {\"x\": 283, \"y\": 550, \"id\": 46}, {\"x\": 313, \"y\": 550, \"id\": 46}, {\"x\": 343, \"y\": 550, \"id\": 46}, {\"x\": 373, \"y\": 550, \"id\": 46}, {\"x\": 403, \"y\": 550, \"id\": 46}, {\"x\": 433, \"y\": 550, \"id\": 46}, {\"x\": 463, \"y\": 550, \"id\": 46}, {\"x\": 493, \"y\": 550, \"id\": 46}, {\"x\": 523, \"y\": 550, \"id\": 46}, {\"x\": 553, \"y\": 550, \"id\": 46}, {\"x\": 583, \"y\": 550, \"id\": 46}, {\"x\": 613, \"y\": 550, \"id\": 46}, {\"x\": 643, \"y\": 550, \"id\": 46}, {\"x\": 673, \"y\": 550, \"id\": 46}, {\"x\": 103, \"y\": 512, \"id\": 46}, {\"x\": 133, \"y\": 512, \"id\": 46}, {\"x\": 163, \"y\": 512, \"id\": 46}, {\"x\": 613, \"y\": 512, \"id\": 46}, {\"x\": 643, \"y\": 512, \"id\": 46}, {\"x\": 673, \"y\": 512, \"id\": 46}, {\"x\": 103, \"y\": 474, \"id\": 46}, {\"x\": 133, \"y\": 474, \"id\": 46}, {\"x\": 163, \"y\": 474, \"id\": 46}, {\"x\": 193, \"y\": 474, \"id\": 46}, {\"x\": 223, \"y\": 474, \"id\": 46}, {\"x\": 253, \"y\": 474, \"id\": 46}, {\"x\": 283, \"y\": 474, \"id\": 46}, {\"x\": 313, \"y\": 474, \"id\": 46}, {\"x\": 343, \"y\": 474, \"id\": 46}, {\"x\": 373, \"y\": 474, \"id\": 46}, {\"x\": 403, \"y\": 474, \"id\": 46}, {\"x\": 433, \"y\": 474, \"id\": 46}, {\"x\": 463, \"y\": 474, \"id\": 46}, {\"x\": 493, \"y\": 474, \"id\": 46}, {\"x\": 523, \"y\": 474, \"id\": 46}, {\"x\": 553, \"y\": 474, \"id\": 46}, {\"x\": 583, \"y\": 474, \"id\": 46}, {\"x\": 613, \"y\": 474, \"id\": 46}, {\"x\": 643, \"y\": 474, \"id\": 46}, {\"x\": 673, \"y\": 474, \"id\": 46}, {\"x\": 103, \"y\": 456, \"id\": 43}, {\"x\": 120, \"y\": 456, \"id\": 43}, {\"x\": 103, \"y\": 438, \"id\": 43}, {\"x\": 684, \"y\": 456, \"id\": 43}, {\"x\": 666, \"y\": 456, \"id\": 43}, {\"x\": 684, \"y\": 438, \"id\": 43}, {\"x\": 193, \"y\": 456, \"id\": 43}, {\"x\": 212, \"y\": 456, \"id\": 43}, {\"x\": 594, \"y\": 456, \"id\": 43}, {\"x\": 575, \"y\": 456, \"id\": 43}, {\"x\": 283, \"y\": 456, \"id\": 43}, {\"x\": 283, \"y\": 438, \"id\": 43}, {\"x\": 302, \"y\": 456, \"id\": 43}, {\"x\": 504, \"y\": 456, \"id\": 43}, {\"x\": 485, \"y\": 456, \"id\": 43}, {\"x\": 504, \"y\": 438, \"id\": 43}, {\"x\": 138, \"y\": 456, \"id\": 44}, {\"x\": 121, \"y\": 438, \"id\": 44}, {\"x\": 231, \"y\": 456, \"id\": 44}, {\"x\": 321, \"y\": 456, \"id\": 44}, {\"x\": 302, \"y\": 438, \"id\": 44}, {\"x\": 466, \"y\": 456, \"id\": 45}, {\"x\": 485, \"y\": 438, \"id\": 45}, {\"x\": 556, \"y\": 456, \"id\": 45}, {\"x\": 647, \"y\": 456, \"id\": 45}, {\"x\": 665, \"y\": 438, \"id\": 45}, {\"x\": 383, \"y\": 456, \"id\": 43}, {\"x\": 401, \"y\": 456, \"id\": 43}, {\"x\": 392, \"y\": 438, \"id\": 43}, {\"x\": 394, \"y\": 423, \"id\": 72}], \"height\": 600, \"points\": [{\"x\": 113, \"y\": 438}, {\"x\": 694, \"y\": 438}, {\"x\": 201, \"y\": 456}, {\"x\": 603, \"y\": 456}, {\"x\": 292, \"y\": 438}, {\"x\": 512, \"y\": 438}, {\"x\": 358, \"y\": 475}, {\"x\": 441, \"y\": 475}]}', '2_cancuthep.map', 6, 90, 0, 30, 0),
(3, 'Sân bay', '{\"width\": 800, \"bricks\": [{\"x\": 104, \"y\": 520, \"id\": 46}, {\"x\": 134, \"y\": 520, \"id\": 46}, {\"x\": 164, \"y\": 520, \"id\": 46}, {\"x\": 194, \"y\": 520, \"id\": 46}, {\"x\": 224, \"y\": 520, \"id\": 46}, {\"x\": 254, \"y\": 520, \"id\": 46}, {\"x\": 284, \"y\": 520, \"id\": 46}, {\"x\": 314, \"y\": 520, \"id\": 46}, {\"x\": 344, \"y\": 520, \"id\": 46}, {\"x\": 374, \"y\": 520, \"id\": 46}, {\"x\": 404, \"y\": 520, \"id\": 46}, {\"x\": 434, \"y\": 520, \"id\": 46}, {\"x\": 464, \"y\": 520, \"id\": 46}, {\"x\": 494, \"y\": 520, \"id\": 46}, {\"x\": 524, \"y\": 520, \"id\": 46}, {\"x\": 554, \"y\": 520, \"id\": 46}, {\"x\": 584, \"y\": 520, \"id\": 46}, {\"x\": 614, \"y\": 520, \"id\": 46}, {\"x\": 644, \"y\": 520, \"id\": 46}, {\"x\": 674, \"y\": 520, \"id\": 46}, {\"x\": 104, \"y\": 464, \"id\": 46}, {\"x\": 134, \"y\": 482, \"id\": 46}, {\"x\": 164, \"y\": 464, \"id\": 46}, {\"x\": 194, \"y\": 482, \"id\": 46}, {\"x\": 224, \"y\": 464, \"id\": 46}, {\"x\": 254, \"y\": 482, \"id\": 46}, {\"x\": 284, \"y\": 464, \"id\": 46}, {\"x\": 314, \"y\": 482, \"id\": 46}, {\"x\": 344, \"y\": 464, \"id\": 46}, {\"x\": 374, \"y\": 482, \"id\": 46}, {\"x\": 404, \"y\": 464, \"id\": 46}, {\"x\": 434, \"y\": 482, \"id\": 46}, {\"x\": 464, \"y\": 464, \"id\": 46}, {\"x\": 494, \"y\": 482, \"id\": 46}, {\"x\": 524, \"y\": 464, \"id\": 46}, {\"x\": 554, \"y\": 482, \"id\": 46}, {\"x\": 584, \"y\": 464, \"id\": 46}, {\"x\": 614, \"y\": 482, \"id\": 46}, {\"x\": 644, \"y\": 464, \"id\": 46}, {\"x\": 674, \"y\": 482, \"id\": 46}, {\"x\": 104, \"y\": 439, \"id\": 41}, {\"x\": 128, \"y\": 439, \"id\": 41}, {\"x\": 152, \"y\": 439, \"id\": 41}, {\"x\": 176, \"y\": 439, \"id\": 41}, {\"x\": 200, \"y\": 439, \"id\": 41}, {\"x\": 224, \"y\": 439, \"id\": 41}, {\"x\": 248, \"y\": 439, \"id\": 41}, {\"x\": 272, \"y\": 439, \"id\": 41}, {\"x\": 296, \"y\": 439, \"id\": 41}, {\"x\": 320, \"y\": 439, \"id\": 41}, {\"x\": 344, \"y\": 439, \"id\": 41}, {\"x\": 368, \"y\": 439, \"id\": 41}, {\"x\": 392, \"y\": 439, \"id\": 41}, {\"x\": 416, \"y\": 439, \"id\": 41}, {\"x\": 440, \"y\": 439, \"id\": 41}, {\"x\": 464, \"y\": 439, \"id\": 41}, {\"x\": 488, \"y\": 439, \"id\": 41}, {\"x\": 512, \"y\": 439, \"id\": 41}, {\"x\": 536, \"y\": 439, \"id\": 41}, {\"x\": 560, \"y\": 439, \"id\": 41}, {\"x\": 584, \"y\": 439, \"id\": 41}, {\"x\": 608, \"y\": 439, \"id\": 41}, {\"x\": 632, \"y\": 439, \"id\": 41}, {\"x\": 656, \"y\": 439, \"id\": 41}, {\"x\": 680, \"y\": 439, \"id\": 41}, {\"x\": 104, \"y\": 421, \"id\": 43}, {\"x\": 685, \"y\": 421, \"id\": 43}, {\"x\": 113, \"y\": 403, \"id\": 43}, {\"x\": 675, \"y\": 403, \"id\": 43}, {\"x\": 122, \"y\": 421, \"id\": 43}, {\"x\": 666, \"y\": 421, \"id\": 43}, {\"x\": 386, \"y\": 421, \"id\": 43}, {\"x\": 404, \"y\": 421, \"id\": 43}, {\"x\": 368, \"y\": 421, \"id\": 45}, {\"x\": 423, \"y\": 421, \"id\": 44}, {\"x\": 114, \"y\": 388, \"id\": 72}, {\"x\": 397, \"y\": 407, \"id\": 72}, {\"x\": 676, \"y\": 388, \"id\": 72}], \"height\": 600, \"points\": [{\"x\": 280, \"y\": 440}, {\"x\": 537, \"y\": 440}, {\"x\": 345, \"y\": 440}, {\"x\": 465, \"y\": 440}, {\"x\": 152, \"y\": 440}, {\"x\": 655, \"y\": 440}, {\"x\": 213, \"y\": 440}, {\"x\": 599, \"y\": 440}]}', '3_sanbay.map', 6, 90, 0, 0, 0),
(4, 'Đảo uốn lượn', '{\"width\": 800, \"bricks\": [{\"x\": 280, \"y\": 499, \"id\": 1}, {\"x\": 158, \"y\": 450, \"id\": 1}, {\"x\": 427, \"y\": 471, \"id\": 2}, {\"x\": 517, \"y\": 428, \"id\": 2}, {\"x\": 36, \"y\": 400, \"id\": 1}, {\"x\": 607, \"y\": 384, \"id\": 2}, {\"x\": 304, \"y\": 326, \"id\": 2}, {\"x\": 221, \"y\": 278, \"id\": 3}, {\"x\": 445, \"y\": 280, \"id\": 3}], \"height\": 600, \"points\": [{\"x\": 469, \"y\": 283}, {\"x\": 105, \"y\": 405}, {\"x\": 645, \"y\": 393}, {\"x\": 236, \"y\": 456}, {\"x\": 552, \"y\": 437}, {\"x\": 353, \"y\": 504}, {\"x\": 474, \"y\": 476}, {\"x\": 234, \"y\": 282}]}', '4_daouongluong.map', 1, 170, -50, 0, -1),
(5, 'Sinh tử', '{\"width\": 500, \"bricks\": [{\"x\": 312, \"y\": 262, \"id\": 57}, {\"x\": 171, \"y\": 375, \"id\": 59}, {\"x\": 176, \"y\": 262, \"id\": 57}, {\"x\": 244, \"y\": 262, \"id\": 57}, {\"x\": 210, \"y\": 262, \"id\": 57}, {\"x\": 278, \"y\": 262, \"id\": 57}, {\"x\": 189, \"y\": 240, \"id\": 57}, {\"x\": 223, \"y\": 240, \"id\": 57}, {\"x\": 257, \"y\": 240, \"id\": 57}, {\"x\": 142, \"y\": 262, \"id\": 55}, {\"x\": 121, \"y\": 240, \"id\": 55}, {\"x\": 337, \"y\": 262, \"id\": 56}, {\"x\": 155, \"y\": 240, \"id\": 57}, {\"x\": 291, \"y\": 240, \"id\": 57}, {\"x\": 325, \"y\": 240, \"id\": 57}, {\"x\": 359, \"y\": 240, \"id\": 56}, {\"x\": 107, \"y\": 375, \"id\": 60}, {\"x\": 139, \"y\": 375, \"id\": 60}, {\"x\": 108, \"y\": 399, \"id\": 60}, {\"x\": 140, \"y\": 399, \"id\": 60}, {\"x\": 379, \"y\": 375, \"id\": 60}, {\"x\": 347, \"y\": 375, \"id\": 60}, {\"x\": 379, \"y\": 400, \"id\": 60}, {\"x\": 347, \"y\": 400, \"id\": 60}, {\"x\": 87, \"y\": 375, \"id\": 58}, {\"x\": 88, \"y\": 399, \"id\": 58}, {\"x\": 327, \"y\": 375, \"id\": 58}, {\"x\": 327, \"y\": 400, \"id\": 58}, {\"x\": 172, \"y\": 399, \"id\": 59}, {\"x\": 411, \"y\": 375, \"id\": 59}, {\"x\": 411, \"y\": 400, \"id\": 59}], \"height\": 500, \"points\": [{\"x\": 137, \"y\": 241}, {\"x\": 376, \"y\": 241}, {\"x\": 171, \"y\": 241}, {\"x\": 338, \"y\": 241}, {\"x\": 177, \"y\": 376}, {\"x\": 340, \"y\": 376}, {\"x\": 221, \"y\": 241}, {\"x\": 285, \"y\": 241}]}', '5_chethoacsong.map', 12, 0, 0, 100, 2),
(6, 'Kim tự tháp', '{\"width\": 800, \"bricks\": [{\"x\": 21, \"y\": 328, \"id\": 12}, {\"x\": 53, \"y\": 328, \"id\": 12}, {\"x\": 85, \"y\": 328, \"id\": 12}, {\"x\": 117, \"y\": 328, \"id\": 12}, {\"x\": 149, \"y\": 328, \"id\": 12}, {\"x\": 181, \"y\": 328, \"id\": 12}, {\"x\": 213, \"y\": 328, \"id\": 12}, {\"x\": 245, \"y\": 328, \"id\": 12}, {\"x\": 277, \"y\": 328, \"id\": 12}, {\"x\": 309, \"y\": 328, \"id\": 12}, {\"x\": 341, \"y\": 328, \"id\": 12}, {\"x\": 373, \"y\": 328, \"id\": 12}, {\"x\": 405, \"y\": 328, \"id\": 12}, {\"x\": 437, \"y\": 328, \"id\": 12}, {\"x\": 469, \"y\": 328, \"id\": 12}, {\"x\": 501, \"y\": 328, \"id\": 12}, {\"x\": 533, \"y\": 328, \"id\": 12}, {\"x\": 565, \"y\": 328, \"id\": 12}, {\"x\": 597, \"y\": 328, \"id\": 12}, {\"x\": 629, \"y\": 328, \"id\": 12}, {\"x\": 661, \"y\": 328, \"id\": 12}, {\"x\": 693, \"y\": 328, \"id\": 12}, {\"x\": 725, \"y\": 328, \"id\": 12}, {\"x\": 757, \"y\": 328, \"id\": 12}, {\"x\": 341, \"y\": 201, \"id\": 9}, {\"x\": 277, \"y\": 265, \"id\": 9}, {\"x\": 341, \"y\": 265, \"id\": 9}, {\"x\": 405, \"y\": 169, \"id\": 9}, {\"x\": 437, \"y\": 233, \"id\": 9}, {\"x\": 437, \"y\": 265, \"id\": 9}, {\"x\": 469, \"y\": 233, \"id\": 9}, {\"x\": 309, \"y\": 233, \"id\": 9}, {\"x\": 341, \"y\": 233, \"id\": 9}, {\"x\": 341, \"y\": 297, \"id\": 9}, {\"x\": 373, \"y\": 169, \"id\": 9}, {\"x\": 437, \"y\": 201, \"id\": 9}, {\"x\": 437, \"y\": 297, \"id\": 9}, {\"x\": 501, \"y\": 265, \"id\": 9}, {\"x\": 213, \"y\": 297, \"id\": 10}, {\"x\": 245, \"y\": 265, \"id\": 10}, {\"x\": 277, \"y\": 233, \"id\": 10}, {\"x\": 309, \"y\": 201, \"id\": 10}, {\"x\": 341, \"y\": 169, \"id\": 10}, {\"x\": 437, \"y\": 169, \"id\": 11}, {\"x\": 469, \"y\": 201, \"id\": 11}, {\"x\": 501, \"y\": 233, \"id\": 11}, {\"x\": 533, \"y\": 265, \"id\": 11}, {\"x\": 565, \"y\": 297, \"id\": 11}, {\"x\": 54, \"y\": 309, \"id\": 17}, {\"x\": 54, \"y\": 289, \"id\": 17}, {\"x\": 747, \"y\": 309, \"id\": 17}, {\"x\": 747, \"y\": 289, \"id\": 17}, {\"x\": 28, \"y\": 250, \"id\": 16}, {\"x\": 721, \"y\": 251, \"id\": 16}, {\"x\": 129, \"y\": 309, \"id\": 17}, {\"x\": 129, \"y\": 289, \"id\": 17}, {\"x\": 672, \"y\": 309, \"id\": 17}, {\"x\": 672, \"y\": 289, \"id\": 17}, {\"x\": 646, \"y\": 251, \"id\": 16}, {\"x\": 103, \"y\": 251, \"id\": 16}, {\"x\": 245, \"y\": 297, \"id\": 9}, {\"x\": 533, \"y\": 297, \"id\": 9}, {\"x\": 373, \"y\": 137, \"id\": 10}, {\"x\": 405, \"y\": 137, \"id\": 11}], \"height\": 400, \"points\": [{\"x\": 357, \"y\": 184}, {\"x\": 454, \"y\": 186}, {\"x\": 260, \"y\": 281}, {\"x\": 550, \"y\": 282}, {\"x\": 149, \"y\": 329}, {\"x\": 660, \"y\": 329}, {\"x\": 65, \"y\": 250}, {\"x\": 741, \"y\": 255}]}', '6_kimtuthap.map', 1, 140, 0, 0, 1),
(7, 'Cầu vồng băng', '{\"width\": 800, \"bricks\": [{\"x\": 206, \"y\": 243, \"id\": 53}, {\"x\": 332, \"y\": 243, \"id\": 53}, {\"x\": 458, \"y\": 243, \"id\": 53}, {\"x\": 148, \"y\": 265, \"id\": 53}, {\"x\": 274, \"y\": 265, \"id\": 53}, {\"x\": 400, \"y\": 265, \"id\": 53}, {\"x\": 526, \"y\": 265, \"id\": 53}, {\"x\": 86, \"y\": 287, \"id\": 53}, {\"x\": 212, \"y\": 287, \"id\": 53}, {\"x\": 338, \"y\": 287, \"id\": 53}, {\"x\": 464, \"y\": 287, \"id\": 53}, {\"x\": 590, \"y\": 287, \"id\": 53}, {\"x\": 26, \"y\": 309, \"id\": 53}, {\"x\": 152, \"y\": 309, \"id\": 53}, {\"x\": 278, \"y\": 309, \"id\": 53}, {\"x\": 404, \"y\": 309, \"id\": 53}, {\"x\": 530, \"y\": 309, \"id\": 53}, {\"x\": 656, \"y\": 309, \"id\": 53}], \"height\": 400, \"points\": [{\"x\": 332, \"y\": 265}, {\"x\": 459, \"y\": 265}, {\"x\": 220, \"y\": 256}, {\"x\": 570, \"y\": 257}, {\"x\": 143, \"y\": 287}, {\"x\": 656, \"y\": 287}, {\"x\": 65, \"y\": 312}, {\"x\": 734, \"y\": 310}]}', '7_cauvongbang.map', 7, 0, 0, -5, 0),
(8, 'Vách núi', '{\"width\": 435, \"bricks\": [{\"x\": 31, \"y\": 516, \"id\": 27}, {\"x\": 0, \"y\": 562, \"id\": 24}, {\"x\": 0, \"y\": 539, \"id\": 24}, {\"x\": 0, \"y\": 516, \"id\": 24}, {\"x\": 0, \"y\": 478, \"id\": 24}, {\"x\": 0, \"y\": 456, \"id\": 24}, {\"x\": 0, \"y\": 434, \"id\": 24}, {\"x\": 31, \"y\": 434, \"id\": 27}, {\"x\": 0, \"y\": 396, \"id\": 24}, {\"x\": 0, \"y\": 374, \"id\": 24}, {\"x\": 0, \"y\": 352, \"id\": 24}, {\"x\": 31, \"y\": 352, \"id\": 27}, {\"x\": 0, \"y\": 314, \"id\": 24}, {\"x\": 0, \"y\": 292, \"id\": 24}, {\"x\": 0, \"y\": 269, \"id\": 24}, {\"x\": 31, \"y\": 269, \"id\": 27}, {\"x\": 64, \"y\": 269, \"id\": 26}, {\"x\": 64, \"y\": 352, \"id\": 26}, {\"x\": 64, \"y\": 434, \"id\": 26}, {\"x\": 64, \"y\": 516, \"id\": 26}, {\"x\": 403, \"y\": 561, \"id\": 24}, {\"x\": 403, \"y\": 538, \"id\": 24}, {\"x\": 403, \"y\": 515, \"id\": 24}, {\"x\": 370, \"y\": 515, \"id\": 27}, {\"x\": 403, \"y\": 477, \"id\": 24}, {\"x\": 403, \"y\": 455, \"id\": 24}, {\"x\": 403, \"y\": 433, \"id\": 24}, {\"x\": 370, \"y\": 433, \"id\": 27}, {\"x\": 403, \"y\": 395, \"id\": 24}, {\"x\": 403, \"y\": 373, \"id\": 24}, {\"x\": 403, \"y\": 351, \"id\": 24}, {\"x\": 370, \"y\": 351, \"id\": 27}, {\"x\": 403, \"y\": 313, \"id\": 24}, {\"x\": 403, \"y\": 291, \"id\": 24}, {\"x\": 403, \"y\": 269, \"id\": 24}, {\"x\": 370, \"y\": 269, \"id\": 27}, {\"x\": 346, \"y\": 269, \"id\": 25}, {\"x\": 346, \"y\": 351, \"id\": 25}, {\"x\": 346, \"y\": 433, \"id\": 25}, {\"x\": 346, \"y\": 515, \"id\": 25}, {\"x\": 0, \"y\": 257, \"id\": 35}, {\"x\": 395, \"y\": 257, \"id\": 35}], \"height\": 600, \"points\": [{\"x\": 53, \"y\": 517}, {\"x\": 380, \"y\": 516}, {\"x\": 51, \"y\": 435}, {\"x\": 380, \"y\": 434}, {\"x\": 57, \"y\": 353}, {\"x\": 380, \"y\": 352}, {\"x\": 52, \"y\": 270}, {\"x\": 383, \"y\": 270}]}', '8_vachnui.map', 4, 100, -100, 0, 2),
(9, 'Chiến trường', '{\"width\": 600, \"bricks\": [{\"x\": 157, \"y\": 458, \"id\": 1}, {\"x\": 183, \"y\": 554, \"id\": 1}, {\"x\": 301, \"y\": 487, \"id\": 3}, {\"x\": 124, \"y\": 443, \"id\": 3}, {\"x\": 361, \"y\": 463, \"id\": 2}, {\"x\": 337, \"y\": 561, \"id\": 2}, {\"x\": 478, \"y\": 424, \"id\": 3}, {\"x\": 91, \"y\": 417, \"id\": 3}, {\"x\": 422, \"y\": 554, \"id\": 3}, {\"x\": 445, \"y\": 447, \"id\": 3}, {\"x\": 302, \"y\": 547, \"id\": 3}, {\"x\": 149, \"y\": 555, \"id\": 3}], \"height\": 620, \"points\": [{\"x\": 154, \"y\": 451}, {\"x\": 451, \"y\": 455}, {\"x\": 250, \"y\": 471}, {\"x\": 393, \"y\": 473}, {\"x\": 202, \"y\": 560}, {\"x\": 451, \"y\": 561}, {\"x\": 276, \"y\": 567}, {\"x\": 361, \"y\": 567}]}', '9_chientruong.map', 1, 170, -100, 0, 1),
(10, 'Đảo vòng cung', '{\"width\": 800, \"bricks\": [{\"x\": 242, \"y\": 331, \"id\": 3}, {\"x\": 590, \"y\": 316, \"id\": 3}, {\"x\": 432, \"y\": 347, \"id\": 3}, {\"x\": 465, \"y\": 343, \"id\": 3}, {\"x\": 307, \"y\": 342, \"id\": 3}, {\"x\": 497, \"y\": 339, \"id\": 3}, {\"x\": 528, \"y\": 332, \"id\": 3}, {\"x\": 619, \"y\": 302, \"id\": 3}, {\"x\": 210, \"y\": 322, \"id\": 3}, {\"x\": 338, \"y\": 345, \"id\": 3}, {\"x\": 179, \"y\": 311, \"id\": 3}, {\"x\": 275, \"y\": 338, \"id\": 3}, {\"x\": 559, \"y\": 326, \"id\": 3}, {\"x\": 149, \"y\": 300, \"id\": 3}, {\"x\": 232, \"y\": 129, \"id\": 3}, {\"x\": 369, \"y\": 348, \"id\": 3}, {\"x\": 539, \"y\": 138, \"id\": 3}, {\"x\": 506, \"y\": 159, \"id\": 3}, {\"x\": 261, \"y\": 157, \"id\": 3}, {\"x\": 400, \"y\": 348, \"id\": 3}], \"height\": 400, \"points\": [{\"x\": 318, \"y\": 349}, {\"x\": 490, \"y\": 347}, {\"x\": 271, \"y\": 338}, {\"x\": 533, \"y\": 340}, {\"x\": 222, \"y\": 327}, {\"x\": 580, \"y\": 327}, {\"x\": 177, \"y\": 307}, {\"x\": 627, \"y\": 309}]}', '10_daovongcung.map', 1, 170, -100, 0, 1),
(11, 'Đảo mây', '{\"width\": 850, \"bricks\": [{\"x\": 46, \"y\": 471, \"id\": 91}, {\"x\": 153, \"y\": 472, \"id\": 91}, {\"x\": 260, \"y\": 472, \"id\": 91}, {\"x\": 367, \"y\": 472, \"id\": 91}, {\"x\": 474, \"y\": 472, \"id\": 91}, {\"x\": 581, \"y\": 472, \"id\": 91}, {\"x\": 688, \"y\": 473, \"id\": 91}, {\"x\": 109, \"y\": 376, \"id\": 91}, {\"x\": 220, \"y\": 328, \"id\": 91}, {\"x\": 439, \"y\": 332, \"id\": 91}, {\"x\": 550, \"y\": 375, \"id\": 91}, {\"x\": 285, \"y\": 391, \"id\": 91}, {\"x\": 420, \"y\": 403, \"id\": 91}, {\"x\": 197, \"y\": 277, \"id\": 92}, {\"x\": 578, \"y\": 289, \"id\": 92}, {\"x\": 102, \"y\": 490, \"id\": 91}, {\"x\": 206, \"y\": 491, \"id\": 91}, {\"x\": 314, \"y\": 492, \"id\": 91}, {\"x\": 420, \"y\": 491, \"id\": 91}, {\"x\": 529, \"y\": 491, \"id\": 91}, {\"x\": 637, \"y\": 491, \"id\": 91}], \"height\": 600, \"points\": [{\"x\": 220, \"y\": 277}, {\"x\": 597, \"y\": 290}, {\"x\": 159, \"y\": 376}, {\"x\": 600, \"y\": 375}, {\"x\": 206, \"y\": 472}, {\"x\": 551, \"y\": 482}, {\"x\": 314, \"y\": 400}, {\"x\": 503, \"y\": 416}]}', '11_daomay.map', 14, 0, 0, 0, -1),
(12, 'Thang mây', '{\"width\": 850, \"bricks\": [{\"x\": 219, \"y\": 485, \"id\": 91}, {\"x\": 471, \"y\": 487, \"id\": 91}, {\"x\": 124, \"y\": 430, \"id\": 91}, {\"x\": 100, \"y\": 317, \"id\": 91}, {\"x\": 500, \"y\": 317, \"id\": 91}, {\"x\": 583, \"y\": 421, \"id\": 91}, {\"x\": 230, \"y\": 369, \"id\": 91}, {\"x\": 424, \"y\": 388, \"id\": 91}, {\"x\": 229, \"y\": 270, \"id\": 92}, {\"x\": 603, \"y\": 275, \"id\": 92}], \"height\": 600, \"points\": [{\"x\": 251, \"y\": 270}, {\"x\": 623, \"y\": 275}, {\"x\": 154, \"y\": 317}, {\"x\": 560, \"y\": 318}, {\"x\": 176, \"y\": 430}, {\"x\": 635, \"y\": 421}, {\"x\": 284, \"y\": 369}, {\"x\": 473, \"y\": 389}]}', '12.thangmay.map', 14, 0, 0, 0, -1),
(13, 'Không lối thoát', '{\"width\": 700, \"bricks\": [{\"x\": 576, \"y\": 375, \"id\": 3}, {\"x\": 595, \"y\": 347, \"id\": 3}, {\"x\": 608, \"y\": 313, \"id\": 3}, {\"x\": 616, \"y\": 275, \"id\": 3}, {\"x\": 618, \"y\": 241, \"id\": 3}, {\"x\": 615, \"y\": 202, \"id\": 3}, {\"x\": 609, \"y\": 162, \"id\": 3}, {\"x\": 601, \"y\": 129, \"id\": 3}, {\"x\": 587, \"y\": 99, \"id\": 3}, {\"x\": 78, \"y\": 99, \"id\": 3}, {\"x\": 65, \"y\": 137, \"id\": 3}, {\"x\": 54, \"y\": 175, \"id\": 3}, {\"x\": 46, \"y\": 216, \"id\": 3}, {\"x\": 45, \"y\": 254, \"id\": 3}, {\"x\": 49, \"y\": 288, \"id\": 3}, {\"x\": 58, \"y\": 321, \"id\": 3}, {\"x\": 72, \"y\": 354, \"id\": 3}, {\"x\": 88, \"y\": 384, \"id\": 3}, {\"x\": 149, \"y\": 132, \"id\": 2}, {\"x\": 460, \"y\": 350, \"id\": 2}, {\"x\": 465, \"y\": 132, \"id\": 2}, {\"x\": 153, \"y\": 350, \"id\": 2}, {\"x\": 289, \"y\": 424, \"id\": 1}, {\"x\": 284, \"y\": 56, \"id\": 1}, {\"x\": 109, \"y\": 241, \"id\": 1}, {\"x\": 471, \"y\": 241, \"id\": 1}], \"height\": 500, \"points\": [{\"x\": 181, \"y\": 359}, {\"x\": 537, \"y\": 138}, {\"x\": 180, \"y\": 142}, {\"x\": 528, \"y\": 354}, {\"x\": 346, \"y\": 63}, {\"x\": 350, \"y\": 430}, {\"x\": 130, \"y\": 247}, {\"x\": 570, \"y\": 257}]}', '13_khongloithoat.map', 4, 50, -50, 0, 1),
(14, 'Cầu sắt', '{\"width\": 800, \"bricks\": [{\"x\": 20, \"y\": 159, \"id\": 94}, {\"x\": 763, \"y\": 159, \"id\": 94}, {\"x\": 27, \"y\": 159, \"id\": 95}, {\"x\": 59, \"y\": 159, \"id\": 95}, {\"x\": 91, \"y\": 159, \"id\": 95}, {\"x\": 123, \"y\": 159, \"id\": 95}, {\"x\": 155, \"y\": 159, \"id\": 95}, {\"x\": 187, \"y\": 159, \"id\": 95}, {\"x\": 315, \"y\": 159, \"id\": 95}, {\"x\": 219, \"y\": 159, \"id\": 95}, {\"x\": 251, \"y\": 159, \"id\": 95}, {\"x\": 283, \"y\": 159, \"id\": 95}, {\"x\": 347, \"y\": 159, \"id\": 95}, {\"x\": 379, \"y\": 159, \"id\": 95}, {\"x\": 411, \"y\": 159, \"id\": 95}, {\"x\": 443, \"y\": 159, \"id\": 95}, {\"x\": 475, \"y\": 159, \"id\": 95}, {\"x\": 507, \"y\": 159, \"id\": 95}, {\"x\": 539, \"y\": 159, \"id\": 95}, {\"x\": 571, \"y\": 159, \"id\": 95}, {\"x\": 603, \"y\": 159, \"id\": 95}, {\"x\": 635, \"y\": 159, \"id\": 95}, {\"x\": 667, \"y\": 159, \"id\": 95}, {\"x\": 699, \"y\": 159, \"id\": 95}, {\"x\": 731, \"y\": 159, \"id\": 95}, {\"x\": 66, \"y\": 199, \"id\": 94}, {\"x\": 66, \"y\": 231, \"id\": 94}, {\"x\": 106, \"y\": 199, \"id\": 94}, {\"x\": 106, \"y\": 231, \"id\": 94}, {\"x\": 74, \"y\": 199, \"id\": 95}, {\"x\": 74, \"y\": 231, \"id\": 95}, {\"x\": 74, \"y\": 263, \"id\": 95}, {\"x\": 643, \"y\": 151, \"id\": 93}, {\"x\": 520, \"y\": 151, \"id\": 93}, {\"x\": 395, \"y\": 151, \"id\": 93}, {\"x\": 270, \"y\": 151, \"id\": 93}, {\"x\": 145, \"y\": 151, \"id\": 93}, {\"x\": 20, \"y\": 151, \"id\": 93}, {\"x\": 643, \"y\": 191, \"id\": 93}, {\"x\": 520, \"y\": 191, \"id\": 93}, {\"x\": 395, \"y\": 191, \"id\": 93}, {\"x\": 270, \"y\": 191, \"id\": 93}, {\"x\": 145, \"y\": 191, \"id\": 93}, {\"x\": 20, \"y\": 191, \"id\": 93}, {\"x\": 66, \"y\": 263, \"id\": 94}, {\"x\": 106, \"y\": 263, \"id\": 94}, {\"x\": 711, \"y\": 199, \"id\": 94}, {\"x\": 711, \"y\": 231, \"id\": 94}, {\"x\": 711, \"y\": 263, \"id\": 94}, {\"x\": 671, \"y\": 199, \"id\": 94}, {\"x\": 671, \"y\": 231, \"id\": 94}, {\"x\": 671, \"y\": 263, \"id\": 94}, {\"x\": 247, \"y\": 199, \"id\": 94}, {\"x\": 247, \"y\": 231, \"id\": 94}, {\"x\": 247, \"y\": 263, \"id\": 94}, {\"x\": 287, \"y\": 199, \"id\": 94}, {\"x\": 287, \"y\": 231, \"id\": 94}, {\"x\": 287, \"y\": 263, \"id\": 94}, {\"x\": 495, \"y\": 199, \"id\": 94}, {\"x\": 495, \"y\": 231, \"id\": 94}, {\"x\": 495, \"y\": 263, \"id\": 94}, {\"x\": 535, \"y\": 200, \"id\": 94}, {\"x\": 535, \"y\": 232, \"id\": 94}, {\"x\": 535, \"y\": 264, \"id\": 94}, {\"x\": 255, \"y\": 199, \"id\": 95}, {\"x\": 255, \"y\": 231, \"id\": 95}, {\"x\": 254, \"y\": 263, \"id\": 95}, {\"x\": 679, \"y\": 199, \"id\": 95}, {\"x\": 679, \"y\": 231, \"id\": 95}, {\"x\": 679, \"y\": 263, \"id\": 95}, {\"x\": 503, \"y\": 199, \"id\": 95}, {\"x\": 503, \"y\": 263, \"id\": 95}, {\"x\": 503, \"y\": 231, \"id\": 95}, {\"x\": 19, \"y\": 142, \"id\": 96}, {\"x\": 762, \"y\": 142, \"id\": 96}, {\"x\": 375, \"y\": 142, \"id\": 96}, {\"x\": 613, \"y\": 142, \"id\": 96}, {\"x\": 168, \"y\": 142, \"id\": 96}], \"height\": 300, \"points\": [{\"x\": 129, \"y\": 151}, {\"x\": 654, \"y\": 151}, {\"x\": 209, \"y\": 151}, {\"x\": 549, \"y\": 151}, {\"x\": 36, \"y\": 151}, {\"x\": 754, \"y\": 151}, {\"x\": 329, \"y\": 151}, {\"x\": 429, \"y\": 151}]}', '14_causat.map', 10, -80, -80, -20, 0),
(15, 'Bám trụ', '{\"width\": 500, \"bricks\": [{\"x\": 0, \"y\": 594, \"id\": 94}, {\"x\": 0, \"y\": 562, \"id\": 94}, {\"x\": 0, \"y\": 530, \"id\": 94}, {\"x\": 0, \"y\": 498, \"id\": 94}, {\"x\": 0, \"y\": 466, \"id\": 94}, {\"x\": 0, \"y\": 434, \"id\": 94}, {\"x\": 0, \"y\": 402, \"id\": 94}, {\"x\": 0, \"y\": 370, \"id\": 94}, {\"x\": 0, \"y\": 338, \"id\": 94}, {\"x\": 0, \"y\": 306, \"id\": 94}, {\"x\": 0, \"y\": 274, \"id\": 94}, {\"x\": 0, \"y\": 242, \"id\": 94}, {\"x\": 0, \"y\": 215, \"id\": 94}, {\"x\": 491, \"y\": 594, \"id\": 94}, {\"x\": 491, \"y\": 562, \"id\": 94}, {\"x\": 491, \"y\": 530, \"id\": 94}, {\"x\": 491, \"y\": 498, \"id\": 94}, {\"x\": 491, \"y\": 466, \"id\": 94}, {\"x\": 491, \"y\": 434, \"id\": 94}, {\"x\": 491, \"y\": 402, \"id\": 94}, {\"x\": 491, \"y\": 370, \"id\": 94}, {\"x\": 491, \"y\": 338, \"id\": 94}, {\"x\": 491, \"y\": 306, \"id\": 94}, {\"x\": 491, \"y\": 274, \"id\": 94}, {\"x\": 491, \"y\": 242, \"id\": 94}, {\"x\": 491, \"y\": 215, \"id\": 94}, {\"x\": 224, \"y\": 595, \"id\": 95}, {\"x\": 224, \"y\": 563, \"id\": 95}, {\"x\": 224, \"y\": 531, \"id\": 95}, {\"x\": 225, \"y\": 499, \"id\": 95}, {\"x\": 224, \"y\": 467, \"id\": 95}, {\"x\": 224, \"y\": 435, \"id\": 95}, {\"x\": 224, \"y\": 403, \"id\": 95}, {\"x\": 224, \"y\": 371, \"id\": 95}, {\"x\": 224, \"y\": 339, \"id\": 95}, {\"x\": 224, \"y\": 307, \"id\": 95}, {\"x\": 224, \"y\": 275, \"id\": 95}, {\"x\": 224, \"y\": 243, \"id\": 95}, {\"x\": 224, \"y\": 211, \"id\": 95}, {\"x\": 8, \"y\": 600, \"id\": 41}, {\"x\": 8, \"y\": 472, \"id\": 41}, {\"x\": 8, \"y\": 344, \"id\": 41}, {\"x\": 8, \"y\": 214, \"id\": 41}, {\"x\": 467, \"y\": 600, \"id\": 41}, {\"x\": 467, \"y\": 472, \"id\": 41}, {\"x\": 467, \"y\": 344, \"id\": 41}, {\"x\": 467, \"y\": 214, \"id\": 41}, {\"x\": 193, \"y\": 280, \"id\": 41}, {\"x\": 264, \"y\": 282, \"id\": 41}, {\"x\": 193, \"y\": 409, \"id\": 41}, {\"x\": 264, \"y\": 411, \"id\": 41}, {\"x\": 264, \"y\": 539, \"id\": 41}, {\"x\": 193, \"y\": 538, \"id\": 41}, {\"x\": 32, \"y\": 214, \"id\": 39}, {\"x\": 32, \"y\": 344, \"id\": 39}, {\"x\": 32, \"y\": 472, \"id\": 39}, {\"x\": 32, \"y\": 600, \"id\": 39}, {\"x\": 288, \"y\": 282, \"id\": 39}, {\"x\": 288, \"y\": 411, \"id\": 39}, {\"x\": 288, \"y\": 539, \"id\": 39}, {\"x\": 437, \"y\": 214, \"id\": 40}, {\"x\": 437, \"y\": 344, \"id\": 40}, {\"x\": 437, \"y\": 472, \"id\": 40}, {\"x\": 437, \"y\": 600, \"id\": 40}, {\"x\": 163, \"y\": 280, \"id\": 40}, {\"x\": 163, \"y\": 409, \"id\": 40}, {\"x\": 163, \"y\": 538, \"id\": 40}, {\"x\": 217, \"y\": 211, \"id\": 94}, {\"x\": 217, \"y\": 243, \"id\": 94}, {\"x\": 217, \"y\": 275, \"id\": 94}, {\"x\": 217, \"y\": 307, \"id\": 94}, {\"x\": 217, \"y\": 339, \"id\": 94}, {\"x\": 217, \"y\": 371, \"id\": 94}, {\"x\": 217, \"y\": 403, \"id\": 94}, {\"x\": 217, \"y\": 435, \"id\": 94}, {\"x\": 217, \"y\": 467, \"id\": 94}, {\"x\": 217, \"y\": 499, \"id\": 94}, {\"x\": 217, \"y\": 531, \"id\": 94}, {\"x\": 217, \"y\": 563, \"id\": 94}, {\"x\": 217, \"y\": 595, \"id\": 94}, {\"x\": 256, \"y\": 211, \"id\": 94}, {\"x\": 256, \"y\": 243, \"id\": 94}, {\"x\": 256, \"y\": 275, \"id\": 94}, {\"x\": 256, \"y\": 307, \"id\": 94}, {\"x\": 256, \"y\": 339, \"id\": 94}, {\"x\": 256, \"y\": 371, \"id\": 94}, {\"x\": 256, \"y\": 403, \"id\": 94}, {\"x\": 256, \"y\": 435, \"id\": 94}, {\"x\": 256, \"y\": 467, \"id\": 94}, {\"x\": 256, \"y\": 499, \"id\": 94}, {\"x\": 256, \"y\": 531, \"id\": 94}, {\"x\": 256, \"y\": 563, \"id\": 94}, {\"x\": 256, \"y\": 595, \"id\": 94}, {\"x\": 0, \"y\": 626, \"id\": 94}, {\"x\": 217, \"y\": 627, \"id\": 94}, {\"x\": 256, \"y\": 627, \"id\": 94}, {\"x\": 491, \"y\": 626, \"id\": 94}, {\"x\": 217, \"y\": 659, \"id\": 94}, {\"x\": 256, \"y\": 659, \"id\": 94}, {\"x\": 491, \"y\": 658, \"id\": 94}, {\"x\": 224, \"y\": 627, \"id\": 95}, {\"x\": 225, \"y\": 659, \"id\": 95}, {\"x\": 0, \"y\": 196, \"id\": 43}, {\"x\": 480, \"y\": 196, \"id\": 43}, {\"x\": 0, \"y\": 658, \"id\": 94}], \"height\": 700, \"points\": [{\"x\": 29, \"y\": 345}, {\"x\": 469, \"y\": 345}, {\"x\": 194, \"y\": 281}, {\"x\": 289, \"y\": 283}, {\"x\": 193, \"y\": 410}, {\"x\": 285, \"y\": 412}, {\"x\": 36, \"y\": 473}, {\"x\": 468, \"y\": 473}]}', '15_bamtru.map', 10, 80, 80, -20, 0),
(16, 'Lưới sắt', '{\"width\": 800, \"bricks\": [{\"x\": 85, \"y\": 474, \"id\": 95}, {\"x\": 149, \"y\": 474, \"id\": 95}, {\"x\": 661, \"y\": 474, \"id\": 95}, {\"x\": 277, \"y\": 474, \"id\": 95}, {\"x\": 213, \"y\": 474, \"id\": 95}, {\"x\": 181, \"y\": 442, \"id\": 95}, {\"x\": 53, \"y\": 474, \"id\": 95}, {\"x\": 117, \"y\": 474, \"id\": 95}, {\"x\": 181, \"y\": 474, \"id\": 95}, {\"x\": 277, \"y\": 378, \"id\": 95}, {\"x\": 693, \"y\": 474, \"id\": 95}, {\"x\": 309, \"y\": 474, \"id\": 95}, {\"x\": 373, \"y\": 474, \"id\": 95}, {\"x\": 597, \"y\": 474, \"id\": 95}, {\"x\": 629, \"y\": 474, \"id\": 95}, {\"x\": 693, \"y\": 410, \"id\": 95}, {\"x\": 341, \"y\": 474, \"id\": 95}, {\"x\": 405, \"y\": 474, \"id\": 95}, {\"x\": 629, \"y\": 442, \"id\": 95}, {\"x\": 661, \"y\": 442, \"id\": 95}, {\"x\": 341, \"y\": 442, \"id\": 95}, {\"x\": 437, \"y\": 474, \"id\": 95}, {\"x\": 469, \"y\": 474, \"id\": 95}, {\"x\": 501, \"y\": 474, \"id\": 95}, {\"x\": 757, \"y\": 474, \"id\": 95}, {\"x\": 533, \"y\": 474, \"id\": 95}, {\"x\": 533, \"y\": 378, \"id\": 95}, {\"x\": 469, \"y\": 442, \"id\": 95}, {\"x\": 117, \"y\": 442, \"id\": 95}, {\"x\": 149, \"y\": 442, \"id\": 95}, {\"x\": 757, \"y\": 410, \"id\": 95}, {\"x\": 757, \"y\": 442, \"id\": 95}, {\"x\": 309, \"y\": 442, \"id\": 95}, {\"x\": 437, \"y\": 442, \"id\": 95}, {\"x\": 53, \"y\": 505, \"id\": 19}, {\"x\": 85, \"y\": 505, \"id\": 19}, {\"x\": 117, \"y\": 505, \"id\": 19}, {\"x\": 149, \"y\": 505, \"id\": 19}, {\"x\": 181, \"y\": 505, \"id\": 19}, {\"x\": 213, \"y\": 505, \"id\": 19}, {\"x\": 245, \"y\": 505, \"id\": 19}, {\"x\": 277, \"y\": 505, \"id\": 19}, {\"x\": 309, \"y\": 505, \"id\": 19}, {\"x\": 341, \"y\": 505, \"id\": 19}, {\"x\": 373, \"y\": 505, \"id\": 19}, {\"x\": 405, \"y\": 505, \"id\": 19}, {\"x\": 437, \"y\": 505, \"id\": 19}, {\"x\": 469, \"y\": 505, \"id\": 19}, {\"x\": 501, \"y\": 505, \"id\": 19}, {\"x\": 533, \"y\": 505, \"id\": 19}, {\"x\": 565, \"y\": 505, \"id\": 19}, {\"x\": 597, \"y\": 505, \"id\": 19}, {\"x\": 629, \"y\": 505, \"id\": 19}, {\"x\": 661, \"y\": 505, \"id\": 19}, {\"x\": 693, \"y\": 505, \"id\": 19}, {\"x\": 725, \"y\": 505, \"id\": 19}, {\"x\": 53, \"y\": 442, \"id\": 95}, {\"x\": 597, \"y\": 442, \"id\": 95}, {\"x\": 53, \"y\": 410, \"id\": 95}, {\"x\": 213, \"y\": 442, \"id\": 95}, {\"x\": 373, \"y\": 442, \"id\": 95}, {\"x\": 405, \"y\": 442, \"id\": 95}, {\"x\": 181, \"y\": 410, \"id\": 95}, {\"x\": 373, \"y\": 410, \"id\": 95}, {\"x\": 405, \"y\": 410, \"id\": 95}, {\"x\": 437, \"y\": 410, \"id\": 95}, {\"x\": 629, \"y\": 410, \"id\": 95}, {\"x\": 405, \"y\": 378, \"id\": 95}, {\"x\": 118, \"y\": 410, \"id\": 95}, {\"x\": 533, \"y\": 442, \"id\": 95}, {\"x\": 277, \"y\": 410, \"id\": 95}, {\"x\": 501, \"y\": 442, \"id\": 95}, {\"x\": 277, \"y\": 442, \"id\": 95}, {\"x\": 533, \"y\": 410, \"id\": 95}, {\"x\": 757, \"y\": 505, \"id\": 19}, {\"x\": 405, \"y\": 346, \"id\": 95}, {\"x\": 693, \"y\": 442, \"id\": 95}, {\"x\": 725, \"y\": 474, \"id\": 95}], \"height\": 600, \"points\": [{\"x\": 340, \"y\": 442}, {\"x\": 501, \"y\": 442}, {\"x\": 260, \"y\": 506}, {\"x\": 582, \"y\": 506}, {\"x\": 100, \"y\": 482}, {\"x\": 740, \"y\": 482}, {\"x\": 164, \"y\": 450}, {\"x\": 677, \"y\": 450}]}', '16_luoisat.map', 10, 50, 0, -20, 0),
(17, 'Thoát thân', '{\"width\": 800, \"bricks\": [{\"x\": 66, \"y\": 473, \"id\": 95}, {\"x\": 130, \"y\": 473, \"id\": 95}, {\"x\": 642, \"y\": 473, \"id\": 95}, {\"x\": 290, \"y\": 346, \"id\": 95}, {\"x\": 290, \"y\": 473, \"id\": 95}, {\"x\": 34, \"y\": 313, \"id\": 95}, {\"x\": 34, \"y\": 473, \"id\": 95}, {\"x\": 98, \"y\": 473, \"id\": 95}, {\"x\": 162, \"y\": 473, \"id\": 95}, {\"x\": 418, \"y\": 473, \"id\": 95}, {\"x\": 674, \"y\": 473, \"id\": 95}, {\"x\": 354, \"y\": 473, \"id\": 95}, {\"x\": 610, \"y\": 473, \"id\": 95}, {\"x\": 578, \"y\": 345, \"id\": 95}, {\"x\": 482, \"y\": 473, \"id\": 95}, {\"x\": 418, \"y\": 505, \"id\": 95}, {\"x\": 162, \"y\": 441, \"id\": 95}, {\"x\": 514, \"y\": 345, \"id\": 95}, {\"x\": 738, \"y\": 473, \"id\": 95}, {\"x\": 386, \"y\": 345, \"id\": 95}, {\"x\": 738, \"y\": 313, \"id\": 95}, {\"x\": 194, \"y\": 345, \"id\": 95}, {\"x\": 226, \"y\": 346, \"id\": 95}, {\"x\": 738, \"y\": 409, \"id\": 95}, {\"x\": 738, \"y\": 441, \"id\": 95}, {\"x\": 322, \"y\": 473, \"id\": 95}, {\"x\": 34, \"y\": 505, \"id\": 95}, {\"x\": 66, \"y\": 505, \"id\": 95}, {\"x\": 98, \"y\": 505, \"id\": 95}, {\"x\": 130, \"y\": 505, \"id\": 95}, {\"x\": 162, \"y\": 505, \"id\": 95}, {\"x\": 194, \"y\": 505, \"id\": 95}, {\"x\": 226, \"y\": 505, \"id\": 95}, {\"x\": 258, \"y\": 505, \"id\": 95}, {\"x\": 290, \"y\": 505, \"id\": 95}, {\"x\": 322, \"y\": 505, \"id\": 95}, {\"x\": 354, \"y\": 505, \"id\": 95}, {\"x\": 386, \"y\": 505, \"id\": 95}, {\"x\": 450, \"y\": 505, \"id\": 95}, {\"x\": 482, \"y\": 505, \"id\": 95}, {\"x\": 514, \"y\": 505, \"id\": 95}, {\"x\": 546, \"y\": 505, \"id\": 95}, {\"x\": 578, \"y\": 505, \"id\": 95}, {\"x\": 610, \"y\": 505, \"id\": 95}, {\"x\": 642, \"y\": 505, \"id\": 95}, {\"x\": 674, \"y\": 505, \"id\": 95}, {\"x\": 706, \"y\": 505, \"id\": 95}, {\"x\": 34, \"y\": 441, \"id\": 95}, {\"x\": 610, \"y\": 409, \"id\": 95}, {\"x\": 34, \"y\": 409, \"id\": 95}, {\"x\": 482, \"y\": 345, \"id\": 95}, {\"x\": 610, \"y\": 313, \"id\": 95}, {\"x\": 162, \"y\": 409, \"id\": 95}, {\"x\": 354, \"y\": 409, \"id\": 95}, {\"x\": 386, \"y\": 409, \"id\": 95}, {\"x\": 578, \"y\": 409, \"id\": 95}, {\"x\": 130, \"y\": 345, \"id\": 95}, {\"x\": 482, \"y\": 377, \"id\": 95}, {\"x\": 258, \"y\": 409, \"id\": 95}, {\"x\": 482, \"y\": 313, \"id\": 95}, {\"x\": 289, \"y\": 314, \"id\": 95}, {\"x\": 482, \"y\": 409, \"id\": 95}, {\"x\": 738, \"y\": 505, \"id\": 95}, {\"x\": 450, \"y\": 377, \"id\": 95}, {\"x\": 450, \"y\": 345, \"id\": 95}, {\"x\": 706, \"y\": 473, \"id\": 95}, {\"x\": 34, \"y\": 377, \"id\": 95}, {\"x\": 34, \"y\": 345, \"id\": 95}, {\"x\": 66, \"y\": 345, \"id\": 95}, {\"x\": 194, \"y\": 377, \"id\": 95}, {\"x\": 738, \"y\": 377, \"id\": 95}, {\"x\": 738, \"y\": 345, \"id\": 95}, {\"x\": 610, \"y\": 345, \"id\": 95}, {\"x\": 642, \"y\": 345, \"id\": 95}, {\"x\": 98, \"y\": 345, \"id\": 95}, {\"x\": 674, \"y\": 345, \"id\": 95}, {\"x\": 162, \"y\": 377, \"id\": 95}, {\"x\": 66, \"y\": 377, \"id\": 95}, {\"x\": 706, \"y\": 345, \"id\": 95}, {\"x\": 386, \"y\": 473, \"id\": 95}, {\"x\": 66, \"y\": 409, \"id\": 95}, {\"x\": 162, \"y\": 345, \"id\": 95}, {\"x\": 194, \"y\": 409, \"id\": 95}, {\"x\": 226, \"y\": 409, \"id\": 95}, {\"x\": 290, \"y\": 409, \"id\": 95}, {\"x\": 322, \"y\": 409, \"id\": 95}, {\"x\": 418, \"y\": 409, \"id\": 95}, {\"x\": 450, \"y\": 409, \"id\": 95}, {\"x\": 514, \"y\": 409, \"id\": 95}, {\"x\": 386, \"y\": 377, \"id\": 95}, {\"x\": 418, \"y\": 377, \"id\": 95}, {\"x\": 578, \"y\": 377, \"id\": 95}, {\"x\": 610, \"y\": 377, \"id\": 95}, {\"x\": 610, \"y\": 441, \"id\": 95}, {\"x\": 706, \"y\": 377, \"id\": 95}, {\"x\": 354, \"y\": 377, \"id\": 95}, {\"x\": 322, \"y\": 377, \"id\": 95}, {\"x\": 450, \"y\": 473, \"id\": 95}, {\"x\": 706, \"y\": 441, \"id\": 95}, {\"x\": 546, \"y\": 409, \"id\": 95}, {\"x\": 290, \"y\": 377, \"id\": 95}, {\"x\": 162, \"y\": 313, \"id\": 95}, {\"x\": 546, \"y\": 345, \"id\": 95}, {\"x\": 66, \"y\": 441, \"id\": 95}, {\"x\": 354, \"y\": 345, \"id\": 95}, {\"x\": 706, \"y\": 409, \"id\": 95}, {\"x\": 418, \"y\": 345, \"id\": 95}, {\"x\": 258, \"y\": 346, \"id\": 95}, {\"x\": 322, \"y\": 346, \"id\": 95}], \"height\": 600, \"points\": [{\"x\": 210, \"y\": 353}, {\"x\": 594, \"y\": 353}, {\"x\": 81, \"y\": 353}, {\"x\": 722, \"y\": 353}, {\"x\": 130, \"y\": 473}, {\"x\": 674, \"y\": 473}, {\"x\": 255, \"y\": 398}, {\"x\": 546, \"y\": 409}]}', '17_thoatthan.map', 6, 90, 0, -20, 0),
(18, 'Thiên đường', '{\"width\": 860, \"bricks\": [{\"x\": 818, \"y\": 223, \"id\": 17}, {\"x\": 548, \"y\": 252, \"id\": 17}, {\"x\": 354, \"y\": 300, \"id\": 17}, {\"x\": 127, \"y\": 236, \"id\": 17}, {\"x\": 310, \"y\": 347, \"id\": 17}, {\"x\": 503, \"y\": 169, \"id\": 17}, {\"x\": 538, \"y\": 356, \"id\": 17}, {\"x\": 141, \"y\": 305, \"id\": 92}, {\"x\": 18, \"y\": 389, \"id\": 91}, {\"x\": 660, \"y\": 378, \"id\": 91}, {\"x\": 542, \"y\": 254, \"id\": 91}, {\"x\": 350, \"y\": 302, \"id\": 91}, {\"x\": 123, \"y\": 238, \"id\": 91}, {\"x\": 424, \"y\": 176, \"id\": 91}, {\"x\": 460, \"y\": 365, \"id\": 91}, {\"x\": 213, \"y\": 350, \"id\": 91}, {\"x\": 739, \"y\": 231, \"id\": 91}, {\"x\": 762, \"y\": 286, \"id\": 92}, {\"x\": 718, \"y\": 211, \"id\": 16}, {\"x\": 116, \"y\": 387, \"id\": 17}, {\"x\": 202, \"y\": 231, \"id\": 17}, {\"x\": 447, \"y\": 299, \"id\": 17}, {\"x\": 621, \"y\": 248, \"id\": 17}, {\"x\": 758, \"y\": 377, \"id\": 17}, {\"x\": 90, \"y\": 348, \"id\": 16}, {\"x\": 176, \"y\": 193, \"id\": 16}, {\"x\": 421, \"y\": 261, \"id\": 16}, {\"x\": 595, \"y\": 210, \"id\": 16}, {\"x\": 732, \"y\": 339, \"id\": 16}, {\"x\": 101, \"y\": 198, \"id\": 16}, {\"x\": 328, \"y\": 262, \"id\": 16}, {\"x\": 522, \"y\": 214, \"id\": 16}, {\"x\": 639, \"y\": 359, \"id\": 16}, {\"x\": 0, \"y\": 369, \"id\": 16}, {\"x\": 512, \"y\": 318, \"id\": 16}, {\"x\": 284, \"y\": 308, \"id\": 16}, {\"x\": 792, \"y\": 185, \"id\": 16}, {\"x\": 402, \"y\": 157, \"id\": 16}, {\"x\": 190, \"y\": 330, \"id\": 16}, {\"x\": 477, \"y\": 131, \"id\": 16}, {\"x\": 573, \"y\": 332, \"id\": 92}], \"height\": 500, \"points\": [{\"x\": 74, \"y\": 389}, {\"x\": 788, \"y\": 232}, {\"x\": 265, \"y\": 350}, {\"x\": 588, \"y\": 256}, {\"x\": 169, \"y\": 240}, {\"x\": 468, \"y\": 179}, {\"x\": 406, \"y\": 302}, {\"x\": 712, \"y\": 378}]}', '18_thienduong.map', 14, 0, 0, 0, -1),
(19, 'Miền đất hứa', '{\"width\": 900, \"bricks\": [{\"x\": 622, \"y\": 235, \"id\": 17}, {\"x\": 428, \"y\": 275, \"id\": 17}, {\"x\": 201, \"y\": 219, \"id\": 17}, {\"x\": 552, \"y\": 358, \"id\": 58}, {\"x\": 55, \"y\": 309, \"id\": 91}, {\"x\": 726, \"y\": 329, \"id\": 91}, {\"x\": 616, \"y\": 237, \"id\": 91}, {\"x\": 423, \"y\": 277, \"id\": 91}, {\"x\": 197, \"y\": 221, \"id\": 91}, {\"x\": 667, \"y\": 450, \"id\": 56}, {\"x\": 318, \"y\": 348, \"id\": 58}, {\"x\": 476, \"y\": 458, \"id\": 56}, {\"x\": 338, \"y\": 348, \"id\": 59}, {\"x\": 572, \"y\": 358, \"id\": 59}, {\"x\": 109, \"y\": 403, \"id\": 56}, {\"x\": 233, \"y\": 444, \"id\": 56}, {\"x\": 782, \"y\": 411, \"id\": 56}, {\"x\": 62, \"y\": 308, \"id\": 17}, {\"x\": 276, \"y\": 214, \"id\": 17}, {\"x\": 502, \"y\": 270, \"id\": 17}, {\"x\": 695, \"y\": 231, \"id\": 17}, {\"x\": 804, \"y\": 323, \"id\": 17}, {\"x\": 36, \"y\": 269, \"id\": 16}, {\"x\": 250, \"y\": 176, \"id\": 16}, {\"x\": 476, \"y\": 232, \"id\": 16}, {\"x\": 669, \"y\": 193, \"id\": 16}, {\"x\": 778, \"y\": 285, \"id\": 16}, {\"x\": 175, \"y\": 181, \"id\": 16}, {\"x\": 402, \"y\": 237, \"id\": 16}, {\"x\": 596, \"y\": 197, \"id\": 16}, {\"x\": 703, \"y\": 310, \"id\": 16}, {\"x\": 124, \"y\": 288, \"id\": 16}, {\"x\": 75, \"y\": 403, \"id\": 55}, {\"x\": 199, \"y\": 444, \"id\": 55}, {\"x\": 442, \"y\": 458, \"id\": 55}, {\"x\": 633, \"y\": 450, \"id\": 55}, {\"x\": 748, \"y\": 411, \"id\": 55}, {\"x\": 70, \"y\": 173, \"id\": 92}, {\"x\": 786, \"y\": 172, \"id\": 92}, {\"x\": 345, \"y\": 98, \"id\": 92}, {\"x\": 497, \"y\": 151, \"id\": 92}], \"height\": 600, \"points\": [{\"x\": 232, \"y\": 445}, {\"x\": 664, \"y\": 451}, {\"x\": 106, \"y\": 309}, {\"x\": 773, \"y\": 330}, {\"x\": 242, \"y\": 223}, {\"x\": 663, \"y\": 238}, {\"x\": 467, \"y\": 280}, {\"x\": 475, \"y\": 459}]}', '19_miendathua.map', 14, 0, 0, 0, -1),
(20, 'Mê cung', '{\"width\": 900, \"bricks\": [{\"x\": 363, \"y\": 301, \"id\": 3}, {\"x\": 120, \"y\": 333, \"id\": 68}, {\"x\": 162, \"y\": 353, \"id\": 68}, {\"x\": 440, \"y\": 334, \"id\": 68}, {\"x\": 400, \"y\": 314, \"id\": 68}, {\"x\": 600, \"y\": 317, \"id\": 68}, {\"x\": 558, \"y\": 317, \"id\": 67}, {\"x\": 322, \"y\": 314, \"id\": 67}, {\"x\": 280, \"y\": 335, \"id\": 67}, {\"x\": 518, \"y\": 336, \"id\": 67}, {\"x\": 240, \"y\": 355, \"id\": 67}, {\"x\": 158, \"y\": 469, \"id\": 68}, {\"x\": 199, \"y\": 490, \"id\": 68}, {\"x\": 240, \"y\": 510, \"id\": 68}, {\"x\": 678, \"y\": 336, \"id\": 68}, {\"x\": 717, \"y\": 357, \"id\": 68}, {\"x\": 789, \"y\": 393, \"id\": 68}, {\"x\": 828, \"y\": 417, \"id\": 68}, {\"x\": 43, \"y\": 365, \"id\": 68}, {\"x\": 637, \"y\": 434, \"id\": 68}, {\"x\": 513, \"y\": 373, \"id\": 68}, {\"x\": 556, \"y\": 393, \"id\": 68}, {\"x\": 595, \"y\": 413, \"id\": 68}, {\"x\": 405, \"y\": 439, \"id\": 68}, {\"x\": 445, \"y\": 459, \"id\": 68}, {\"x\": 485, \"y\": 478, \"id\": 68}, {\"x\": 45, \"y\": 415, \"id\": 68}, {\"x\": 84, \"y\": 440, \"id\": 68}, {\"x\": 228, \"y\": 399, \"id\": 68}, {\"x\": 269, \"y\": 420, \"id\": 68}, {\"x\": 300, \"y\": 435, \"id\": 68}, {\"x\": 43, \"y\": 339, \"id\": 67}, {\"x\": 678, \"y\": 455, \"id\": 68}, {\"x\": 450, \"y\": 383, \"id\": 67}, {\"x\": 409, \"y\": 404, \"id\": 67}, {\"x\": 367, \"y\": 425, \"id\": 67}, {\"x\": 325, \"y\": 445, \"id\": 67}, {\"x\": 724, \"y\": 398, \"id\": 67}, {\"x\": 683, \"y\": 419, \"id\": 67}, {\"x\": 315, \"y\": 545, \"id\": 68}, {\"x\": 643, \"y\": 439, \"id\": 67}, {\"x\": 602, \"y\": 460, \"id\": 67}, {\"x\": 563, \"y\": 480, \"id\": 67}, {\"x\": 355, \"y\": 565, \"id\": 68}, {\"x\": 287, \"y\": 465, \"id\": 67}, {\"x\": 394, \"y\": 565, \"id\": 67}, {\"x\": 829, \"y\": 445, \"id\": 67}, {\"x\": 789, \"y\": 466, \"id\": 67}, {\"x\": 246, \"y\": 483, \"id\": 67}, {\"x\": 720, \"y\": 474, \"id\": 68}, {\"x\": 186, \"y\": 402, \"id\": 67}, {\"x\": 44, \"y\": 389, \"id\": 67}, {\"x\": 758, \"y\": 480, \"id\": 3}, {\"x\": 281, \"y\": 520, \"id\": 3}, {\"x\": 83, \"y\": 321, \"id\": 3}, {\"x\": 203, \"y\": 367, \"id\": 3}, {\"x\": 480, \"y\": 346, \"id\": 3}, {\"x\": 641, \"y\": 322, \"id\": 3}, {\"x\": 755, \"y\": 371, \"id\": 3}, {\"x\": 148, \"y\": 430, \"id\": 67}, {\"x\": 123, \"y\": 446, \"id\": 3}, {\"x\": 500, \"y\": 510, \"id\": 67}, {\"x\": 433, \"y\": 544, \"id\": 67}, {\"x\": 472, \"y\": 524, \"id\": 67}, {\"x\": 526, \"y\": 488, \"id\": 3}], \"height\": 600, \"points\": [{\"x\": 101, \"y\": 322}, {\"x\": 769, \"y\": 374}, {\"x\": 303, \"y\": 435}, {\"x\": 701, \"y\": 430}, {\"x\": 218, \"y\": 369}, {\"x\": 496, \"y\": 347}, {\"x\": 136, \"y\": 450}, {\"x\": 543, \"y\": 489}]}', '20_mecung.map', 13, 0, 0, 0, -1),
(21, 'Hang đá', '{\"width\": 900, \"bricks\": [{\"x\": 625, \"y\": 323, \"id\": 83}, {\"x\": 455, \"y\": 323, \"id\": 83}, {\"x\": 45, \"y\": 322, \"id\": 82}, {\"x\": 387, \"y\": 323, \"id\": 83}, {\"x\": 285, \"y\": 322, \"id\": 83}, {\"x\": 251, \"y\": 322, \"id\": 83}, {\"x\": 183, \"y\": 321, \"id\": 83}, {\"x\": 489, \"y\": 323, \"id\": 83}, {\"x\": 421, \"y\": 323, \"id\": 83}, {\"x\": 523, \"y\": 323, \"id\": 83}, {\"x\": 353, \"y\": 322, \"id\": 83}, {\"x\": 319, \"y\": 323, \"id\": 83}, {\"x\": 115, \"y\": 321, \"id\": 83}, {\"x\": 217, \"y\": 321, \"id\": 83}, {\"x\": 149, \"y\": 321, \"id\": 83}, {\"x\": 591, \"y\": 323, \"id\": 83}, {\"x\": 557, \"y\": 323, \"id\": 83}, {\"x\": 81, \"y\": 322, \"id\": 83}, {\"x\": 829, \"y\": 321, \"id\": 84}, {\"x\": 659, \"y\": 322, \"id\": 83}, {\"x\": 693, \"y\": 322, \"id\": 83}, {\"x\": 727, \"y\": 321, \"id\": 83}, {\"x\": 761, \"y\": 321, \"id\": 83}, {\"x\": 795, \"y\": 321, \"id\": 83}, {\"x\": 47, \"y\": 280, \"id\": 81}, {\"x\": 495, \"y\": 281, \"id\": 81}, {\"x\": 303, \"y\": 281, \"id\": 81}, {\"x\": 367, \"y\": 281, \"id\": 81}, {\"x\": 431, \"y\": 281, \"id\": 81}, {\"x\": 239, \"y\": 280, \"id\": 81}, {\"x\": 176, \"y\": 279, \"id\": 81}, {\"x\": 111, \"y\": 279, \"id\": 81}, {\"x\": 559, \"y\": 281, \"id\": 81}, {\"x\": 623, \"y\": 281, \"id\": 81}, {\"x\": 686, \"y\": 280, \"id\": 81}, {\"x\": 751, \"y\": 279, \"id\": 81}, {\"x\": 818, \"y\": 278, \"id\": 81}], \"height\": 400, \"points\": [{\"x\": 98, \"y\": 322}, {\"x\": 806, \"y\": 321}, {\"x\": 227, \"y\": 321}, {\"x\": 669, \"y\": 322}, {\"x\": 354, \"y\": 324}, {\"x\": 545, \"y\": 323}, {\"x\": 417, \"y\": 324}, {\"x\": 481, \"y\": 323}]}', '21_hangda.map', 13, 0, 0, 0, -1),
(22, 'Cây cầu dừa', '{\"width\": 905, \"bricks\": [{\"x\": 448, \"y\": 505, \"id\": 4}, {\"x\": 254, \"y\": 505, \"id\": 4}, {\"x\": 296, \"y\": 247, \"id\": 28}, {\"x\": 166, \"y\": 309, \"id\": 28}, {\"x\": 552, \"y\": 248, \"id\": 28}, {\"x\": 680, \"y\": 308, \"id\": 28}, {\"x\": 96, \"y\": 501, \"id\": 28}, {\"x\": 421, \"y\": 215, \"id\": 28}, {\"x\": 152, \"y\": 501, \"id\": 30}, {\"x\": 182, \"y\": 501, \"id\": 30}, {\"x\": 212, \"y\": 501, \"id\": 30}, {\"x\": 747, \"y\": 501, \"id\": 30}, {\"x\": 718, \"y\": 501, \"id\": 30}, {\"x\": 688, \"y\": 501, \"id\": 30}, {\"x\": 658, \"y\": 501, \"id\": 30}, {\"x\": 122, \"y\": 501, \"id\": 30}, {\"x\": 322, \"y\": 247, \"id\": 29}, {\"x\": 777, \"y\": 501, \"id\": 29}, {\"x\": 192, \"y\": 309, \"id\": 29}, {\"x\": 242, \"y\": 501, \"id\": 29}, {\"x\": 706, \"y\": 308, \"id\": 29}, {\"x\": 578, \"y\": 248, \"id\": 29}, {\"x\": 447, \"y\": 215, \"id\": 29}, {\"x\": 110, \"y\": 481, \"id\": 17}, {\"x\": 84, \"y\": 423, \"id\": 16}, {\"x\": 110, \"y\": 461, \"id\": 17}, {\"x\": 107, \"y\": 441, \"id\": 16}, {\"x\": 133, \"y\": 480, \"id\": 17}, {\"x\": 632, \"y\": 501, \"id\": 28}, {\"x\": 783, \"y\": 482, \"id\": 17}, {\"x\": 783, \"y\": 462, \"id\": 17}, {\"x\": 761, \"y\": 481, \"id\": 17}, {\"x\": 757, \"y\": 424, \"id\": 16}, {\"x\": 735, \"y\": 443, \"id\": 16}], \"height\": 600, \"points\": [{\"x\": 320, \"y\": 248}, {\"x\": 577, \"y\": 249}, {\"x\": 192, \"y\": 502}, {\"x\": 705, \"y\": 502}, {\"x\": 192, \"y\": 310}, {\"x\": 704, \"y\": 309}, {\"x\": 114, \"y\": 439}, {\"x\": 786, \"y\": 438}]}', '22_caycaudua.map', 5, 100, 0, -5, 0);
INSERT INTO `map` (`id`, `name`, `data`, `file`, `bg`, `mapAddY`, `bullEffShower`, `inWaterAddY`, `cl2AddY`) VALUES
(23, 'Đền tế', '{\"width\": 905, \"bricks\": [{\"x\": 316, \"y\": 472, \"id\": 33}, {\"x\": 589, \"y\": 472, \"id\": 33}, {\"x\": 259, \"y\": 472, \"id\": 33}, {\"x\": 424, \"y\": 472, \"id\": 33}, {\"x\": 721, \"y\": 473, \"id\": 9}, {\"x\": 627, \"y\": 472, \"id\": 33}, {\"x\": 570, \"y\": 472, \"id\": 33}, {\"x\": 640, \"y\": 312, \"id\": 10}, {\"x\": 481, \"y\": 472, \"id\": 33}, {\"x\": 297, \"y\": 472, \"id\": 33}, {\"x\": 500, \"y\": 472, \"id\": 33}, {\"x\": 405, \"y\": 472, \"id\": 33}, {\"x\": 278, \"y\": 472, \"id\": 33}, {\"x\": 81, \"y\": 470, \"id\": 9}, {\"x\": 608, \"y\": 312, \"id\": 11}, {\"x\": 463, \"y\": 343, \"id\": 11}, {\"x\": 432, \"y\": 311, \"id\": 9}, {\"x\": 227, \"y\": 472, \"id\": 9}, {\"x\": 519, \"y\": 472, \"id\": 33}, {\"x\": 816, \"y\": 472, \"id\": 11}, {\"x\": 367, \"y\": 472, \"id\": 33}, {\"x\": 401, \"y\": 343, \"id\": 10}, {\"x\": 689, \"y\": 473, \"id\": 10}, {\"x\": 256, \"y\": 320, \"id\": 10}, {\"x\": 49, \"y\": 470, \"id\": 10}, {\"x\": 144, \"y\": 470, \"id\": 9}, {\"x\": 646, \"y\": 473, \"id\": 9}, {\"x\": 538, \"y\": 473, \"id\": 9}, {\"x\": 335, \"y\": 473, \"id\": 9}, {\"x\": 176, \"y\": 470, \"id\": 11}, {\"x\": 784, \"y\": 472, \"id\": 9}, {\"x\": 462, \"y\": 472, \"id\": 33}, {\"x\": 443, \"y\": 472, \"id\": 33}, {\"x\": 386, \"y\": 472, \"id\": 33}, {\"x\": 608, \"y\": 472, \"id\": 33}, {\"x\": 96, \"y\": 439, \"id\": 13}, {\"x\": 224, \"y\": 352, \"id\": 13}, {\"x\": 142, \"y\": 214, \"id\": 13}, {\"x\": 174, \"y\": 214, \"id\": 14}, {\"x\": 768, \"y\": 441, \"id\": 14}, {\"x\": 608, \"y\": 344, \"id\": 13}, {\"x\": 480, \"y\": 375, \"id\": 13}, {\"x\": 690, \"y\": 217, \"id\": 13}, {\"x\": 224, \"y\": 320, \"id\": 11}, {\"x\": 640, \"y\": 344, \"id\": 14}, {\"x\": 385, \"y\": 375, \"id\": 14}, {\"x\": 256, \"y\": 352, \"id\": 14}, {\"x\": 128, \"y\": 439, \"id\": 14}, {\"x\": 736, \"y\": 441, \"id\": 13}, {\"x\": 722, \"y\": 217, \"id\": 14}], \"height\": 600, \"points\": [{\"x\": 256, \"y\": 351}, {\"x\": 641, \"y\": 342}, {\"x\": 401, \"y\": 374}, {\"x\": 495, \"y\": 375}, {\"x\": 174, \"y\": 214}, {\"x\": 721, \"y\": 217}, {\"x\": 127, \"y\": 439}, {\"x\": 768, \"y\": 441}]}', '23_dente.map', 3, 150, 0, 0, -1),
(24, 'Bong bóng 1', '{\"width\": 800, \"bricks\": [{\"x\": 10, \"y\": 479, \"id\": 113}, {\"x\": 95, \"y\": 518, \"id\": 113}, {\"x\": 182, \"y\": 483, \"id\": 113}, {\"x\": 268, \"y\": 472, \"id\": 113}, {\"x\": 357, \"y\": 473, \"id\": 113}, {\"x\": 52, \"y\": 498, \"id\": 114}, {\"x\": 140, \"y\": 503, \"id\": 114}, {\"x\": 222, \"y\": 459, \"id\": 114}, {\"x\": 311, \"y\": 458, \"id\": 114}, {\"x\": 401, \"y\": 490, \"id\": 114}, {\"x\": 445, \"y\": 473, \"id\": 113}, {\"x\": 525, \"y\": 462, \"id\": 113}, {\"x\": 613, \"y\": 462, \"id\": 113}, {\"x\": 689, \"y\": 459, \"id\": 113}, {\"x\": 482, \"y\": 446, \"id\": 114}, {\"x\": 568, \"y\": 478, \"id\": 114}, {\"x\": 650, \"y\": 435, \"id\": 114}, {\"x\": 731, \"y\": 479, \"id\": 114}, {\"x\": 62, \"y\": 243, \"id\": 115}, {\"x\": 377, \"y\": 155, \"id\": 116}, {\"x\": 607, \"y\": 217, \"id\": 115}, {\"x\": 13, \"y\": 204, \"id\": 91}, {\"x\": 170, \"y\": 142, \"id\": 91}, {\"x\": 365, \"y\": 118, \"id\": 91}, {\"x\": 529, \"y\": 186, \"id\": 91}, {\"x\": 173, \"y\": 280, \"id\": 91}, {\"x\": 382, \"y\": 279, \"id\": 91}, {\"x\": 681, \"y\": 128, \"id\": 91}], \"height\": 600, \"points\": [{\"x\": 35, \"y\": 479}, {\"x\": 242, \"y\": 459}, {\"x\": 504, \"y\": 446}, {\"x\": 679, \"y\": 436}, {\"x\": 220, \"y\": 281}, {\"x\": 431, \"y\": 280}, {\"x\": 69, \"y\": 204}, {\"x\": 582, \"y\": 186}]}', '24_bongbong1.map', 14, 0, 0, 0, -1),
(25, 'Bong bóng 2', '{\"width\": 800, \"bricks\": [{\"x\": 44, \"y\": 454, \"id\": 113}, {\"x\": 108, \"y\": 449, \"id\": 113}, {\"x\": 73, \"y\": 425, \"id\": 113}, {\"x\": 98, \"y\": 488, \"id\": 113}, {\"x\": 54, \"y\": 491, \"id\": 113}, {\"x\": 264, \"y\": 368, \"id\": 114}, {\"x\": 231, \"y\": 394, \"id\": 113}, {\"x\": 302, \"y\": 388, \"id\": 113}, {\"x\": 293, \"y\": 432, \"id\": 114}, {\"x\": 244, \"y\": 433, \"id\": 114}, {\"x\": 266, \"y\": 403, \"id\": 113}, {\"x\": 74, \"y\": 461, \"id\": 114}, {\"x\": 435, \"y\": 351, \"id\": 114}, {\"x\": 447, \"y\": 389, \"id\": 113}, {\"x\": 471, \"y\": 328, \"id\": 113}, {\"x\": 506, \"y\": 351, \"id\": 114}, {\"x\": 496, \"y\": 390, \"id\": 113}, {\"x\": 472, \"y\": 364, \"id\": 114}, {\"x\": 688, \"y\": 440, \"id\": 114}, {\"x\": 619, \"y\": 433, \"id\": 114}, {\"x\": 654, \"y\": 417, \"id\": 114}, {\"x\": 673, \"y\": 477, \"id\": 114}, {\"x\": 625, \"y\": 474, \"id\": 114}, {\"x\": 652, \"y\": 452, \"id\": 113}, {\"x\": 76, \"y\": 256, \"id\": 91}, {\"x\": 239, \"y\": 152, \"id\": 91}, {\"x\": 448, \"y\": 183, \"id\": 91}, {\"x\": 667, \"y\": 250, \"id\": 91}, {\"x\": 168, \"y\": 530, \"id\": 91}, {\"x\": 358, \"y\": 466, \"id\": 91}, {\"x\": 515, \"y\": 540, \"id\": 91}], \"height\": 600, \"points\": [{\"x\": 98, \"y\": 425}, {\"x\": 286, \"y\": 368}, {\"x\": 493, \"y\": 328}, {\"x\": 674, \"y\": 417}, {\"x\": 290, \"y\": 152}, {\"x\": 495, \"y\": 184}, {\"x\": 133, \"y\": 256}, {\"x\": 717, \"y\": 250}]}', '25_bongbong2.map', 14, 0, 0, 0, -1),
(26, 'Cầu vồng', '{\"width\": 800, \"bricks\": [{\"x\": 8, \"y\": 469, \"id\": 104}, {\"x\": 21, \"y\": 468, \"id\": 105}, {\"x\": 26, \"y\": 442, \"id\": 106}, {\"x\": 73, \"y\": 437, \"id\": 107}, {\"x\": 73, \"y\": 468, \"id\": 108}, {\"x\": 114, \"y\": 468, \"id\": 109}, {\"x\": 125, \"y\": 441, \"id\": 110}, {\"x\": 125, \"y\": 468, \"id\": 111}, {\"x\": 209, \"y\": 367, \"id\": 104}, {\"x\": 222, \"y\": 367, \"id\": 105}, {\"x\": 227, \"y\": 341, \"id\": 106}, {\"x\": 274, \"y\": 336, \"id\": 107}, {\"x\": 274, \"y\": 367, \"id\": 108}, {\"x\": 315, \"y\": 367, \"id\": 109}, {\"x\": 326, \"y\": 340, \"id\": 110}, {\"x\": 326, \"y\": 367, \"id\": 111}, {\"x\": 378, \"y\": 369, \"id\": 112}, {\"x\": 177, \"y\": 470, \"id\": 112}, {\"x\": 418, \"y\": 431, \"id\": 104}, {\"x\": 431, \"y\": 430, \"id\": 105}, {\"x\": 436, \"y\": 404, \"id\": 106}, {\"x\": 483, \"y\": 399, \"id\": 107}, {\"x\": 483, \"y\": 429, \"id\": 108}, {\"x\": 523, \"y\": 430, \"id\": 109}, {\"x\": 534, \"y\": 403, \"id\": 110}, {\"x\": 534, \"y\": 430, \"id\": 111}, {\"x\": 586, \"y\": 433, \"id\": 112}, {\"x\": 612, \"y\": 331, \"id\": 104}, {\"x\": 625, \"y\": 331, \"id\": 105}, {\"x\": 630, \"y\": 305, \"id\": 106}, {\"x\": 677, \"y\": 300, \"id\": 107}, {\"x\": 677, \"y\": 331, \"id\": 108}, {\"x\": 718, \"y\": 331, \"id\": 109}, {\"x\": 729, \"y\": 305, \"id\": 110}, {\"x\": 729, \"y\": 332, \"id\": 111}, {\"x\": 781, \"y\": 334, \"id\": 112}, {\"x\": 26, \"y\": 243, \"id\": 91}, {\"x\": 203, \"y\": 167, \"id\": 91}, {\"x\": 416, \"y\": 133, \"id\": 91}, {\"x\": 584, \"y\": 207, \"id\": 91}, {\"x\": 157, \"y\": 554, \"id\": 91}, {\"x\": 353, \"y\": 518, \"id\": 91}, {\"x\": 607, \"y\": 486, \"id\": 91}], \"height\": 600, \"points\": [{\"x\": 32, \"y\": 465}, {\"x\": 157, \"y\": 462}, {\"x\": 231, \"y\": 366}, {\"x\": 362, \"y\": 360}, {\"x\": 438, \"y\": 428}, {\"x\": 565, \"y\": 425}, {\"x\": 628, \"y\": 331}, {\"x\": 764, \"y\": 325}]}', '26_cauvong.map', 14, 0, 0, 0, -1),
(27, 'Ngẫu nhiên', '{\"width\": 800, \"bricks\": [], \"height\": 0, \"points\": []}', 'randomMap.map', 13, -1, 80, -1, -1),
(28, 'Halloween', '{\"width\": 800, \"bricks\": [{\"x\": 64, \"y\": 304, \"id\": 80}, {\"x\": 641, \"y\": 178, \"id\": 80}, {\"x\": 257, \"y\": 177, \"id\": 80}, {\"x\": 449, \"y\": 306, \"id\": 80}, {\"x\": 210, \"y\": 449, \"id\": 97}, {\"x\": 140, \"y\": 449, \"id\": 97}, {\"x\": 385, \"y\": 449, \"id\": 97}, {\"x\": 420, \"y\": 449, \"id\": 97}, {\"x\": 455, \"y\": 449, \"id\": 97}, {\"x\": 490, \"y\": 449, \"id\": 97}, {\"x\": 525, \"y\": 449, \"id\": 97}, {\"x\": 560, \"y\": 449, \"id\": 97}, {\"x\": 595, \"y\": 449, \"id\": 97}, {\"x\": 630, \"y\": 449, \"id\": 97}, {\"x\": 700, \"y\": 449, \"id\": 97}, {\"x\": 735, \"y\": 449, \"id\": 97}, {\"x\": 770, \"y\": 449, \"id\": 97}, {\"x\": 665, \"y\": 449, \"id\": 97}, {\"x\": 0, \"y\": 449, \"id\": 97}, {\"x\": 35, \"y\": 449, \"id\": 97}, {\"x\": 70, \"y\": 449, \"id\": 97}, {\"x\": 105, \"y\": 449, \"id\": 97}, {\"x\": 175, \"y\": 449, \"id\": 97}, {\"x\": 245, \"y\": 449, \"id\": 97}, {\"x\": 280, \"y\": 449, \"id\": 97}, {\"x\": 315, \"y\": 449, \"id\": 97}, {\"x\": 350, \"y\": 449, \"id\": 97}, {\"x\": 65, \"y\": 430, \"id\": 98}, {\"x\": 721, \"y\": 428, \"id\": 98}, {\"x\": 266, \"y\": 429, \"id\": 98}, {\"x\": 748, \"y\": 428, \"id\": 98}, {\"x\": 42, \"y\": 436, \"id\": 99}, {\"x\": 268, \"y\": 413, \"id\": 99}, {\"x\": 750, \"y\": 411, \"id\": 99}, {\"x\": 455, \"y\": 433, \"id\": 99}], \"height\": 500, \"points\": [{\"x\": 98, \"y\": 305}, {\"x\": 711, \"y\": 449}, {\"x\": 292, \"y\": 177}, {\"x\": 203, \"y\": 450}, {\"x\": 483, \"y\": 307}, {\"x\": 675, \"y\": 179}, {\"x\": 561, \"y\": 449}, {\"x\": 382, \"y\": 449}]}', '28_halloween1.map', 15, 20, -1, -1, -1),
(29, 'Halloween 2', '{\"width\": 800, \"bricks\": [{\"x\": 17, \"y\": 245, \"id\": 80}, {\"x\": 88, \"y\": 310, \"id\": 80}, {\"x\": 709, \"y\": 270, \"id\": 80}, {\"x\": 630, \"y\": 307, \"id\": 80}, {\"x\": 166, \"y\": 249, \"id\": 80}, {\"x\": 241, \"y\": 298, \"id\": 80}, {\"x\": 321, \"y\": 230, \"id\": 80}, {\"x\": 395, \"y\": 306, \"id\": 80}, {\"x\": 548, \"y\": 286, \"id\": 80}, {\"x\": 469, \"y\": 250, \"id\": 80}, {\"x\": -1, \"y\": 471, \"id\": 81}, {\"x\": 116, \"y\": 467, \"id\": 81}, {\"x\": 35, \"y\": 455, \"id\": 81}, {\"x\": 77, \"y\": 460, \"id\": 81}, {\"x\": 139, \"y\": 455, \"id\": 81}, {\"x\": 190, \"y\": 470, \"id\": 81}, {\"x\": 209, \"y\": 455, \"id\": 81}, {\"x\": 244, \"y\": 462, \"id\": 81}, {\"x\": 279, \"y\": 455, \"id\": 81}, {\"x\": 307, \"y\": 459, \"id\": 81}, {\"x\": 349, \"y\": 455, \"id\": 81}, {\"x\": 382, \"y\": 464, \"id\": 81}, {\"x\": 417, \"y\": 459, \"id\": 81}, {\"x\": 452, \"y\": 457, \"id\": 81}, {\"x\": 487, \"y\": 469, \"id\": 81}, {\"x\": 522, \"y\": 465, \"id\": 81}, {\"x\": 557, \"y\": 460, \"id\": 81}, {\"x\": 592, \"y\": 472, \"id\": 81}, {\"x\": 627, \"y\": 458, \"id\": 81}, {\"x\": 662, \"y\": 462, \"id\": 81}, {\"x\": 741, \"y\": 469, \"id\": 81}, {\"x\": 769, \"y\": 459, \"id\": 81}, {\"x\": 721, \"y\": 464, \"id\": 81}, {\"x\": 697, \"y\": 459, \"id\": 81}], \"height\": 500, \"points\": [{\"x\": 122, \"y\": 311}, {\"x\": 667, \"y\": 307}, {\"x\": 270, \"y\": 303}, {\"x\": 500, \"y\": 253}, {\"x\": 354, \"y\": 231}, {\"x\": 44, \"y\": 250}, {\"x\": 741, \"y\": 272}, {\"x\": 427, \"y\": 308}]}', '29_halloween2.map', 15, 20, -1, -1, -1),
(30, 'Bom 1', '{\"width\": 1200, \"bricks\": [{\"x\": 91, \"y\": 300, \"id\": 73}, {\"x\": 59, \"y\": 332, \"id\": 73}, {\"x\": 27, \"y\": 364, \"id\": 73}, {\"x\": 123, \"y\": 300, \"id\": 73}, {\"x\": 155, \"y\": 300, \"id\": 73}, {\"x\": 187, \"y\": 300, \"id\": 73}, {\"x\": 219, \"y\": 300, \"id\": 73}, {\"x\": 251, \"y\": 300, \"id\": 73}, {\"x\": 283, \"y\": 300, \"id\": 73}, {\"x\": 315, \"y\": 300, \"id\": 73}, {\"x\": 283, \"y\": 268, \"id\": 73}, {\"x\": 315, \"y\": 268, \"id\": 73}, {\"x\": 347, \"y\": 300, \"id\": 73}, {\"x\": 379, \"y\": 300, \"id\": 73}, {\"x\": 411, \"y\": 300, \"id\": 73}, {\"x\": 443, \"y\": 300, \"id\": 73}, {\"x\": 219, \"y\": 332, \"id\": 73}, {\"x\": 187, \"y\": 364, \"id\": 73}, {\"x\": 507, \"y\": 268, \"id\": 73}, {\"x\": 539, \"y\": 268, \"id\": 73}, {\"x\": 571, \"y\": 268, \"id\": 73}, {\"x\": 603, \"y\": 268, \"id\": 73}, {\"x\": 635, \"y\": 268, \"id\": 73}, {\"x\": 667, \"y\": 268, \"id\": 73}, {\"x\": 699, \"y\": 268, \"id\": 73}, {\"x\": 603, \"y\": 236, \"id\": 73}, {\"x\": 571, \"y\": 236, \"id\": 73}, {\"x\": 731, \"y\": 300, \"id\": 73}, {\"x\": 763, \"y\": 332, \"id\": 73}, {\"x\": 795, \"y\": 364, \"id\": 73}, {\"x\": 763, \"y\": 300, \"id\": 73}, {\"x\": 795, \"y\": 300, \"id\": 73}, {\"x\": 827, \"y\": 300, \"id\": 73}, {\"x\": 859, \"y\": 300, \"id\": 73}, {\"x\": 891, \"y\": 300, \"id\": 73}, {\"x\": 923, \"y\": 300, \"id\": 73}, {\"x\": 955, \"y\": 300, \"id\": 73}, {\"x\": 987, \"y\": 300, \"id\": 73}, {\"x\": 1019, \"y\": 300, \"id\": 73}, {\"x\": 1051, \"y\": 300, \"id\": 73}, {\"x\": 1083, \"y\": 300, \"id\": 73}, {\"x\": 891, \"y\": 268, \"id\": 73}, {\"x\": 859, \"y\": 268, \"id\": 73}, {\"x\": 955, \"y\": 332, \"id\": 73}, {\"x\": 411, \"y\": 332, \"id\": 73}, {\"x\": 475, \"y\": 268, \"id\": 73}, {\"x\": 987, \"y\": 364, \"id\": 73}, {\"x\": 1115, \"y\": 332, \"id\": 73}, {\"x\": 1147, \"y\": 364, \"id\": 73}, {\"x\": 379, \"y\": 364, \"id\": 73}, {\"x\": 189, \"y\": 335, \"id\": 74}, {\"x\": 29, \"y\": 335, \"id\": 74}, {\"x\": 61, \"y\": 303, \"id\": 74}, {\"x\": 253, \"y\": 271, \"id\": 74}, {\"x\": 59, \"y\": 364, \"id\": 71}, {\"x\": 91, \"y\": 332, \"id\": 71}, {\"x\": 251, \"y\": 332, \"id\": 71}, {\"x\": 219, \"y\": 364, \"id\": 71}, {\"x\": 347, \"y\": 271, \"id\": 75}, {\"x\": 445, \"y\": 271, \"id\": 74}, {\"x\": 381, \"y\": 335, \"id\": 74}, {\"x\": 541, \"y\": 239, \"id\": 74}, {\"x\": 411, \"y\": 364, \"id\": 71}, {\"x\": 443, \"y\": 332, \"id\": 71}, {\"x\": 475, \"y\": 300, \"id\": 71}, {\"x\": 635, \"y\": 239, \"id\": 75}, {\"x\": 731, \"y\": 271, \"id\": 75}, {\"x\": 923, \"y\": 271, \"id\": 75}, {\"x\": 795, \"y\": 335, \"id\": 75}, {\"x\": 1147, \"y\": 335, \"id\": 75}, {\"x\": 1115, \"y\": 303, \"id\": 75}, {\"x\": 987, \"y\": 335, \"id\": 75}, {\"x\": 701, \"y\": 300, \"id\": 70}, {\"x\": 733, \"y\": 332, \"id\": 70}, {\"x\": 765, \"y\": 364, \"id\": 70}, {\"x\": 829, \"y\": 271, \"id\": 74}, {\"x\": 957, \"y\": 364, \"id\": 70}, {\"x\": 925, \"y\": 332, \"id\": 70}, {\"x\": 1085, \"y\": 332, \"id\": 70}, {\"x\": 1117, \"y\": 364, \"id\": 70}, {\"x\": 573, \"y\": 300, \"id\": 70}, {\"x\": 603, \"y\": 300, \"id\": 71}], \"height\": 400, \"points\": [{\"x\": 490, \"y\": 269}, {\"x\": 715, \"y\": 269}, {\"x\": 427, \"y\": 301}, {\"x\": 777, \"y\": 301}, {\"x\": 586, \"y\": 237}, {\"x\": 618, \"y\": 237}, {\"x\": 522, \"y\": 269}, {\"x\": 682, \"y\": 269}]}', '41_Boss_Boom1.map', 7, -1, -80, -42, 0),
(31, 'Bom 2', '{\"width\": 1100, \"bricks\": [{\"x\": 474, \"y\": 436, \"id\": 73}, {\"x\": 628, \"y\": 346, \"id\": 73}, {\"x\": 320, \"y\": 526, \"id\": 73}, {\"x\": 32, \"y\": 558, \"id\": 73}, {\"x\": 412, \"y\": 437, \"id\": 74}, {\"x\": 784, \"y\": 257, \"id\": 74}, {\"x\": 568, \"y\": 377, \"id\": 74}, {\"x\": 382, \"y\": 467, \"id\": 74}, {\"x\": 598, \"y\": 347, \"id\": 74}, {\"x\": 754, \"y\": 287, \"id\": 74}, {\"x\": 538, \"y\": 407, \"id\": 74}, {\"x\": 64, \"y\": 526, \"id\": 73}, {\"x\": 128, \"y\": 526, \"id\": 73}, {\"x\": 96, \"y\": 526, \"id\": 73}, {\"x\": 160, \"y\": 526, \"id\": 73}, {\"x\": 192, \"y\": 526, \"id\": 73}, {\"x\": 224, \"y\": 526, \"id\": 73}, {\"x\": 256, \"y\": 526, \"id\": 73}, {\"x\": 288, \"y\": 526, \"id\": 73}, {\"x\": 692, \"y\": 346, \"id\": 73}, {\"x\": 814, \"y\": 255, \"id\": 73}, {\"x\": 846, \"y\": 255, \"id\": 73}, {\"x\": 660, \"y\": 346, \"id\": 73}, {\"x\": 128, \"y\": 558, \"id\": 73}, {\"x\": 724, \"y\": 317, \"id\": 74}, {\"x\": 942, \"y\": 255, \"id\": 73}, {\"x\": 910, \"y\": 255, \"id\": 73}, {\"x\": 974, \"y\": 255, \"id\": 73}, {\"x\": 878, \"y\": 255, \"id\": 73}, {\"x\": 474, \"y\": 532, \"id\": 73}, {\"x\": 506, \"y\": 436, \"id\": 73}, {\"x\": 320, \"y\": 558, \"id\": 73}, {\"x\": 474, \"y\": 564, \"id\": 73}, {\"x\": 660, \"y\": 410, \"id\": 73}, {\"x\": 474, \"y\": 500, \"id\": 73}, {\"x\": 660, \"y\": 442, \"id\": 73}, {\"x\": 660, \"y\": 378, \"id\": 73}, {\"x\": 660, \"y\": 474, \"id\": 73}, {\"x\": 474, \"y\": 468, \"id\": 73}, {\"x\": 471, \"y\": 263, \"id\": 76}, {\"x\": 632, \"y\": 198, \"id\": 76}, {\"x\": 549, \"y\": 134, \"id\": 76}, {\"x\": 352, \"y\": 497, \"id\": 74}, {\"x\": 442, \"y\": 436, \"id\": 73}, {\"x\": 224, \"y\": 558, \"id\": 73}, {\"x\": 754, \"y\": 316, \"id\": 71}, {\"x\": 784, \"y\": 286, \"id\": 71}, {\"x\": 724, \"y\": 346, \"id\": 71}, {\"x\": 412, \"y\": 466, \"id\": 71}, {\"x\": 352, \"y\": 526, \"id\": 71}, {\"x\": 598, \"y\": 376, \"id\": 71}, {\"x\": 538, \"y\": 436, \"id\": 71}, {\"x\": 568, \"y\": 406, \"id\": 71}, {\"x\": 382, \"y\": 496, \"id\": 71}, {\"x\": 305, \"y\": 262, \"id\": 76}, {\"x\": 385, \"y\": 326, \"id\": 76}, {\"x\": 714, \"y\": 134, \"id\": 76}, {\"x\": 660, \"y\": 506, \"id\": 73}, {\"x\": 660, \"y\": 538, \"id\": 73}, {\"x\": 878, \"y\": 287, \"id\": 73}, {\"x\": 878, \"y\": 319, \"id\": 73}, {\"x\": 878, \"y\": 351, \"id\": 73}, {\"x\": 878, \"y\": 383, \"id\": 73}, {\"x\": 878, \"y\": 415, \"id\": 73}, {\"x\": 878, \"y\": 447, \"id\": 73}, {\"x\": 878, \"y\": 478, \"id\": 73}, {\"x\": 878, \"y\": 510, \"id\": 73}, {\"x\": 910, \"y\": 509, \"id\": 73}, {\"x\": 910, \"y\": 287, \"id\": 73}, {\"x\": 910, \"y\": 319, \"id\": 73}, {\"x\": 910, \"y\": 351, \"id\": 73}, {\"x\": 910, \"y\": 383, \"id\": 73}, {\"x\": 910, \"y\": 415, \"id\": 73}, {\"x\": 910, \"y\": 447, \"id\": 73}, {\"x\": 910, \"y\": 478, \"id\": 73}, {\"x\": 878, \"y\": 541, \"id\": 73}, {\"x\": 910, \"y\": 541, \"id\": 73}, {\"x\": 632, \"y\": 70, \"id\": 76}, {\"x\": 384, \"y\": 198, \"id\": 76}, {\"x\": 0, \"y\": 526, \"id\": 73}, {\"x\": 32, \"y\": 526, \"id\": 73}, {\"x\": 1070, \"y\": 255, \"id\": 73}, {\"x\": 1038, \"y\": 255, \"id\": 73}, {\"x\": 1006, \"y\": 255, \"id\": 73}], \"height\": 600, \"points\": [{\"x\": 92, \"y\": 527}, {\"x\": 345, \"y\": 527}, {\"x\": 128, \"y\": 527}, {\"x\": 309, \"y\": 527}, {\"x\": 164, \"y\": 527}, {\"x\": 273, \"y\": 527}, {\"x\": 200, \"y\": 527}, {\"x\": 235, \"y\": 527}]}', '42_Boss_Boom2.map', 7, -1, -80, 0, 0),
(32, 'Thành phố nhện', '{\"width\": 1500, \"bricks\": [{\"x\": 224, \"y\": 536, \"id\": 73}, {\"x\": 256, \"y\": 536, \"id\": 73}, {\"x\": 288, \"y\": 536, \"id\": 73}, {\"x\": 320, \"y\": 536, \"id\": 73}, {\"x\": 352, \"y\": 536, \"id\": 73}, {\"x\": 384, \"y\": 536, \"id\": 73}, {\"x\": 416, \"y\": 536, \"id\": 73}, {\"x\": 448, \"y\": 536, \"id\": 73}, {\"x\": 480, \"y\": 536, \"id\": 73}, {\"x\": 544, \"y\": 536, \"id\": 73}, {\"x\": 512, \"y\": 536, \"id\": 73}, {\"x\": 576, \"y\": 536, \"id\": 73}, {\"x\": 640, \"y\": 536, \"id\": 73}, {\"x\": 608, \"y\": 536, \"id\": 73}, {\"x\": 672, \"y\": 536, \"id\": 73}, {\"x\": 768, \"y\": 536, \"id\": 73}, {\"x\": 704, \"y\": 536, \"id\": 73}, {\"x\": 736, \"y\": 536, \"id\": 73}, {\"x\": 800, \"y\": 536, \"id\": 73}, {\"x\": 832, \"y\": 536, \"id\": 73}, {\"x\": 1312, \"y\": 536, \"id\": 73}, {\"x\": 1280, \"y\": 536, \"id\": 73}, {\"x\": 1248, \"y\": 536, \"id\": 73}, {\"x\": 1216, \"y\": 536, \"id\": 73}, {\"x\": 1184, \"y\": 536, \"id\": 73}, {\"x\": 1152, \"y\": 536, \"id\": 73}, {\"x\": 1120, \"y\": 536, \"id\": 73}, {\"x\": 1088, \"y\": 536, \"id\": 73}, {\"x\": 1056, \"y\": 536, \"id\": 73}, {\"x\": 1024, \"y\": 536, \"id\": 73}, {\"x\": 992, \"y\": 536, \"id\": 73}, {\"x\": 960, \"y\": 536, \"id\": 73}, {\"x\": 928, \"y\": 536, \"id\": 73}, {\"x\": 896, \"y\": 536, \"id\": 73}, {\"x\": 864, \"y\": 536, \"id\": 73}, {\"x\": 285, \"y\": 335, \"id\": 41}, {\"x\": 542, \"y\": 397, \"id\": 41}, {\"x\": 1183, \"y\": 332, \"id\": 41}, {\"x\": 414, \"y\": 368, \"id\": 41}, {\"x\": 1055, \"y\": 368, \"id\": 41}, {\"x\": 927, \"y\": 398, \"id\": 41}, {\"x\": 799, \"y\": 432, \"id\": 41}, {\"x\": 670, \"y\": 431, \"id\": 41}, {\"x\": 1207, \"y\": 332, \"id\": 39}, {\"x\": 1079, \"y\": 368, \"id\": 39}, {\"x\": 951, \"y\": 398, \"id\": 39}, {\"x\": 823, \"y\": 432, \"id\": 39}, {\"x\": 694, \"y\": 431, \"id\": 39}, {\"x\": 566, \"y\": 397, \"id\": 39}, {\"x\": 309, \"y\": 335, \"id\": 39}, {\"x\": 438, \"y\": 368, \"id\": 39}, {\"x\": 255, \"y\": 335, \"id\": 40}, {\"x\": 384, \"y\": 368, \"id\": 40}, {\"x\": 512, \"y\": 397, \"id\": 40}, {\"x\": 1153, \"y\": 332, \"id\": 40}, {\"x\": 1025, \"y\": 368, \"id\": 40}, {\"x\": 897, \"y\": 398, \"id\": 40}, {\"x\": 640, \"y\": 431, \"id\": 40}, {\"x\": 769, \"y\": 432, \"id\": 40}, {\"x\": 192, \"y\": 536, \"id\": 73}, {\"x\": 128, \"y\": 536, \"id\": 73}, {\"x\": 160, \"y\": 536, \"id\": 73}, {\"x\": 96, \"y\": 536, \"id\": 73}, {\"x\": 1376, \"y\": 536, \"id\": 73}, {\"x\": 1344, \"y\": 536, \"id\": 73}, {\"x\": 1017, \"y\": 220, \"id\": 39}, {\"x\": 517, \"y\": 220, \"id\": 39}, {\"x\": 753, \"y\": 197, \"id\": 39}, {\"x\": 963, \"y\": 220, \"id\": 40}, {\"x\": 699, \"y\": 197, \"id\": 40}, {\"x\": 463, \"y\": 220, \"id\": 40}, {\"x\": 729, \"y\": 197, \"id\": 41}, {\"x\": 493, \"y\": 220, \"id\": 41}, {\"x\": 993, \"y\": 220, \"id\": 41}, {\"x\": 64, \"y\": 536, \"id\": 73}, {\"x\": 1408, \"y\": 536, \"id\": 73}, {\"x\": 1440, \"y\": 536, \"id\": 73}, {\"x\": 1472, \"y\": 536, \"id\": 73}, {\"x\": 0, \"y\": 536, \"id\": 73}, {\"x\": 32, \"y\": 536, \"id\": 73}], \"height\": 600, \"points\": [{\"x\": 681, \"y\": 432}, {\"x\": 809, \"y\": 433}, {\"x\": 553, \"y\": 398}, {\"x\": 941, \"y\": 399}, {\"x\": 425, \"y\": 369}, {\"x\": 1068, \"y\": 369}, {\"x\": 295, \"y\": 336}, {\"x\": 1193, \"y\": 333}]}', '43_Boss_NhenMay.map', 10, -1, 45, -10, 0),
(33, 'Thành phố máy', '{\"width\": 960, \"bricks\": [{\"x\": 30, \"y\": 437, \"id\": 46}, {\"x\": 60, \"y\": 437, \"id\": 46}, {\"x\": 90, \"y\": 437, \"id\": 46}, {\"x\": 120, \"y\": 437, \"id\": 46}, {\"x\": 150, \"y\": 437, \"id\": 46}, {\"x\": 180, \"y\": 437, \"id\": 46}, {\"x\": 210, \"y\": 437, \"id\": 46}, {\"x\": 240, \"y\": 437, \"id\": 46}, {\"x\": 270, \"y\": 437, \"id\": 46}, {\"x\": 300, \"y\": 437, \"id\": 46}, {\"x\": 330, \"y\": 437, \"id\": 46}, {\"x\": 360, \"y\": 437, \"id\": 46}, {\"x\": 390, \"y\": 437, \"id\": 46}, {\"x\": 420, \"y\": 437, \"id\": 46}, {\"x\": 450, \"y\": 437, \"id\": 46}, {\"x\": 480, \"y\": 437, \"id\": 46}, {\"x\": 510, \"y\": 437, \"id\": 46}, {\"x\": 540, \"y\": 437, \"id\": 46}, {\"x\": 570, \"y\": 437, \"id\": 46}, {\"x\": 600, \"y\": 437, \"id\": 46}, {\"x\": 630, \"y\": 437, \"id\": 46}, {\"x\": 660, \"y\": 437, \"id\": 46}, {\"x\": 690, \"y\": 437, \"id\": 46}, {\"x\": 720, \"y\": 437, \"id\": 46}, {\"x\": 750, \"y\": 437, \"id\": 46}, {\"x\": 780, \"y\": 437, \"id\": 46}, {\"x\": 810, \"y\": 437, \"id\": 46}, {\"x\": 840, \"y\": 437, \"id\": 46}, {\"x\": 870, \"y\": 437, \"id\": 46}, {\"x\": 0, \"y\": 437, \"id\": 46}, {\"x\": 0, \"y\": 399, \"id\": 46}, {\"x\": 0, \"y\": 376, \"id\": 46}, {\"x\": 0, \"y\": 353, \"id\": 46}, {\"x\": 0, \"y\": 330, \"id\": 46}, {\"x\": 0, \"y\": 311, \"id\": 46}, {\"x\": 0, \"y\": 289, \"id\": 46}, {\"x\": 900, \"y\": 437, \"id\": 46}, {\"x\": 930, \"y\": 437, \"id\": 46}, {\"x\": 930, \"y\": 399, \"id\": 46}, {\"x\": 930, \"y\": 376, \"id\": 46}, {\"x\": 930, \"y\": 353, \"id\": 46}, {\"x\": 930, \"y\": 333, \"id\": 46}, {\"x\": 930, \"y\": 312, \"id\": 46}, {\"x\": 930, \"y\": 293, \"id\": 46}, {\"x\": 211, \"y\": 419, \"id\": 43}, {\"x\": 365, \"y\": 419, \"id\": 43}, {\"x\": 346, \"y\": 419, \"id\": 43}, {\"x\": 192, \"y\": 419, \"id\": 43}, {\"x\": 731, \"y\": 419, \"id\": 43}, {\"x\": 576, \"y\": 419, \"id\": 43}, {\"x\": 595, \"y\": 419, \"id\": 43}, {\"x\": 750, \"y\": 419, \"id\": 43}, {\"x\": 173, \"y\": 419, \"id\": 45}, {\"x\": 327, \"y\": 419, \"id\": 45}, {\"x\": 557, \"y\": 419, \"id\": 45}, {\"x\": 712, \"y\": 419, \"id\": 45}, {\"x\": 230, \"y\": 419, \"id\": 44}, {\"x\": 384, \"y\": 419, \"id\": 44}, {\"x\": 614, \"y\": 419, \"id\": 44}, {\"x\": 769, \"y\": 419, \"id\": 44}, {\"x\": 716, \"y\": 218, \"id\": 79}, {\"x\": 243, \"y\": 220, \"id\": 79}, {\"x\": 405, \"y\": 217, \"id\": 79}, {\"x\": 561, \"y\": 217, \"id\": 79}, {\"x\": 686, \"y\": 218, \"id\": 78}, {\"x\": 531, \"y\": 217, \"id\": 78}, {\"x\": 375, \"y\": 217, \"id\": 78}, {\"x\": 213, \"y\": 220, \"id\": 78}, {\"x\": 740, \"y\": 218, \"id\": 77}, {\"x\": 585, \"y\": 217, \"id\": 77}, {\"x\": 429, \"y\": 217, \"id\": 77}, {\"x\": 267, \"y\": 220, \"id\": 77}, {\"x\": 0, \"y\": 264, \"id\": 41}, {\"x\": 24, \"y\": 264, \"id\": 41}, {\"x\": 936, \"y\": 268, \"id\": 41}, {\"x\": 912, \"y\": 268, \"id\": 41}, {\"x\": 48, \"y\": 264, \"id\": 39}, {\"x\": 882, \"y\": 268, \"id\": 40}, {\"x\": 0, \"y\": 476, \"id\": 79}, {\"x\": 24, \"y\": 476, \"id\": 79}, {\"x\": 48, \"y\": 476, \"id\": 79}, {\"x\": 72, \"y\": 476, \"id\": 79}, {\"x\": 96, \"y\": 476, \"id\": 79}, {\"x\": 120, \"y\": 476, \"id\": 79}, {\"x\": 144, \"y\": 476, \"id\": 79}, {\"x\": 168, \"y\": 476, \"id\": 79}, {\"x\": 192, \"y\": 476, \"id\": 79}, {\"x\": 216, \"y\": 476, \"id\": 79}, {\"x\": 240, \"y\": 476, \"id\": 79}, {\"x\": 264, \"y\": 476, \"id\": 79}, {\"x\": 288, \"y\": 476, \"id\": 79}, {\"x\": 312, \"y\": 476, \"id\": 79}, {\"x\": 336, \"y\": 476, \"id\": 79}, {\"x\": 360, \"y\": 476, \"id\": 79}, {\"x\": 384, \"y\": 476, \"id\": 79}, {\"x\": 408, \"y\": 476, \"id\": 79}, {\"x\": 432, \"y\": 476, \"id\": 79}, {\"x\": 456, \"y\": 476, \"id\": 79}, {\"x\": 480, \"y\": 476, \"id\": 79}, {\"x\": 504, \"y\": 476, \"id\": 79}, {\"x\": 528, \"y\": 476, \"id\": 79}, {\"x\": 552, \"y\": 476, \"id\": 79}, {\"x\": 576, \"y\": 476, \"id\": 79}, {\"x\": 600, \"y\": 476, \"id\": 79}, {\"x\": 624, \"y\": 476, \"id\": 79}, {\"x\": 648, \"y\": 476, \"id\": 79}, {\"x\": 672, \"y\": 476, \"id\": 79}, {\"x\": 696, \"y\": 476, \"id\": 79}, {\"x\": 720, \"y\": 476, \"id\": 79}, {\"x\": 744, \"y\": 476, \"id\": 79}, {\"x\": 768, \"y\": 476, \"id\": 79}, {\"x\": 792, \"y\": 476, \"id\": 79}, {\"x\": 816, \"y\": 476, \"id\": 79}, {\"x\": 840, \"y\": 476, \"id\": 79}, {\"x\": 864, \"y\": 476, \"id\": 79}, {\"x\": 888, \"y\": 476, \"id\": 79}, {\"x\": 912, \"y\": 476, \"id\": 79}, {\"x\": 936, \"y\": 476, \"id\": 79}], \"height\": 500, \"points\": [{\"x\": 436, \"y\": 438}, {\"x\": 524, \"y\": 438}, {\"x\": 368, \"y\": 419}, {\"x\": 592, \"y\": 419}, {\"x\": 310, \"y\": 438}, {\"x\": 650, \"y\": 438}, {\"x\": 265, \"y\": 438}, {\"x\": 695, \"y\": 438}]}', '44_Boss_Robo.map', 10, -1, 45, -1, -1),
(34, 'Khủng long máy', '{\"width\": 1000, \"bricks\": [{\"x\": 117, \"y\": 516, \"id\": 73}, {\"x\": 149, \"y\": 516, \"id\": 73}, {\"x\": 181, \"y\": 516, \"id\": 73}, {\"x\": 149, \"y\": 548, \"id\": 73}, {\"x\": 181, \"y\": 548, \"id\": 73}, {\"x\": 213, \"y\": 516, \"id\": 73}, {\"x\": 245, \"y\": 516, \"id\": 73}, {\"x\": 277, \"y\": 516, \"id\": 73}, {\"x\": 309, \"y\": 516, \"id\": 73}, {\"x\": 277, \"y\": 548, \"id\": 73}, {\"x\": 309, \"y\": 548, \"id\": 73}, {\"x\": 341, \"y\": 516, \"id\": 73}, {\"x\": 373, \"y\": 516, \"id\": 73}, {\"x\": 405, \"y\": 516, \"id\": 73}, {\"x\": 437, \"y\": 516, \"id\": 73}, {\"x\": 469, \"y\": 516, \"id\": 73}, {\"x\": 405, \"y\": 486, \"id\": 73}, {\"x\": 437, \"y\": 486, \"id\": 73}, {\"x\": 21, \"y\": 548, \"id\": 73}, {\"x\": 53, \"y\": 548, \"id\": 73}, {\"x\": 53, \"y\": 516, \"id\": 73}, {\"x\": 85, \"y\": 516, \"id\": 73}, {\"x\": 375, \"y\": 487, \"id\": 74}, {\"x\": 469, \"y\": 487, \"id\": 75}, {\"x\": 501, \"y\": 548, \"id\": 73}, {\"x\": 533, \"y\": 548, \"id\": 73}, {\"x\": 565, \"y\": 548, \"id\": 73}, {\"x\": 597, \"y\": 548, \"id\": 73}, {\"x\": 629, \"y\": 548, \"id\": 73}, {\"x\": 533, \"y\": 517, \"id\": 73}, {\"x\": 501, \"y\": 517, \"id\": 73}, {\"x\": 661, \"y\": 548, \"id\": 73}, {\"x\": 693, \"y\": 548, \"id\": 73}, {\"x\": 725, \"y\": 548, \"id\": 73}, {\"x\": 725, \"y\": 516, \"id\": 73}, {\"x\": 757, \"y\": 516, \"id\": 73}, {\"x\": 757, \"y\": 548, \"id\": 73}, {\"x\": 789, \"y\": 548, \"id\": 73}, {\"x\": 565, \"y\": 519, \"id\": 75}, {\"x\": 694, \"y\": 516, \"id\": 73}, {\"x\": 911, \"y\": 455, \"id\": 73}, {\"x\": 847, \"y\": 455, \"id\": 73}, {\"x\": 879, \"y\": 455, \"id\": 73}, {\"x\": 815, \"y\": 455, \"id\": 73}, {\"x\": 693, \"y\": 488, \"id\": 74}, {\"x\": 755, \"y\": 427, \"id\": 74}, {\"x\": 723, \"y\": 486, \"id\": 71}, {\"x\": 724, \"y\": 458, \"id\": 74}, {\"x\": 664, \"y\": 519, \"id\": 74}, {\"x\": 789, \"y\": 516, \"id\": 73}, {\"x\": 116, \"y\": 380, \"id\": 15}, {\"x\": 212, \"y\": 380, \"id\": 15}, {\"x\": 316, \"y\": 421, \"id\": 15}, {\"x\": 284, \"y\": 421, \"id\": 15}, {\"x\": 84, \"y\": 380, \"id\": 15}, {\"x\": 148, \"y\": 380, \"id\": 15}, {\"x\": 52, \"y\": 380, \"id\": 15}, {\"x\": 180, \"y\": 380, \"id\": 15}, {\"x\": 616, \"y\": 230, \"id\": 15}, {\"x\": 616, \"y\": 365, \"id\": 15}, {\"x\": 524, \"y\": 296, \"id\": 15}, {\"x\": 430, \"y\": 241, \"id\": 15}, {\"x\": 439, \"y\": 370, \"id\": 15}, {\"x\": 785, \"y\": 427, \"id\": 75}, {\"x\": 21, \"y\": 516, \"id\": 73}, {\"x\": 944, \"y\": 427, \"id\": 74}, {\"x\": 784, \"y\": 455, \"id\": 73}, {\"x\": 942, \"y\": 455, \"id\": 73}, {\"x\": 754, \"y\": 455, \"id\": 73}], \"height\": 600, \"points\": [{\"x\": 100, \"y\": 383}, {\"x\": 197, \"y\": 517}, {\"x\": 68, \"y\": 383}, {\"x\": 229, \"y\": 517}, {\"x\": 135, \"y\": 517}, {\"x\": 165, \"y\": 517}, {\"x\": 162, \"y\": 383}, {\"x\": 131, \"y\": 383}]}', '45_Boss_TRex.map', 7, -1, -80, 0, 0),
(35, 'Khu vực cấm', '{\"width\": 900, \"bricks\": [{\"x\": 62, \"y\": 374, \"id\": 57}, {\"x\": 96, \"y\": 374, \"id\": 57}, {\"x\": 203, \"y\": 293, \"id\": 57}, {\"x\": 237, \"y\": 293, \"id\": 57}, {\"x\": 342, \"y\": 335, \"id\": 57}, {\"x\": 376, \"y\": 335, \"id\": 57}, {\"x\": 489, \"y\": 276, \"id\": 57}, {\"x\": 523, \"y\": 276, \"id\": 57}, {\"x\": 629, \"y\": 390, \"id\": 57}, {\"x\": 804, \"y\": 315, \"id\": 57}, {\"x\": 770, \"y\": 315, \"id\": 57}, {\"x\": 28, \"y\": 374, \"id\": 55}, {\"x\": 130, \"y\": 374, \"id\": 56}, {\"x\": 169, \"y\": 293, \"id\": 55}, {\"x\": 271, \"y\": 293, \"id\": 56}, {\"x\": 308, \"y\": 335, \"id\": 55}, {\"x\": 736, \"y\": 315, \"id\": 55}, {\"x\": 455, \"y\": 276, \"id\": 55}, {\"x\": 595, \"y\": 391, \"id\": 55}, {\"x\": 838, \"y\": 315, \"id\": 56}, {\"x\": 697, \"y\": 389, \"id\": 56}, {\"x\": 557, \"y\": 276, \"id\": 56}, {\"x\": 410, \"y\": 335, \"id\": 56}, {\"x\": 313, \"y\": 413, \"id\": 69}, {\"x\": 431, \"y\": 404, \"id\": 18}, {\"x\": 663, \"y\": 390, \"id\": 57}, {\"x\": 828, \"y\": 265, \"id\": 16}, {\"x\": 596, \"y\": 340, \"id\": 16}, {\"x\": 10, \"y\": 323, \"id\": 16}, {\"x\": 36, \"y\": 353, \"id\": 17}, {\"x\": 854, \"y\": 295, \"id\": 17}, {\"x\": 621, \"y\": 370, \"id\": 17}], \"height\": 450, \"points\": [{\"x\": 92, \"y\": 375}, {\"x\": 798, \"y\": 316}, {\"x\": 187, \"y\": 294}, {\"x\": 663, \"y\": 391}, {\"x\": 293, \"y\": 294}, {\"x\": 580, \"y\": 275}, {\"x\": 378, \"y\": 335}, {\"x\": 469, \"y\": 277}]}', '46_Boss_UFO.map', 12, -1, -50, 200, 2),
(36, 'Đỉnh hi mã lạp sơn', '{\"width\": 1050, \"bricks\": [{\"x\": 853, \"y\": 396, \"id\": 7}, {\"x\": 734, \"y\": 394, \"id\": 7}, {\"x\": 686, \"y\": 352, \"id\": 7}, {\"x\": 569, \"y\": 350, \"id\": 7}, {\"x\": 490, \"y\": 319, \"id\": 7}, {\"x\": 393, \"y\": 322, \"id\": 7}, {\"x\": 113, \"y\": 402, \"id\": 7}, {\"x\": 329, \"y\": 355, \"id\": 7}, {\"x\": -1, \"y\": 400, \"id\": 7}, {\"x\": 214, \"y\": 354, \"id\": 7}, {\"x\": 502, \"y\": 375, \"id\": 8}, {\"x\": 447, \"y\": 404, \"id\": 8}, {\"x\": 278, \"y\": 426, \"id\": 8}, {\"x\": 475, \"y\": 175, \"id\": 8}, {\"x\": 818, \"y\": 237, \"id\": 8}, {\"x\": 99, \"y\": 277, \"id\": 8}, {\"x\": 460, \"y\": 214, \"id\": 7}, {\"x\": 918, \"y\": 180, \"id\": 7}, {\"x\": 119, \"y\": 259, \"id\": 7}, {\"x\": 796, \"y\": 205, \"id\": 7}, {\"x\": 0, \"y\": 257, \"id\": 7}, {\"x\": 492, \"y\": 294, \"id\": 54}, {\"x\": 544, \"y\": 185, \"id\": 54}, {\"x\": 471, \"y\": 150, \"id\": 54}, {\"x\": 394, \"y\": 292, \"id\": 54}, {\"x\": 931, \"y\": 153, \"id\": 54}, {\"x\": 26, \"y\": 231, \"id\": 54}, {\"x\": 611, \"y\": 403, \"id\": 8}, {\"x\": 648, \"y\": 409, \"id\": 8}, {\"x\": 699, \"y\": 425, \"id\": 8}, {\"x\": 561, \"y\": 404, \"id\": 8}], \"height\": 480, \"points\": [{\"x\": 48, \"y\": 231}, {\"x\": 413, \"y\": 292}, {\"x\": 490, \"y\": 150}, {\"x\": 848, \"y\": 207}, {\"x\": 511, \"y\": 294}, {\"x\": 952, \"y\": 153}, {\"x\": 565, \"y\": 185}, {\"x\": 87, \"y\": 256}]}', '47_Boss_Balloon.map', 2, -1, -50, -1, -1),
(37, 'Hang nhện', '{\"width\": 900, \"bricks\": [{\"x\": 0, \"y\": 546, \"id\": 82}, {\"x\": 186, \"y\": 546, \"id\": 82}, {\"x\": 654, \"y\": 488, \"id\": 82}, {\"x\": 410, \"y\": 491, \"id\": 82}, {\"x\": 222, \"y\": 546, \"id\": 83}, {\"x\": 290, \"y\": 545, \"id\": 83}, {\"x\": 446, \"y\": 490, \"id\": 83}, {\"x\": 256, \"y\": 546, \"id\": 83}, {\"x\": 36, \"y\": 545, \"id\": 83}, {\"x\": 324, \"y\": 544, \"id\": 84}, {\"x\": 514, \"y\": 489, \"id\": 84}, {\"x\": 70, \"y\": 546, \"id\": 84}, {\"x\": 690, \"y\": 488, \"id\": 84}, {\"x\": 98, \"y\": 547, \"id\": 85}, {\"x\": 120, \"y\": 547, \"id\": 85}, {\"x\": 565, \"y\": 489, \"id\": 85}, {\"x\": 637, \"y\": 489, \"id\": 85}, {\"x\": 541, \"y\": 489, \"id\": 85}, {\"x\": 144, \"y\": 547, \"id\": 85}, {\"x\": 168, \"y\": 547, \"id\": 85}, {\"x\": 589, \"y\": 489, \"id\": 85}, {\"x\": 613, \"y\": 489, \"id\": 85}, {\"x\": 9, \"y\": 502, \"id\": 81}, {\"x\": 310, \"y\": 501, \"id\": 81}, {\"x\": 857, \"y\": 443, \"id\": 81}, {\"x\": 499, \"y\": 446, \"id\": 81}, {\"x\": 472, \"y\": 445, \"id\": 81}, {\"x\": 480, \"y\": 489, \"id\": 83}, {\"x\": 886, \"y\": 487, \"id\": 83}, {\"x\": 852, \"y\": 487, \"id\": 83}, {\"x\": 822, \"y\": 487, \"id\": 83}, {\"x\": 766, \"y\": 488, \"id\": 85}, {\"x\": 742, \"y\": 488, \"id\": 85}, {\"x\": 718, \"y\": 488, \"id\": 85}, {\"x\": 786, \"y\": 487, \"id\": 82}, {\"x\": 689, \"y\": 565, \"id\": 85}, {\"x\": 641, \"y\": 565, \"id\": 85}, {\"x\": 665, \"y\": 565, \"id\": 85}, {\"x\": 711, \"y\": 564, \"id\": 82}, {\"x\": 542, \"y\": 564, \"id\": 82}, {\"x\": 747, \"y\": 563, \"id\": 83}, {\"x\": 578, \"y\": 563, \"id\": 83}, {\"x\": 612, \"y\": 564, \"id\": 84}, {\"x\": 781, \"y\": 564, \"id\": 84}], \"height\": 600, \"points\": [{\"x\": 68, \"y\": 546}, {\"x\": 447, \"y\": 492}, {\"x\": 830, \"y\": 487}, {\"x\": 203, \"y\": 547}, {\"x\": 277, \"y\": 546}, {\"x\": 688, \"y\": 488}, {\"x\": 745, \"y\": 488}, {\"x\": 600, \"y\": 489}]}', '48_Boss_HangNhen.map', 13, -1, 80, -1, -1),
(38, 'Nghĩa trang', '{\"width\": 800, \"bricks\": [{\"x\": 1, \"y\": 345, \"id\": 97}, {\"x\": 34, \"y\": 345, \"id\": 97}, {\"x\": 68, \"y\": 345, \"id\": 97}, {\"x\": 102, \"y\": 345, \"id\": 97}, {\"x\": 136, \"y\": 345, \"id\": 97}, {\"x\": 169, \"y\": 345, \"id\": 97}, {\"x\": 204, \"y\": 345, \"id\": 97}, {\"x\": 238, \"y\": 345, \"id\": 97}, {\"x\": 272, \"y\": 345, \"id\": 97}, {\"x\": 306, \"y\": 345, \"id\": 97}, {\"x\": 340, \"y\": 345, \"id\": 97}, {\"x\": 374, \"y\": 345, \"id\": 97}, {\"x\": 408, \"y\": 345, \"id\": 97}, {\"x\": 442, \"y\": 345, \"id\": 97}, {\"x\": 476, \"y\": 345, \"id\": 97}, {\"x\": 510, \"y\": 345, \"id\": 97}, {\"x\": 544, \"y\": 345, \"id\": 97}, {\"x\": 579, \"y\": 345, \"id\": 97}, {\"x\": 1, \"y\": 65, \"id\": 100}, {\"x\": 199, \"y\": 175, \"id\": 100}, {\"x\": 265, \"y\": 174, \"id\": 101}, {\"x\": 34, \"y\": 65, \"id\": 101}, {\"x\": 232, \"y\": 174, \"id\": 102}, {\"x\": 2, \"y\": 138, \"id\": 102}, {\"x\": 35, \"y\": 138, \"id\": 101}, {\"x\": 34, \"y\": 220, \"id\": 101}, {\"x\": 1, \"y\": 220, \"id\": 102}, {\"x\": 237, \"y\": 151, \"id\": 98}, {\"x\": 11, \"y\": 42, \"id\": 98}, {\"x\": 10, \"y\": 115, \"id\": 98}, {\"x\": 7, \"y\": 197, \"id\": 98}, {\"x\": 1, \"y\": 325, \"id\": 98}, {\"x\": 373, \"y\": 332, \"id\": 99}, {\"x\": 11, \"y\": 180, \"id\": 99}, {\"x\": 239, \"y\": 134, \"id\": 99}, {\"x\": 767, \"y\": 331, \"id\": 99}, {\"x\": 754, \"y\": 345, \"id\": 103}, {\"x\": 719, \"y\": 345, \"id\": 103}, {\"x\": 684, \"y\": 345, \"id\": 103}, {\"x\": 649, \"y\": 345, \"id\": 103}, {\"x\": 614, \"y\": 345, \"id\": 103}, {\"x\": 789, \"y\": 345, \"id\": 103}, {\"x\": 499, \"y\": 320, \"id\": 99}, {\"x\": 499, \"y\": 333, \"id\": 99}, {\"x\": 606, \"y\": 329, \"id\": 99}, {\"x\": 5, \"y\": 308, \"id\": 99}], \"height\": 400, \"points\": [{\"x\": 54, \"y\": 65}, {\"x\": 51, \"y\": 138}, {\"x\": 56, \"y\": 220}, {\"x\": 37, \"y\": 345}, {\"x\": 83, \"y\": 345}, {\"x\": 220, \"y\": 175}, {\"x\": 278, \"y\": 174}, {\"x\": 126, \"y\": 345}]}', '49_Boss_Ghost.map', 15, 20, -1, -1, -1),
(39, 'Nghĩa trang 2', '{\"width\": 800, \"bricks\": [{\"x\": 1, \"y\": 447, \"id\": 97}, {\"x\": 34, \"y\": 447, \"id\": 97}, {\"x\": 68, \"y\": 447, \"id\": 97}, {\"x\": 102, \"y\": 447, \"id\": 97}, {\"x\": 136, \"y\": 447, \"id\": 97}, {\"x\": 169, \"y\": 447, \"id\": 97}, {\"x\": 204, \"y\": 447, \"id\": 97}, {\"x\": 238, \"y\": 447, \"id\": 97}, {\"x\": 272, \"y\": 447, \"id\": 97}, {\"x\": 306, \"y\": 447, \"id\": 97}, {\"x\": 340, \"y\": 447, \"id\": 97}, {\"x\": 374, \"y\": 447, \"id\": 97}, {\"x\": 408, \"y\": 447, \"id\": 97}, {\"x\": 442, \"y\": 447, \"id\": 97}, {\"x\": 476, \"y\": 447, \"id\": 97}, {\"x\": 510, \"y\": 447, \"id\": 97}, {\"x\": 544, \"y\": 447, \"id\": 97}, {\"x\": 579, \"y\": 447, \"id\": 97}, {\"x\": 644, \"y\": 271, \"id\": 100}, {\"x\": 199, \"y\": 277, \"id\": 100}, {\"x\": 265, \"y\": 276, \"id\": 101}, {\"x\": 677, \"y\": 271, \"id\": 101}, {\"x\": 232, \"y\": 276, \"id\": 102}, {\"x\": 463, \"y\": 245, \"id\": 101}, {\"x\": 34, \"y\": 322, \"id\": 101}, {\"x\": 1, \"y\": 322, \"id\": 102}, {\"x\": 237, \"y\": 253, \"id\": 98}, {\"x\": 668, \"y\": 248, \"id\": 98}, {\"x\": 469, \"y\": 222, \"id\": 98}, {\"x\": 7, \"y\": 299, \"id\": 98}, {\"x\": 1, \"y\": 427, \"id\": 98}, {\"x\": 373, \"y\": 434, \"id\": 99}, {\"x\": 11, \"y\": 282, \"id\": 99}, {\"x\": 239, \"y\": 236, \"id\": 99}, {\"x\": 767, \"y\": 433, \"id\": 99}, {\"x\": 499, \"y\": 422, \"id\": 99}, {\"x\": 499, \"y\": 435, \"id\": 99}, {\"x\": 606, \"y\": 431, \"id\": 99}, {\"x\": 5, \"y\": 410, \"id\": 99}, {\"x\": 430, \"y\": 245, \"id\": 100}, {\"x\": 754, \"y\": 447, \"id\": 97}, {\"x\": 719, \"y\": 447, \"id\": 97}, {\"x\": 684, \"y\": 447, \"id\": 97}, {\"x\": 649, \"y\": 447, \"id\": 97}, {\"x\": 614, \"y\": 447, \"id\": 97}, {\"x\": 789, \"y\": 447, \"id\": 97}, {\"x\": 88, \"y\": 120, \"id\": 80}, {\"x\": 554, \"y\": 117, \"id\": 80}, {\"x\": 477, \"y\": 362, \"id\": 80}], \"height\": 500, \"points\": [{\"x\": 452, \"y\": 245}, {\"x\": 681, \"y\": 248}, {\"x\": 56, \"y\": 322}, {\"x\": 589, \"y\": 117}, {\"x\": 125, \"y\": 120}, {\"x\": 220, \"y\": 277}, {\"x\": 278, \"y\": 276}, {\"x\": 512, \"y\": 362}]}', '50_Boss_Ghost.map', 15, 20, -1, -1, -1);

-- --------------------------------------------------------

--
-- Table structure for table `map_boss`
--

CREATE TABLE `map_boss` (
  `mapID` tinyint(4) NOT NULL,
  `glassID` tinyint(4) NOT NULL
) ENGINE=InnoDB DEFAULT CHARSET=utf8 COLLATE=utf8_bin;

--
-- Dumping data for table `map_boss`
--

INSERT INTO `map_boss` (`mapID`, `glassID`) VALUES
(30, 12),
(31, 12),
(32, 13),
(33, 14),
(34, 15),
(35, 16),
(36, 17),
(37, 22),
(38, 25),
(39, 26);

-- --------------------------------------------------------

--
-- Table structure for table `mission`
--

CREATE TABLE `mission` (
  `id` tinyint(4) NOT NULL,
  `level` tinyint(4) NOT NULL DEFAULT 1,
  `name` varchar(100) NOT NULL,
  `require` int(11) NOT NULL,
  `reward` varchar(100) NOT NULL,
  `xu` int(11) NOT NULL DEFAULT 0,
  `luong` int(11) NOT NULL DEFAULT 0,
  `exp` int(11) NOT NULL DEFAULT 0,
  `cup` int(11) NOT NULL DEFAULT 0
) ENGINE=InnoDB DEFAULT CHARSET=utf8 COLLATE=utf8_bin;

--
-- Dumping data for table `mission`
--

INSERT INTO `mission` (`id`, `level`, `name`, `require`, `reward`, `xu`, `luong`, `exp`, `cup`) VALUES
(0, 1, 'Lv 1: Thắng 100 ván solo', 100, '+1k xp, +100 danh dự', 0, 0, 1000, 100),
(0, 2, 'Lv 2: Thắng 1000 ván solo', 1000, '+10k xp, +1k danh dự', 0, 0, 10000, 1000),
(0, 3, 'Lv 3: Thắng 10000 ván solo', 10000, '+100k xp, +10k danh dự', 0, 0, 100000, 10000),
(1, 1, 'Lv 1: Bắn 100.000 điểm HP', 100000, '+5k xp, +500 danh dự', 0, 0, 5000, 500),
(1, 2, 'Lv 2: Bắn 1.000.000 điểm HP', 1000000, '+50k xp, +2k danh dự', 0, 0, 50000, 2000),
(1, 3, 'Lv 3: Bắn 1.000.000.000 điểm HP', 1000000000, '+500k xp, +8k danh dự', 0, 0, 500000, 8000),
(2, 1, 'Lv 1: Thắng 50 ván đấu UFO', 50, '+2k xp, +500 danh dự', 0, 0, 2000, 500),
(2, 2, 'Lv 2: Thắng 100 ván đấu UFO', 100, '+20k xp, +2k danh dự', 0, 0, 20000, 2000),
(2, 3, 'Lv 3: Thắng 200 ván đấu UFO', 200, '+200k xp, +8k danh dự', 0, 0, 200000, 8000),
(3, 1, 'Lv 1: Thắng 50 ván đấu Khí Cầu', 50, '+2k xp, +500 danh dự', 0, 0, 2000, 500),
(3, 2, 'Lv 2: Thắng 100 ván đấu Khí Cầu', 100, '+20k xp, +2k danh dự', 0, 0, 20000, 2000),
(3, 3, 'Lv 3: Thắng 200 ván đấu Khí Cầu', 200, '+200k xp, +8k danh dự', 0, 0, 200000, 8000),
(4, 1, 'Lv 1: Thắng 50 ván đấu Ma', 50, '+2k xp, +500 danh dự', 0, 0, 2000, 500),
(4, 2, 'Lv 2: Thắng 100 ván đấu Ma', 100, '+20k xp, +2k danh dự', 0, 0, 20000, 2000),
(4, 3, 'Lv 3: Thắng 200 ván đấu Ma', 200, '+200k xp, +8k danh dự', 0, 0, 200000, 8000),
(5, 1, 'Lv 1: Ném 200 quả B52', 200, '+2k xp, +200 danh dự', 0, 0, 2000, 200),
(5, 2, 'Lv 2: Ném 2000 quả B52', 2000, '+20k xp, +1k danh dự', 0, 0, 20000, 1000),
(5, 3, 'Lv 3: Ném 20000 quả B52', 20000, '+200k xp, +5k danh dự', 0, 0, 200000, 5000),
(6, 1, 'Lv 1: Tiêu diệt 200 Tarzan', 200, '+2k xp, +200 danh dự', 0, 0, 2000, 200),
(6, 2, 'Lv 2: Tiêu diệt 2000 Tarzan', 2000, '+20k xp, +1k danh dự', 0, 0, 20000, 1000),
(6, 3, 'Lv 3: Tiêu diệt 20000 Tarzan', 20000, '+200k xp, +5k danh dự', 0, 0, 200000, 5000),
(7, 1, 'Lv 1: Tiêu diệt 200 Chicky', 200, '+2k xp, +200 danh dự', 0, 0, 2000, 200),
(7, 2, 'Lv 2: Tiêu diệt 2000 Chicky', 2000, '+20k xp, +1k danh dự', 0, 0, 20000, 1000),
(7, 3, 'Lv 3: Tiêu diệt 20000 Chicky', 20000, '+200k xp, +5k danh dự', 0, 0, 200000, 5000),
(8, 1, 'Lv 1: Tiêu diệt 200 Magenta', 200, '+2k xp, +200 danh dự', 0, 0, 2000, 200),
(8, 2, 'Lv 2: Tiêu diệt 2000 Magenta', 2000, '+20k xp, +1k danh dự', 0, 0, 20000, 1000),
(8, 3, 'Lv 3: Tiêu diệt 20000 Magenta', 20000, '+200k xp, +5k danh dự', 0, 0, 200000, 5000),
(9, 1, 'Lv 1: Tạo 1 viên ngọc cấp 8', 1, '+1k xp, +100 danh dự', 0, 0, 1000, 100),
(9, 2, 'Lv 2: Tạo 5 viên ngọc cấp 8', 5, '+10k xp, +500 danh dự', 0, 0, 10000, 500),
(9, 3, 'Lv 3: Tạo 10 viên ngọc cấp 8', 10, '+100k xp, +1k danh dự', 0, 0, 100000, 1000),
(10, 1, 'Lv 1: Tạo 1 viên ngọc cấp 9', 1, '+5k xp, +500 danh dự', 0, 0, 5000, 500),
(10, 2, 'Lv 2: Tạo 5 viên ngọc cấp 9', 5, '+50k xp, +5k danh dự', 0, 0, 50000, 5000),
(10, 3, 'Lv 3: Tạo 10 viên ngọc cấp 9', 10, '+500k xp, +50k danh dự', 0, 0, 500000, 50000),
(11, 1, 'Lv 1: Tạo 1 viên ngọc cấp 10', 1, '+50k xp, +5k danh dự', 0, 0, 50000, 5000),
(11, 2, 'Lv 2: Tạo 5 viên ngọc cấp 10', 5, '+500k xp, +50k danh dự', 0, 0, 500000, 50000),
(11, 3, 'Lv 3: Tạo 10 viên ngọc cấp 10', 10, '+5Tr xp, +500k danh dự', 0, 0, 5000000, 500000),
(12, 1, 'Lv 1: Bắn 100 phát siêu cao, siêu xa', 100, '+5k xp, +100 danh dự', 0, 0, 5000, 100),
(12, 2, 'Lv 2: Bắn 1.000 phát siêu cao, siêu xa', 1000, '+25k xp, +1k danh dự', 0, 0, 25000, 1000),
(12, 3, 'Lv 3: Bắn 10.000 phát siêu cao, siêu xa', 10000, '+125k xp, +10k danh dự', 0, 0, 125000, 10000),
(13, 1, 'Lv 1: Dùng Gunner thắng 200 ván', 200, '+2k xp, +200 danh dự', 0, 0, 2000, 200),
(13, 2, 'Lv 2: Dùng Gunner thắng 2.000 ván', 2000, '+20k xp, +1k danh dự', 0, 0, 20000, 1000),
(13, 3, 'Lv 3: Dùng Gunner thắng 20.000 ván', 20000, '+200k xp, +5k danh dự', 0, 0, 200000, 5000),
(14, 1, 'Lv 1: Dùng Miss 6 thắng 200 ván', 200, '+2k xp, +200 danh dự', 0, 0, 2000, 200),
(14, 2, 'Lv 2: Dùng Miss 6 thắng 2.000 ván', 2000, '+20k xp, +1k danh dự', 0, 0, 20000, 1000),
(14, 3, 'Lv 3: Dùng Miss 6 thắng 20.000 ván', 20000, '+200k xp, +5k danh dự', 0, 0, 200000, 5000),
(15, 1, 'Lv 1: Dùng Proton thắng 200 ván', 200, '+2k xp, +200 danh dự', 0, 0, 2000, 200),
(15, 2, 'Lv 2: Dùng Proton thắng 2.000 ván', 2000, '+20k xp, +1k danh dự', 0, 0, 20000, 1000),
(15, 3, 'Lv 3: Dùng Proton thắng 20.000 ván', 20000, '+200k xp, +5k danh dự', 0, 0, 200000, 5000),
(16, 1, 'Lv 1: Đăng nhập 30 ngày', 30, '+10k xp, +500 danh dự', 0, 0, 10000, 500),
(16, 2, 'Lv 2: Đăng nhập 90 ngày', 90, '+30k xp, +1,5k danh dự', 0, 0, 30000, 1500),
(16, 3, 'Lv 3: Đăng nhập 270 ngày', 270, '+90k xp, +4,5k danh dự', 0, 0, 90000, 4500),
(17, 1, 'Lv 1: Thắng 500 ván đấu trên 5 người chơi', 500, '+5k xp, +500 danh dự', 0, 0, 5000, 500),
(17, 2, 'Lv 2: Thắng 1000 ván đấu trên 5 người chơi', 1000, '+10k xp, +1k danh dự', 0, 0, 10000, 1000),
(17, 3, 'Lv 3: Thắng 2000 ván đấu trên 5 người chơi', 2000, '+20k xp, +2k danh dự', 0, 0, 20000, 2000);

-- --------------------------------------------------------

--
-- Table structure for table `room`
--

CREATE TABLE `room` (
  `type` tinyint(4) NOT NULL,
  `name` varchar(255) NOT NULL
) ENGINE=InnoDB DEFAULT CHARSET=utf8 COLLATE=utf8_bin;

--
-- Dumping data for table `room`
--

INSERT INTO `room` (`type`, `name`) VALUES
(0, 'PHÒNG SƠ CẤP'),
(1, 'PHÒNG TRUNG CẤP'),
(2, 'PHÒNG VIP'),
(3, 'PHÒNG ĐẤU TRƯỜNG'),
(4, 'PHÒNG TỰ DO'),
(5, 'PHÒNG ĐẤU TRÙM'),
(6, 'PHÒNG ĐẤU ĐỘI');

-- --------------------------------------------------------

--
-- Table structure for table `room_info`
--

CREATE TABLE `room_info` (
  `type` tinyint(4) NOT NULL,
  `id` tinyint(4) NOT NULL,
  `name` varchar(255) DEFAULT NULL,
  `map` longtext CHARACTER SET utf8mb4 COLLATE utf8mb4_bin NOT NULL CHECK (json_valid(`map`)),
  `roomWait` tinyint(4) NOT NULL,
  `minMoney` int(11) NOT NULL,
  `maxMoney` int(11) NOT NULL,
  `maxPlayer` tinyint(4) NOT NULL
) ENGINE=InnoDB DEFAULT CHARSET=utf8 COLLATE=utf8_bin;

--
-- Dumping data for table `room_info`
--

INSERT INTO `room_info` (`type`, `id`, `name`, `map`, `roomWait`, `minMoney`, `maxMoney`, `maxPlayer`) VALUES
(0, 1, NULL, '[0, 1, 2, 3, 4, 5, 6, 7, 8, 9, 10, 11, 12, 13, 14, 15, 16, 17, 18, 19, 20, 21, 22, 23, 24, 25, 26, 27, 28, 29]', 50, 0, 1000, 8),
(1, 1, NULL, '[0, 1, 2, 3, 4, 5, 6, 7, 8, 9, 10, 11, 12, 13, 14, 15, 16, 17, 18, 19, 20, 21, 22, 23, 24, 25, 26, 27, 28, 29]', 50, 0, 1000, 8),
(0, 2, NULL, '[0, 1, 2, 3, 4, 5, 6, 7, 8, 9, 10, 11, 12, 13, 14, 15, 16, 17, 18, 19, 20, 21, 22, 23, 24, 25, 26, 27, 28, 29]', 50, 0, 1000, 8),
(5, 2, 'Bom', '[30, 31]', 5, 100, 100, 8),
(0, 3, NULL, '[0, 1, 2, 3, 4, 5, 6, 7, 8, 9, 10, 11, 12, 13, 14, 15, 16, 17, 18, 19, 20, 21, 22, 23, 24, 25, 26, 27, 28, 29]', 50, 0, 1000, 8),
(0, 4, NULL, '[0, 1, 2, 3, 4, 5, 6, 7, 8, 9, 10, 11, 12, 13, 14, 15, 16, 17, 18, 19, 20, 21, 22, 23, 24, 25, 26, 27, 28, 29]', 50, 0, 1000, 8),
(5, 4, 'Nhện máy', '[32]', 5, 100, 100, 8),
(5, 5, 'Người máy', '[33]', 5, 100, 100, 8),
(5, 6, 'T-rex máy', '[34]', 5, 100, 100, 8),
(5, 7, 'UFO', '[35]', 5, 100, 100, 8),
(5, 8, 'Khí cầu', '[36]', 5, 100, 100, 8),
(5, 9, 'Nhện độc', '[37]', 5, 100, 100, 8),
(5, 10, 'Ma', '[38, 39]', 5, 100, 100, 8);

-- --------------------------------------------------------

--
-- Table structure for table `shop_equipment`
--

CREATE TABLE `shop_equipment` (
  `id` smallint(6) NOT NULL,
  `glassID` tinyint(4) NOT NULL,
  `equipId` smallint(6) NOT NULL,
  `name` varchar(255) NOT NULL,
  `xu` int(11) NOT NULL,
  `luong` smallint(6) NOT NULL DEFAULT -1,
  `inv_ability` longtext CHARACTER SET utf8mb4 COLLATE utf8mb4_bin NOT NULL CHECK (json_valid(`inv_ability`)),
  `inv_percen` longtext CHARACTER SET utf8mb4 COLLATE utf8mb4_bin NOT NULL CHECK (json_valid(`inv_percen`))
) ENGINE=InnoDB DEFAULT CHARSET=utf8 COLLATE=utf8_bin COMMENT='Trang Bi';

--
-- Dumping data for table `shop_equipment`
--

INSERT INTO `shop_equipment` (`id`, `glassID`, `equipId`, `name`, `xu`, `luong`, `inv_ability`, `inv_percen`) VALUES
(1, 0, 5, 'súng cannon 1', 1000, -1, '[0, 6, 0, 0, 0]', '[0, 0, 0, 0, 0]'),
(2, 1, 5, 'súng ak 1', 1000, -1, '[0, 6, 0, 0, 0]', '[0, 0, 0, 0, 0]'),
(3, 2, 5, 'súng proton 1', 1000, -1, '[0, 6, 0, 0, 0]', '[0, 0, 0, 0, 0]'),
(4, 3, 5, 'súng khỉ 1', 1000, -1, '[0, 6, 0, 0, 0]', '[0, 0, 0, 0, 0]'),
(5, 4, 5, 'súng rocket 1', 1000, -1, '[0, 6, 0, 0, 0]', '[0, 0, 0, 0, 0]'),
(6, 5, 5, 'súng granos 1', 1000, -1, '[0, 6, 0, 0, 0]', '[0, 0, 0, 0, 0]'),
(7, 6, 5, 'súng gà 1', 1000, -1, '[0, 6, 0, 0, 0]', '[0, 0, 0, 0, 0]'),
(8, 7, 5, 'súng tarzan 1', 1000, -1, '[0, 6, 0, 0, 0]', '[0, 0, 0, 0, 0]'),
(9, 8, 5, 'súng apache 1', 1000, -1, '[0, 6, 0, 0, 0]', '[0, 0, 0, 0, 0]'),
(10, 9, 5, 'súng laser 1', 1000, -1, '[0, 6, 0, 0, 0]', '[0, 0, 0, 0, 0]'),
(11, 0, 9, 'súng cannon 2', 5000, -1, '[0, 8, 0, 0, 0]', '[0, 0, 0, 0, 0]'),
(12, 1, 8, 'súng ak 2', 5000, -1, '[0, 8, 0, 0, 0]', '[0, 0, 0, 0, 0]'),
(13, 2, 9, 'súng proton 2', 5000, -1, '[0, 8, 0, 0, 0]', '[0, 0, 0, 0, 0]'),
(14, 3, 9, 'súng khỉ 2', 5000, -1, '[0, 8, 0, 0, 0]', '[0, 0, 0, 0, 0]'),
(15, 4, 8, 'súng rocket 2', 5000, -1, '[0, 8, 0, 0, 0]', '[0, 0, 0, 0, 0]'),
(16, 5, 8, 'súng granos 2', 5000, -1, '[0, 8, 0, 0, 0]', '[0, 0, 0, 0, 0]'),
(17, 6, 8, 'súng gà 2', 5000, -1, '[0, 8, 0, 0, 0]', '[0, 0, 0, 0, 0]'),
(18, 7, 9, 'súng tarzan 2', 5000, -1, '[0, 8, 0, 0, 0]', '[0, 0, 0, 0, 0]'),
(19, 8, 8, 'súng apache 2', 5000, -1, '[0, 8, 0, 0, 0]', '[0, 0, 0, 0, 0]'),
(20, 9, 8, 'súng laser 2', 5000, -1, '[0, 8, 0, 0, 0]', '[0, 0, 0, 0, 0]'),
(21, 0, 14, 'súng cannon 3', 20000, -1, '[0, 11, 0, 0, 0]', '[0, 1, 0, 0, 0]'),
(22, 1, 11, 'súng ak 3', 10000, -1, '[0, 11, 0, 0, 0]', '[0, 1, 0, 0, 0]'),
(23, 2, 12, 'súng proton 3', 10000, -1, '[0, 11, 0, 0, 0]', '[0, 1, 0, 0, 0]'),
(24, 3, 14, 'súng khỉ 3', 10000, -1, '[0, 11, 0, 0, 0]', '[0, 1, 0, 0, 0]'),
(25, 4, 15, 'súng rocket 3', 10000, -1, '[0, 11, 0, 0, 0]', '[0, 1, 0, 0, 0]'),
(26, 5, 12, 'súng granos 3', 10000, -1, '[0, 11, 0, 0, 0]', '[0, 1, 0, 0, 0]'),
(27, 6, 11, 'súng gà 3', 10000, -1, '[0, 11, 0, 0, 0]', '[0, 1, 0, 0, 0]'),
(28, 7, 13, 'súng tarzan 3', 10000, -1, '[0, 11, 0, 0, 0]', '[0, 1, 0, 0, 0]'),
(29, 8, 12, 'súng apache 3', 10000, -1, '[0, 11, 0, 0, 0]', '[0, 1, 0, 0, 0]'),
(30, 9, 11, 'súng laser 3', 10000, -1, '[0, 11, 0, 0, 0]', '[0, 1, 0, 0, 0]'),
(31, 0, 19, 'súng cannon 4', 30000, 27, '[0, 14, 0, 0, 0]', '[0, 1, 0, 0, 0]'),
(32, 1, 14, 'súng ak 4', 20000, 17, '[0, 14, 0, 0, 0]', '[0, 1, 0, 0, 0]'),
(33, 2, 17, 'súng proton 4', 20000, 17, '[0, 14, 0, 0, 0]', '[0, 1, 0, 0, 0]'),
(34, 3, 19, 'súng khỉ 4', 20000, 17, '[0, 14, 0, 0, 0]', '[0, 1, 0, 0, 0]'),
(35, 4, 18, 'súng rocket 4', 20000, 17, '[0, 14, 0, 0, 0]', '[0, 1, 0, 0, 0]'),
(36, 5, 16, 'súng granos 4', 20000, 17, '[0, 14, 0, 0, 0]', '[0, 1, 0, 0, 0]'),
(37, 6, 15, 'súng gà 4', 20000, 17, '[0, 14, 0, 0, 0]', '[0, 1, 0, 0, 0]'),
(38, 7, 17, 'súng tarzan 4', 20000, 17, '[0, 14, 0, 0, 0]', '[0, 1, 0, 0, 0]'),
(39, 8, 16, 'súng apache 4', 20000, 17, '[0, 14, 0, 0, 0]', '[0, 1, 0, 0, 0]'),
(40, 9, 14, 'súng laser 4', 20000, 17, '[0, 14, 0, 0, 0]', '[0, 1, 0, 0, 0]'),
(41, 0, 44, 'súng bạc', 200000, 160, '[5, 15, 5, 5, 5]', '[0, 4, 0, 0, 4]'),
(42, 1, 38, 'súng bạc', 200000, 160, '[5, 15, 5, 5, 5]', '[0, 4, 0, 0, 4]'),
(43, 2, 38, 'súng bạc', 200000, 160, '[5, 15, 5, 5, 5]', '[0, 4, 0, 0, 4]'),
(44, 3, 38, 'kiếm bạc', 200000, 160, '[5, 15, 5, 5, 5]', '[0, 4, 0, 0, 4]'),
(45, 4, 38, 'súng bạc', 200000, 160, '[5, 15, 5, 5, 5]', '[0, 4, 0, 0, 4]'),
(46, 5, 37, 'súng bạc', 200000, 160, '[5, 15, 5, 5, 5]', '[0, 4, 0, 0, 4]'),
(47, 6, 38, 'súng bạc', 200000, 160, '[5, 15, 5, 5, 5]', '[0, 4, 0, 0, 4]'),
(48, 7, 39, 'súng bạc', 200000, 160, '[5, 15, 5, 5, 5]', '[0, 4, 0, 0, 4]'),
(49, 8, 38, 'súng bạc', 200000, 160, '[5, 15, 5, 5, 5]', '[0, 4, 0, 0, 4]'),
(50, 9, 38, 'súng bạc', 200000, 160, '[5, 15, 5, 5, 5]', '[0, 4, 0, 0, 4]'),
(51, 0, 49, 'súng vàng', -1, 400, '[15, 15, 15, 15, 15]', '[8, 8, 8, 8, 8]'),
(52, 1, 43, 'súng vàng', -1, 400, '[15, 15, 15, 15, 15]', '[8, 8, 8, 8, 8]'),
(53, 2, 43, 'súng vàng', -1, 400, '[15, 15, 15, 15, 15]', '[8, 8, 8, 8, 8]'),
(54, 3, 43, 'kiếm vàng', -1, 400, '[15, 15, 15, 15, 15]', '[8, 8, 8, 8, 8]'),
(55, 4, 43, 'súng vàng', -1, 400, '[15, 15, 15, 15, 15]', '[8, 8, 8, 8, 8]'),
(56, 5, 42, 'súng vàng', -1, 400, '[15, 15, 15, 15, 15]', '[8, 8, 8, 8, 8]'),
(57, 6, 43, 'súng vàng', -1, 400, '[15, 15, 15, 15, 15]', '[8, 8, 8, 8, 8]'),
(58, 7, 44, 'súng vàng', -1, 400, '[15, 15, 15, 15, 15]', '[8, 8, 8, 8, 8]'),
(59, 8, 43, 'búa vàng', -1, 400, '[15, 15, 15, 15, 15]', '[8, 8, 8, 8, 8]'),
(60, 9, 43, 'súng vàng', -1, 400, '[15, 15, 15, 15, 15]', '[8, 8, 8, 8, 8]'),
(61, 0, 3, 'nón cannon 1', 1000, -1, '[6, 0, 0, 0, 0]', '[0, 0, 0, 0, 0]'),
(62, 1, 3, 'nón ak 1', 1000, -1, '[6, 0, 0, 0, 0]', '[0, 0, 0, 0, 0]'),
(63, 2, 3, 'nón proton 1', 1000, -1, '[6, 0, 0, 0, 0]', '[0, 0, 0, 0, 0]'),
(64, 3, 3, 'nón khỉ 1', 1000, -1, '[6, 0, 0, 0, 0]', '[0, 0, 0, 0, 0]'),
(65, 4, 3, 'nón rocket 1', 1000, -1, '[6, 0, 0, 0, 0]', '[0, 0, 0, 0, 0]'),
(66, 5, 3, 'nón granos 1', 1000, -1, '[6, 0, 0, 0, 0]', '[0, 0, 0, 0, 0]'),
(67, 6, 3, 'nón gà 1', 1000, -1, '[6, 0, 0, 0, 0]', '[0, 0, 0, 0, 0]'),
(68, 7, 3, 'nón tarzan 1', 1000, -1, '[6, 0, 0, 0, 0]', '[0, 0, 0, 0, 0]'),
(69, 8, 3, 'nón apache 1', 1000, -1, '[6, 0, 0, 0, 0]', '[0, 0, 0, 0, 0]'),
(70, 9, 3, 'nón laser 1', 1000, -1, '[6, 0, 0, 0, 0]', '[0, 0, 0, 0, 0]'),
(71, 0, 7, 'nón cannon 2', 5000, -1, '[8, 0, 0, 0, 0]', '[0, 0, 1, 0, 0]'),
(72, 1, 6, 'nón ak 2', 5000, -1, '[8, 0, 0, 0, 0]', '[0, 0, 1, 0, 0]'),
(73, 2, 7, 'nón proton 2', 5000, -1, '[8, 0, 0, 0, 0]', '[0, 0, 1, 0, 0]'),
(74, 3, 7, 'nón khỉ 2', 5000, -1, '[8, 0, 0, 0, 0]', '[0, 0, 1, 0, 0]'),
(75, 4, 6, 'nón rocket 2', 5000, -1, '[8, 0, 0, 0, 0]', '[0, 0, 1, 0, 0]'),
(76, 5, 6, 'nón granos 2', 5000, -1, '[8, 0, 0, 0, 0]', '[0, 0, 1, 0, 0]'),
(77, 6, 6, 'nón gà 2', 5000, -1, '[8, 0, 0, 0, 0]', '[0, 0, 1, 0, 0]'),
(78, 7, 6, 'nón tarzan 2', 5000, -1, '[8, 0, 0, 0, 0]', '[0, 0, 1, 0, 0]'),
(79, 8, 6, 'nón apache 2', 5000, -1, '[8, 0, 0, 0, 0]', '[0, 0, 1, 0, 0]'),
(80, 9, 6, 'nón laser 2', 5000, -1, '[8, 0, 0, 0, 0]', '[0, 0, 1, 0, 0]'),
(81, 0, 12, 'nón cannon 3', 10000, -1, '[11, 0, 0, 0, 0]', '[0, 0, 2, 0, 0]'),
(82, 1, 9, 'nón ak 3', 15000, -1, '[11, 0, 0, 0, 0]', '[0, 0, 2, 0, 0]'),
(83, 2, 11, 'nón proton 3', 15000, -1, '[11, 0, 0, 0, 0]', '[0, 0, 2, 0, 0]'),
(84, 3, 12, 'nón khỉ 3', 15000, -1, '[11, 0, 0, 0, 0]', '[0, 0, 2, 0, 0]'),
(85, 4, 11, 'nón rocket 3', 15000, -1, '[11, 0, 0, 0, 0]', '[0, 0, 2, 0, 0]'),
(86, 5, 10, 'nón granos 3', 15000, -1, '[11, 0, 0, 0, 0]', '[0, 0, 2, 0, 0]'),
(87, 6, 9, 'nón gà 3', 15000, -1, '[11, 0, 0, 0, 0]', '[0, 0, 2, 0, 0]'),
(88, 7, 11, 'tóc tarzan 3', 10000, -1, '[0, 0, 0, 11, 0]', '[0, 0, 0, 1, 0]'),
(89, 8, 10, 'nón apache 3', 15000, -1, '[11, 0, 0, 0, 0]', '[0, 0, 2, 0, 0]'),
(90, 9, 9, 'nón laser 3', 15000, -1, '[11, 0, 0, 0, 0]', '[0, 0, 2, 0, 0]'),
(91, 0, 17, 'nón cannon 4', 15000, 12, '[14, 0, 0, 0, 0]', '[0, 0, 3, 0, 0]'),
(92, 1, 12, 'nón ak 4', 15000, 12, '[14, 0, 0, 0, 0]', '[0, 0, 3, 0, 0]'),
(93, 2, 15, 'nón proton 4', 15000, 12, '[14, 0, 0, 0, 0]', '[0, 0, 3, 0, 0]'),
(94, 3, 16, 'nón khỉ 4', 15000, 12, '[14, 0, 0, 0, 0]', '[0, 0, 3, 0, 0]'),
(95, 4, 16, 'nón rocket 4', 15000, 12, '[14, 0, 0, 0, 0]', '[0, 0, 3, 0, 0]'),
(96, 5, 14, 'nón granos 4', 15000, 12, '[14, 0, 0, 0, 0]', '[0, 0, 3, 0, 0]'),
(97, 6, 13, 'nón gà 4', 15000, 12, '[14, 0, 0, 0, 0]', '[0, 0, 3, 0, 0]'),
(98, 7, 14, 'tóc tarzan 4', 15000, 12, '[0, 0, 0, 14, 0]', '[0, 0, 0, 2, 0]'),
(99, 8, 14, 'nón apache 4', 15000, 12, '[14, 0, 0, 0, 0]', '[0, 0, 3, 0, 0]'),
(100, 9, 12, 'nón laser 4', 15000, 12, '[14, 0, 0, 0, 0]', '[0, 0, 3, 0, 0]'),
(101, 0, 42, 'nón bạc', 200000, 160, '[15, 5, 5, 5, 5]', '[4, 0, 0, 4, 0]'),
(102, 1, 36, 'nón bạc', 200000, 160, '[15, 5, 5, 5, 5]', '[4, 0, 0, 4, 0]'),
(103, 2, 36, 'nón bạc', 200000, 160, '[15, 5, 5, 5, 5]', '[4, 0, 0, 4, 0]'),
(104, 3, 36, 'nón bạc', 200000, 160, '[15, 5, 5, 5, 5]', '[4, 0, 0, 4, 0]'),
(105, 4, 36, 'nón bạc', 200000, 160, '[15, 5, 5, 5, 5]', '[4, 0, 0, 4, 0]'),
(106, 5, 35, 'nón bạc', 200000, 160, '[15, 5, 5, 5, 5]', '[4, 0, 0, 4, 0]'),
(107, 6, 36, 'nón bạc', 200000, 160, '[15, 5, 5, 5, 5]', '[4, 0, 0, 4, 0]'),
(108, 7, 37, 'nón bạc', 200000, 160, '[15, 5, 5, 5, 5]', '[4, 0, 0, 4, 0]'),
(109, 8, 36, 'nón bạc', 200000, 160, '[15, 5, 5, 5, 5]', '[4, 0, 0, 4, 0]'),
(110, 9, 36, 'nón bạc', 200000, 160, '[15, 5, 5, 5, 5]', '[4, 0, 0, 4, 0]'),
(111, 0, 47, 'nón vàng', -1, 400, '[15, 15, 15, 15, 15]', '[8, 8, 8, 8, 8]'),
(112, 1, 41, 'nón vàng', -1, 400, '[15, 15, 15, 15, 15]', '[8, 8, 8, 8, 8]'),
(113, 2, 41, 'nón vàng', -1, 400, '[15, 15, 15, 15, 15]', '[8, 8, 8, 8, 8]'),
(114, 3, 41, 'nón vàng', -1, 400, '[15, 15, 15, 15, 15]', '[8, 8, 8, 8, 8]'),
(115, 4, 41, 'nón vàng', -1, 400, '[15, 15, 15, 15, 15]', '[8, 8, 8, 8, 8]'),
(116, 5, 40, 'nón vàng', -1, 400, '[15, 15, 15, 15, 15]', '[8, 8, 8, 8, 8]'),
(117, 6, 41, 'nón vàng', -1, 400, '[15, 15, 15, 15, 15]', '[8, 8, 8, 8, 8]'),
(118, 7, 42, 'nón vàng', -1, 400, '[15, 15, 15, 15, 15]', '[8, 8, 8, 8, 8]'),
(119, 8, 41, 'nón vàng', -1, 400, '[15, 15, 15, 15, 15]', '[8, 8, 8, 8, 8]'),
(120, 9, 41, 'nón vàng', -1, 400, '[15, 15, 15, 15, 15]', '[8, 8, 8, 8, 8]'),
(121, 0, 22, 'batman', -1, 50, '[0, 0, 0, 0, 0]', '[5, 5, 5, 5, 5]'),
(122, 0, 26, 'ironman', -1, 50, '[0, 0, 0, 0, 0]', '[5, 5, 5, 5, 5]'),
(123, 0, 33, 'zombie', -1, 50, '[0, 0, 0, 0, 0]', '[5, 5, 5, 5, 5]'),
(124, 0, 36, 'bí ngô', -1, 50, '[0, 0, 0, 0, 0]', '[5, 5, 5, 5, 5]'),
(125, 1, 15, 'batman', -1, 50, '[0, 0, 0, 0, 0]', '[5, 5, 5, 5, 5]'),
(126, 1, 19, 'ironman', -1, 50, '[0, 0, 0, 0, 0]', '[5, 5, 5, 5, 5]'),
(127, 1, 30, 'zombie', -1, 50, '[0, 0, 0, 0, 0]', '[5, 5, 5, 5, 5]'),
(128, 1, 33, 'bí ngô', -1, 50, '[0, 0, 0, 0, 0]', '[5, 5, 5, 5, 5]'),
(129, 2, 19, 'batman', -1, 50, '[0, 0, 0, 0, 0]', '[5, 5, 5, 5, 5]'),
(130, 2, 23, 'ironman', -1, 50, '[0, 0, 0, 0, 0]', '[5, 5, 5, 5, 5]'),
(131, 2, 30, 'zombie', -1, 50, '[0, 0, 0, 0, 0]', '[5, 5, 5, 5, 5]'),
(132, 2, 33, 'bí ngô', -1, 50, '[0, 0, 0, 0, 0]', '[5, 5, 5, 5, 5]'),
(133, 3, 20, 'batman', -1, 50, '[0, 0, 0, 0, 0]', '[5, 5, 5, 5, 5]'),
(134, 3, 24, 'ironman', -1, 50, '[0, 0, 0, 0, 0]', '[5, 5, 5, 5, 5]'),
(135, 3, 31, 'zombie', -1, 50, '[0, 0, 0, 0, 0]', '[5, 5, 5, 5, 5]'),
(136, 3, 34, 'bí ngô', -1, 50, '[0, 0, 0, 0, 0]', '[5, 5, 5, 5, 5]'),
(137, 4, 21, 'batman', -1, 50, '[0, 0, 0, 0, 0]', '[5, 5, 5, 5, 5]'),
(138, 4, 25, 'ironman', -1, 50, '[0, 0, 0, 0, 0]', '[5, 5, 5, 5, 5]'),
(139, 4, 30, 'zombie', -1, 50, '[0, 0, 0, 0, 0]', '[5, 5, 5, 5, 5]'),
(140, 4, 33, 'bí ngô', -1, 50, '[0, 0, 0, 0, 0]', '[5, 5, 5, 5, 5]'),
(141, 5, 18, 'batman', -1, 50, '[0, 0, 0, 0, 0]', '[5, 5, 5, 5, 5]'),
(142, 5, 21, 'ironman', -1, 50, '[0, 0, 0, 0, 0]', '[5, 5, 5, 5, 5]'),
(143, 5, 29, 'zombie', -1, 50, '[0, 0, 0, 0, 0]', '[5, 5, 5, 5, 5]'),
(144, 5, 32, 'bí ngô', -1, 50, '[0, 0, 0, 0, 0]', '[5, 5, 5, 5, 5]'),
(145, 6, 17, 'batman', -1, 50, '[0, 0, 0, 0, 0]', '[5, 5, 5, 5, 5]'),
(146, 6, 21, 'ironman', -1, 50, '[0, 0, 0, 0, 0]', '[5, 5, 5, 5, 5]'),
(147, 6, 30, 'zombie', -1, 50, '[0, 0, 0, 0, 0]', '[5, 5, 5, 5, 5]'),
(148, 6, 33, 'bí ngô', -1, 50, '[0, 0, 0, 0, 0]', '[5, 5, 5, 5, 5]'),
(149, 7, 18, 'batman', -1, 50, '[0, 0, 0, 0, 0]', '[5, 5, 5, 5, 5]'),
(150, 7, 22, 'ironman', -1, 50, '[0, 0, 0, 0, 0]', '[5, 5, 5, 5, 5]'),
(151, 7, 31, 'zombie', -1, 50, '[0, 0, 0, 0, 0]', '[5, 5, 5, 5, 5]'),
(152, 7, 34, 'bí ngô', -1, 50, '[0, 0, 0, 0, 0]', '[5, 5, 5, 5, 5]'),
(153, 8, 18, 'batman', -1, 50, '[0, 0, 0, 0, 0]', '[5, 5, 5, 5, 5]'),
(154, 8, 22, 'ironman', -1, 50, '[0, 0, 0, 0, 0]', '[5, 5, 5, 5, 5]'),
(155, 8, 30, 'zombie', -1, 50, '[0, 0, 0, 0, 0]', '[5, 5, 5, 5, 5]'),
(156, 8, 33, 'bí ngô', -1, 50, '[0, 0, 0, 0, 0]', '[5, 5, 5, 5, 5]'),
(157, 9, 15, 'batman', -1, 50, '[0, 0, 0, 0, 0]', '[5, 5, 5, 5, 5]'),
(158, 9, 19, 'ironman', -1, 50, '[0, 0, 0, 0, 0]', '[5, 5, 5, 5, 5]'),
(159, 9, 30, 'zombie', -1, 50, '[0, 0, 0, 0, 0]', '[5, 5, 5, 5, 5]'),
(160, 9, 33, 'bí ngô', -1, 50, '[0, 0, 0, 0, 0]', '[5, 5, 5, 5, 5]'),
(161, 0, 4, 'áo cannon 1', 1000, -1, '[0, 0, 6, 0, 0]', '[0, 0, 0, 0, 0]'),
(162, 1, 4, 'áo ak 1', 1000, -1, '[0, 0, 6, 0, 0]', '[0, 0, 0, 0, 0]'),
(163, 2, 4, 'áo proton 1', 1000, -1, '[0, 0, 6, 0, 0]', '[0, 0, 0, 0, 0]'),
(164, 3, 4, 'áo khỉ 1', 1000, -1, '[0, 0, 6, 0, 0]', '[0, 0, 0, 0, 0]'),
(165, 4, 4, 'áo rocket 1', 1000, -1, '[0, 0, 6, 0, 0]', '[0, 0, 0, 0, 0]'),
(166, 5, 4, 'áo granos 1', 1000, -1, '[0, 0, 6, 0, 0]', '[0, 0, 0, 0, 0]'),
(167, 6, 4, 'áo gà 1', 1000, -1, '[0, 0, 6, 0, 0]', '[0, 0, 0, 0, 0]'),
(168, 7, 4, 'áo tarzan 1', 1000, -1, '[0, 0, 6, 0, 0]', '[0, 0, 0, 0, 0]'),
(169, 8, 4, 'áo apache 1', 1000, -1, '[0, 0, 6, 0, 0]', '[0, 0, 0, 0, 0]'),
(170, 9, 4, 'áo laser 1', 1000, -1, '[0, 0, 6, 0, 0]', '[0, 0, 0, 0, 0]'),
(171, 0, 8, 'áo cannon 2', 5000, -1, '[0, 0, 8, 0, 0]', '[2, 0, 0, 0, 0]'),
(172, 1, 7, 'áo ak 2', 5000, -1, '[0, 0, 8, 0, 0]', '[2, 0, 0, 0, 0]'),
(173, 2, 8, 'áo proton 2', 5000, -1, '[0, 0, 8, 0, 0]', '[2, 0, 0, 0, 0]'),
(174, 3, 8, 'áo khỉ 2', 5000, -1, '[0, 0, 8, 0, 0]', '[1, 0, 0, 0, 0]'),
(175, 4, 7, 'áo rocket 2', 5000, -1, '[0, 0, 8, 0, 0]', '[1, 0, 0, 0, 0]'),
(176, 5, 7, 'áo granos 2', 5000, -1, '[0, 0, 8, 0, 0]', '[1, 0, 0, 0, 0]'),
(177, 6, 7, 'áo gà 2', 5000, -1, '[0, 0, 8, 0, 0]', '[1, 0, 0, 0, 0]'),
(178, 7, 8, 'áo tarzan 2', 5000, -1, '[0, 0, 8, 0, 0]', '[1, 0, 0, 0, 0]'),
(179, 8, 7, 'áo apache 2', 5000, -1, '[0, 0, 8, 0, 0]', '[1, 0, 0, 0, 0]'),
(180, 9, 7, 'áo laser 2', 5000, -1, '[0, 0, 8, 0, 0]', '[1, 0, 0, 0, 0]'),
(181, 0, 13, 'áo cannon 3', 10000, -1, '[0, 0, 11, 0, 0]', '[2, 0, 0, 0, 0]'),
(182, 1, 10, 'áo ak 3', 15000, -1, '[0, 0, 11, 0, 0]', '[2, 0, 0, 0, 0]'),
(183, 2, 13, 'áo proton 3', 15000, -1, '[0, 0, 11, 0, 0]', '[2, 0, 0, 0, 0]'),
(184, 3, 13, 'áo khỉ 3', 15000, -1, '[0, 0, 11, 0, 0]', '[2, 0, 0, 0, 0]'),
(185, 4, 12, 'áo rocket 3', 15000, -1, '[0, 0, 11, 0, 0]', '[2, 0, 0, 0, 0]'),
(186, 5, 11, 'áo granos 3', 15000, -1, '[0, 0, 11, 0, 0]', '[2, 0, 0, 0, 0]'),
(187, 6, 10, 'áo gà 3', 15000, -1, '[0, 0, 11, 0, 0]', '[2, 0, 0, 0, 0]'),
(188, 7, 12, 'áo tarzan 3', 15000, -1, '[0, 0, 11, 0, 0]', '[2, 0, 0, 0, 0]'),
(189, 8, 11, 'áo apache 3', 15000, -1, '[0, 0, 11, 0, 0]', '[2, 0, 0, 0, 0]'),
(190, 9, 10, 'áo laser 3', 15000, -1, '[0, 0, 11, 0, 0]', '[2, 0, 0, 0, 0]'),
(191, 0, 18, 'áo cannon 4', 15000, 12, '[0, 0, 14, 0, 0]', '[3, 0, 0, 0, 0]'),
(192, 1, 13, 'áo ak 4', 15000, 12, '[0, 0, 14, 0, 0]', '[3, 0, 0, 0, 0]'),
(193, 2, 16, 'áo proton 4', 15000, 12, '[0, 0, 14, 0, 0]', '[3, 0, 0, 0, 0]'),
(194, 3, 17, 'áo khỉ 4', 15000, 12, '[0, 0, 14, 0, 0]', '[3, 0, 0, 0, 0]'),
(195, 4, 17, 'áo rocket 4', 15000, 12, '[0, 0, 14, 0, 0]', '[3, 0, 0, 0, 0]'),
(196, 5, 15, 'áo granos 4', 15000, 12, '[0, 0, 14, 0, 0]', '[3, 0, 0, 0, 0]'),
(197, 6, 14, 'áo gà 4', 15000, 12, '[0, 0, 14, 0, 0]', '[3, 0, 0, 0, 0]'),
(198, 7, 16, 'áo tarzan 4', 15000, 12, '[0, 0, 14, 0, 0]', '[3, 0, 0, 0, 0]'),
(199, 8, 15, 'áo apache 4', 15000, 12, '[0, 0, 14, 0, 0]', '[3, 0, 0, 0, 0]'),
(200, 9, 13, 'áo laser 4', 15000, 12, '[0, 0, 14, 0, 0]', '[3, 0, 0, 0, 0]'),
(201, 0, 43, 'giáp bạc', 200000, 160, '[5, 5, 15, 5, 5]', '[0, 0, 4, 0, 4]'),
(202, 1, 37, 'giáp bạc', 200000, 160, '[5, 5, 15, 5, 5]', '[0, 0, 4, 0, 4]'),
(203, 2, 37, 'giáp bạc', 200000, 160, '[5, 5, 15, 5, 5]', '[0, 0, 4, 0, 4]'),
(204, 3, 37, 'giáp bạc', 200000, 160, '[5, 5, 15, 5, 5]', '[4, 4, 0, 0, 0]'),
(205, 4, 37, 'giáp bạc', 200000, 160, '[5, 5, 15, 5, 5]', '[0, 0, 4, 0, 4]'),
(206, 5, 36, 'giáp bạc', 200000, 160, '[5, 5, 15, 5, 5]', '[0, 0, 4, 0, 4]'),
(207, 6, 37, 'giáp bạc', 200000, 160, '[5, 5, 15, 5, 5]', '[0, 0, 4, 0, 4]'),
(208, 7, 38, 'giáp bạc', 200000, 160, '[5, 5, 15, 5, 5]', '[0, 0, 4, 0, 4]'),
(209, 8, 37, 'giáp bạc', 200000, 160, '[5, 5, 15, 5, 5]', '[0, 0, 4, 0, 4]'),
(210, 9, 37, 'giáp bạc', 200000, 160, '[5, 5, 15, 5, 5]', '[0, 0, 4, 0, 4]'),
(211, 0, 48, 'giáp vàng', -1, 400, '[15, 15, 15, 15, 15]', '[8, 8, 8, 8, 8]'),
(212, 1, 42, 'giáp vàng', -1, 400, '[15, 15, 15, 15, 15]', '[8, 8, 8, 8, 8]'),
(213, 2, 42, 'giáp vàng', -1, 400, '[15, 15, 15, 15, 15]', '[8, 8, 8, 8, 8]'),
(214, 3, 42, 'giáp vàng', -1, 400, '[15, 15, 15, 15, 15]', '[8, 8, 8, 8, 8]'),
(215, 4, 42, 'giáp vàng', -1, 400, '[15, 15, 15, 15, 15]', '[8, 8, 8, 8, 8]'),
(216, 5, 41, 'giáp vàng', -1, 400, '[15, 15, 15, 15, 15]', '[8, 8, 8, 8, 8]'),
(217, 6, 42, 'giáp vàng', -1, 400, '[15, 15, 15, 15, 15]', '[8, 8, 8, 8, 0]'),
(218, 7, 43, 'giáp vàng', -1, 400, '[15, 15, 15, 15, 15]', '[8, 8, 8, 8, 8]'),
(219, 8, 42, 'giáp vàng', -1, 400, '[15, 15, 15, 15, 15]', '[8, 8, 8, 8, 8]'),
(220, 9, 42, 'giáp vàng', -1, 400, '[15, 15, 15, 15, 15]', '[8, 8, 8, 8, 8]'),
(221, 0, 32, 'kính cannon 1', 500, -1, '[0, 0, 0, 6, 0]', '[0, 0, 0, 0, 0]'),
(222, 1, 22, 'kính ak 1', 500, -1, '[0, 0, 0, 6, 0]', '[0, 0, 0, 0, 0]'),
(223, 2, 26, 'kính proton 1', 500, -1, '[0, 0, 0, 6, 0]', '[0, 0, 0, 0, 0]'),
(224, 3, 28, 'khiêng khỉ 1', 500, -1, '[0, 0, 0, 6, 0]', '[0, 0, 0, 0, 0]'),
(225, 4, 28, 'kính rocket 1', 500, -1, '[0, 0, 0, 6, 0]', '[0, 0, 0, 0, 0]'),
(226, 5, 25, 'kính granos 1', 500, -1, '[0, 0, 0, 6, 0]', '[0, 0, 0, 0, 0]'),
(227, 6, 25, 'giày gà 1', 500, -1, '[0, 0, 0, 6, 0]', '[0, 0, 0, 0, 0]'),
(228, 7, 26, 'dao tarzan 1', 500, -1, '[0, 0, 0, 0, 6]', '[0, 0, 0, 0, 0]'),
(229, 8, 26, 'dao apache 1', 500, -1, '[0, 0, 0, 6, 0]', '[0, 0, 0, 0, 0]'),
(230, 9, 22, 'kính laser 1', 500, -1, '[0, 0, 0, 6, 0]', '[0, 0, 0, 0, 0]'),
(231, 0, 11, 'kính cannon 2', 5000, -1, '[0, 0, 0, 8, 0]', '[0, 0, 0, 0, 0]'),
(232, 1, 24, 'kính ak 2', 5000, -1, '[0, 0, 0, 8, 0]', '[0, 0, 0, 0, 0]'),
(233, 2, 27, 'kính proton 2', 5000, -1, '[0, 0, 0, 8, 0]', '[0, 0, 0, 0, 0]'),
(234, 3, 11, 'khiêng khỉ 2', 5000, -1, '[0, 0, 0, 8, 0]', '[0, 0, 0, 0, 0]'),
(235, 4, 10, 'kính rocket 2', 5000, -1, '[0, 0, 0, 8, 0]', '[0, 0, 0, 0, 0]'),
(236, 5, 9, 'kính granos 2', 5000, -1, '[0, 0, 0, 8, 0]', '[0, 0, 0, 0, 0]'),
(237, 6, 27, 'giày gà 2', 5000, -1, '[0, 0, 0, 8, 0]', '[0, 0, 0, 0, 0]'),
(238, 7, 28, 'dao tarzan 2', 5000, -1, '[0, 0, 0, 0, 8]', '[0, 0, 0, 0, 0]'),
(239, 8, 27, 'dao apache 2', 5000, -1, '[0, 0, 0, 8, 0]', '[0, 0, 0, 0, 0]'),
(240, 9, 24, 'kính laser 2', 5000, -1, '[0, 0, 0, 8, 0]', '[0, 0, 0, 0, 0]'),
(241, 0, 16, 'kính cannon 3', 10000, -1, '[0, 0, 0, 11, 0]', '[0, 0, 0, 1, 0]'),
(242, 1, 26, 'kính ak 3', 10000, -1, '[0, 0, 0, 11, 0]', '[0, 0, 0, 1, 0]'),
(243, 2, 28, 'kính proton 3', 10000, -1, '[0, 0, 0, 11, 0]', '[0, 0, 0, 1, 0]'),
(244, 3, 29, 'khiêng khỉ 3', 10000, -1, '[0, 0, 0, 11, 0]', '[0, 0, 0, 1, 0]'),
(245, 4, 14, 'kính rocket 3', 10000, -1, '[0, 0, 0, 11, 0]', '[0, 0, 0, 1, 0]'),
(246, 5, 13, 'kính granos 3', 10000, -1, '[0, 0, 0, 11, 0]', '[0, 0, 0, 1, 0]'),
(247, 6, 28, 'giày gà 3', 10000, -1, '[0, 0, 0, 11, 0]', '[0, 0, 0, 1, 0]'),
(248, 7, 10, 'nón tarzan 3', 15000, -1, '[11, 0, 0, 0, 0]', '[0, 0, 2, 0, 0]'),
(249, 8, 28, 'kh_n apache 3', 10000, -1, '[0, 0, 0, 11, 0]', '[0, 0, 0, 1, 0]'),
(250, 9, 26, 'kính laser 3', 10000, -1, '[0, 0, 0, 11, 0]', '[0, 0, 0, 1, 0]'),
(251, 0, 21, 'kính cannon 4', 10000, 7, '[0, 0, 0, 14, 0]', '[0, 0, 0, 2, 0]'),
(252, 1, 28, 'kính ak 4', 15000, 12, '[0, 0, 0, 14, 0]', '[0, 0, 0, 2, 0]'),
(253, 2, 29, 'kính proton 4', 15000, 12, '[0, 0, 0, 14, 0]', '[0, 0, 0, 2, 0]'),
(254, 3, 30, 'khiêng khỉ 4', 15000, 12, '[0, 0, 0, 14, 0]', '[0, 0, 0, 2, 0]'),
(255, 4, 20, 'kính rocket 4', 15000, 12, '[0, 0, 0, 14, 0]', '[0, 0, 0, 2, 0]'),
(256, 5, 17, 'kính granos 4', 15000, 12, '[0, 0, 0, 14, 0]', '[0, 0, 0, 2, 0]'),
(257, 6, 29, 'giày gà 4', 15000, 12, '[0, 0, 0, 14, 0]', '[0, 0, 0, 2, 0]'),
(258, 7, 30, 'dao tarzan 4', 15000, 12, '[0, 0, 0, 0, 14]', '[0, 0, 0, 0, 2]'),
(259, 8, 29, 'kh_n apache 4', 15000, 12, '[0, 0, 0, 14, 0]', '[0, 0, 0, 2, 0]'),
(260, 9, 28, 'kinh laser 4', 15000, 12, '[0, 0, 0, 14, 0]', '[0, 0, 0, 2, 0]'),
(261, 0, 45, 'kính bạc', 200000, 160, '[5, 5, 5, 15, 5]', '[4, 4, 0, 0, 0]'),
(262, 1, 39, 'kính bạc', 200000, 160, '[5, 5, 5, 15, 5]', '[4, 4, 0, 0, 0]'),
(263, 2, 39, 'kính bạc', 200000, 160, '[5, 5, 5, 15, 5]', '[4, 4, 0, 0, 0]'),
(264, 3, 39, 'khiên bạc', 200000, 160, '[5, 5, 5, 15, 5]', '[4, 4, 0, 0, 0]'),
(265, 4, 39, 'kính bạc', 200000, 160, '[5, 5, 5, 15, 5]', '[4, 4, 0, 0, 0]'),
(266, 5, 38, 'kính bạc', 200000, 160, '[5, 5, 5, 15, 5]', '[4, 4, 0, 0, 0]'),
(267, 6, 40, 'giày bạc', 200000, 160, '[5, 5, 5, 15, 5]', '[4, 4, 0, 0, 0]'),
(268, 7, 40, 'kính bạc', 200000, 160, '[5, 5, 5, 15, 5]', '[4, 4, 0, 0, 0]'),
(269, 8, 39, 'cánh bạc', 200000, 160, '[5, 5, 5, 5, 15]', '[0, 0, 4, 4, 0]'),
(270, 9, 39, 'kính bạc', 200000, 160, '[5, 5, 5, 15, 5]', '[4, 4, 0, 0, 0]'),
(271, 0, 50, 'kính vàng', -1, 400, '[15, 15, 15, 15, 15]', '[8, 8, 8, 8, 8]'),
(272, 1, 45, 'kính vàng', -1, 400, '[15, 15, 15, 15, 15]', '[8, 8, 8, 8, 8]'),
(273, 2, 45, 'kính vàng', -1, 400, '[15, 15, 15, 15, 15]', '[8, 8, 8, 8, 8]'),
(274, 3, 45, 'khiên vàng', -1, 400, '[15, 15, 15, 15, 15]', '[8, 8, 8, 8, 8]'),
(275, 4, 45, 'kính vàng', -1, 400, '[15, 15, 15, 15, 15]', '[8, 8, 8, 8, 8]'),
(276, 5, 44, 'kính vàng', -1, 400, '[15, 15, 15, 15, 15]', '[8, 8, 8, 8, 8]'),
(277, 6, 45, 'giày vàng', -1, 400, '[15, 15, 15, 15, 15]', '[8, 8, 8, 8, 8]'),
(278, 7, 46, 'kính vàng', -1, 400, '[15, 15, 15, 15, 15]', '[8, 8, 8, 8, 8]'),
(279, 8, 45, 'dao vàng', -1, 400, '[15, 15, 15, 15, 15]', '[8, 8, 8, 8, 8]'),
(280, 9, 45, 'kính vàng', -1, 400, '[15, 15, 15, 15, 15]', '[8, 8, 8, 8, 8]'),
(281, 0, 6, 'balo cannon 1', 500, -1, '[0, 0, 0, 0, 6]', '[0, 0, 0, 0, 0]'),
(282, 1, 23, 'balo ak 1', 500, -1, '[0, 0, 0, 0, 6]', '[0, 0, 0, 0, 0]'),
(283, 2, 6, 'balo proton 1', 500, -1, '[0, 0, 0, 0, 6]', '[0, 0, 0, 0, 0]'),
(284, 3, 6, 'balo khỉ 1', 500, -1, '[0, 0, 0, 0, 6]', '[0, 0, 0, 0, 0]'),
(285, 4, 29, 'balo rocket 1', 500, -1, '[0, 0, 0, 0, 6]', '[0, 0, 0, 0, 0]'),
(286, 5, 24, 'cánh granos 1', 500, -1, '[0, 0, 0, 0, 6]', '[0, 0, 0, 0, 0]'),
(287, 6, 24, 'cánh gà 1', 500, -1, '[0, 0, 0, 0, 6]', '[0, 0, 0, 0, 0]'),
(288, 7, 25, 'lá tarzan 1', 500, -1, '[0, 0, 0, 6, 0]', '[0, 0, 0, 0, 0]'),
(289, 8, 25, 'r_ apache 1', 500, -1, '[0, 0, 0, 0, 6]', '[0, 0, 0, 0, 0]'),
(290, 9, 23, 'balo laser 1', 500, -1, '[0, 0, 0, 0, 6]', '[0, 0, 0, 0, 0]'),
(291, 0, 10, 'balo cannon 2', 5000, -1, '[0, 0, 0, 0, 8]', '[0, 0, 0, 0, 0]'),
(292, 1, 25, 'balo ak 2', 5000, -1, '[0, 0, 0, 0, 8]', '[0, 0, 0, 0, 0]'),
(293, 2, 10, 'balo proton 2', 5000, -1, '[0, 0, 0, 0, 8]', '[0, 0, 0, 0, 0]'),
(294, 3, 10, 'balo khỉ 2', 5000, -1, '[0, 0, 0, 0, 8]', '[0, 0, 0, 0, 0]'),
(295, 4, 9, 'balo rocket 2', 5000, -1, '[0, 0, 0, 0, 8]', '[0, 0, 0, 0, 0]'),
(296, 5, 26, 'cánh granos 2', 5000, -1, '[0, 0, 0, 0, 8]', '[0, 0, 0, 0, 0]'),
(297, 6, 26, 'cánh gà 2', 5000, -1, '[0, 0, 0, 0, 8]', '[0, 0, 0, 0, 0]'),
(298, 7, 27, 'lá tarzan 2', 5000, -1, '[0, 0, 0, 8, 0]', '[0, 0, 0, 0, 0]'),
(299, 8, 9, 'kh_n apache 2', 5000, -1, '[0, 0, 0, 0, 8]', '[0, 0, 0, 0, 0]'),
(300, 9, 25, 'balo laser 2', 5000, -1, '[0, 0, 0, 0, 8]', '[0, 0, 0, 0, 0]'),
(301, 0, 15, 'balo cannon 3', 10000, -1, '[0, 0, 0, 0, 11]', '[0, 0, 0, 0, 1]'),
(302, 1, 27, 'balo ak 3', 10000, -1, '[0, 0, 0, 0, 11]', '[0, 0, 0, 0, 1]'),
(303, 2, 14, 'balo proton 3', 10000, -1, '[0, 0, 0, 0, 11]', '[0, 0, 0, 0, 1]'),
(304, 3, 15, 'balo khỉ 3', 10000, -1, '[0, 0, 0, 0, 11]', '[0, 0, 0, 0, 1]'),
(305, 4, 13, 'balo rocket 3', 10000, -1, '[0, 0, 0, 0, 11]', '[0, 0, 0, 0, 1]'),
(306, 5, 27, 'cánh granos 3', 10000, -1, '[0, 0, 0, 0, 11]', '[0, 0, 0, 0, 1]'),
(307, 6, 12, 'cánh gà 3', 10000, -1, '[0, 0, 0, 0, 11]', '[0, 0, 0, 0, 1]'),
(308, 7, 29, 'dao tarzan 3', 10000, -1, '[0, 0, 0, 0, 11]', '[0, 0, 0, 0, 1]'),
(309, 8, 13, 'tóc apache 3', 10000, -1, '[0, 0, 0, 0, 11]', '[0, 0, 0, 0, 1]'),
(310, 9, 27, 'balo laser 3', 10000, -1, '[0, 0, 0, 0, 11]', '[0, 0, 0, 0, 1]'),
(311, 0, 20, 'balo cannon 4', 10000, 7, '[0, 0, 0, 0, 14]', '[0, 0, 0, 0, 2]'),
(312, 1, 29, 'balo ak 4', 15000, 12, '[0, 0, 0, 0, 14]', '[0, 0, 0, 0, 2]'),
(313, 2, 18, 'balo proton 4', 15000, 12, '[0, 0, 0, 0, 14]', '[0, 0, 0, 0, 2]'),
(314, 3, 18, 'balo khỉ 4', 15000, 12, '[0, 0, 0, 0, 14]', '[0, 0, 0, 0, 2]'),
(315, 4, 19, 'balo rocket 4', 15000, 12, '[0, 0, 0, 0, 14]', '[0, 0, 0, 0, 2]'),
(316, 5, 28, 'cánh granos 4', 15000, 12, '[0, 0, 0, 0, 14]', '[0, 0, 0, 0, 2]'),
(317, 6, 16, 'cánh gà 4', 15000, 12, '[0, 0, 0, 0, 14]', '[0, 0, 0, 0, 2]'),
(318, 7, 15, 'nón tarzan 4', 15000, 12, '[14, 0, 0, 0, 0]', '[0, 0, 3, 0, 0]'),
(319, 8, 17, 'tóc apache 4', 15000, 12, '[0, 0, 0, 0, 14]', '[0, 0, 0, 0, 2]'),
(320, 9, 29, 'balo laser 4', 15000, 12, '[0, 0, 0, 0, 14]', '[0, 0, 0, 0, 2]'),
(321, 0, 46, 'balo bạc', 200000, 160, '[5, 5, 5, 5, 15]', '[0, 0, 4, 4, 0]'),
(322, 1, 40, 'balo bạc', 200000, 160, '[5, 5, 5, 5, 15]', '[0, 0, 4, 4, 0]'),
(323, 2, 40, 'balo bạc', 200000, 160, '[5, 5, 5, 5, 15]', '[0, 0, 4, 4, 0]'),
(324, 3, 40, 'balo bạc', 200000, 160, '[5, 5, 5, 5, 15]', '[0, 0, 4, 4, 0]'),
(325, 4, 40, 'balo bạc', 200000, 160, '[5, 5, 5, 5, 15]', '[0, 0, 4, 4, 0]'),
(326, 5, 39, 'cánh bạc', 200000, 160, '[5, 5, 5, 5, 15]', '[0, 0, 4, 4, 0]'),
(327, 6, 39, 'cánh bạc', 200000, 160, '[5, 5, 5, 5, 15]', '[0, 0, 4, 4, 0]'),
(328, 7, 41, 'dao bạc', 200000, 160, '[5, 5, 5, 5, 15]', '[0, 0, 4, 4, 0]'),
(329, 8, 40, 'dao bạc', 200000, 160, '[5, 5, 5, 15, 5]', '[4, 4, 0, 0, 0]'),
(330, 9, 40, 'balo bạc', 200000, 160, '[5, 5, 5, 5, 15]', '[0, 0, 4, 4, 0]'),
(331, 0, 51, 'balo vàng', -1, 400, '[15, 15, 15, 15, 15]', '[8, 8, 8, 8, 8]'),
(332, 1, 44, 'balo vàng', -1, 400, '[15, 15, 15, 15, 15]', '[8, 8, 8, 8, 8]'),
(333, 2, 44, 'balo vàng', -1, 400, '[15, 15, 15, 15, 15]', '[8, 8, 8, 8, 8]'),
(334, 3, 44, 'balo vàng', -1, 400, '[15, 15, 15, 15, 15]', '[8, 8, 8, 8, 8]'),
(335, 4, 44, 'balo vàng', -1, 400, '[15, 15, 15, 15, 15]', '[8, 8, 8, 8, 8]'),
(336, 5, 43, 'balo vàng', -1, 400, '[15, 15, 15, 15, 15]', '[8, 8, 8, 8, 8]'),
(337, 6, 44, 'cánh vàng', -1, 400, '[15, 15, 15, 15, 15]', '[8, 8, 8, 8, 8]'),
(338, 7, 45, 'dao vàng', -1, 400, '[15, 15, 15, 15, 15]', '[8, 8, 8, 8, 8]'),
(339, 8, 44, 'cánh vàng', -1, 400, '[15, 15, 15, 15, 15]', '[8, 8, 8, 8, 8]'),
(340, 9, 44, 'balo vàng', -1, 400, '[15, 15, 15, 15, 15]', '[8, 8, 8, 8, 8]');

-- --------------------------------------------------------

--
-- Table structure for table `shop_linhtinh`
--

CREATE TABLE `shop_linhtinh` (
  `id` tinyint(4) NOT NULL,
  `isSelectNum` tinyint(1) NOT NULL DEFAULT 1
) ENGINE=InnoDB DEFAULT CHARSET=utf8 COLLATE=utf8_bin COMMENT='Do Dac Biet';

--
-- Dumping data for table `shop_linhtinh`
--

INSERT INTO `shop_linhtinh` (`id`, `isSelectNum`) VALUES
(0, 1),
(1, 1),
(2, 1),
(3, 1),
(4, 1),
(5, 1),
(6, 1),
(10, 1),
(11, 1),
(12, 1),
(13, 1),
(14, 1),
(15, 1),
(16, 1),
(20, 1),
(21, 1),
(22, 1),
(23, 1),
(24, 1),
(25, 1),
(26, 1),
(30, 1),
(31, 1),
(32, 1),
(33, 1),
(34, 1),
(35, 1),
(36, 1),
(40, 1),
(41, 1),
(42, 1),
(43, 1),
(44, 1),
(45, 1),
(46, 1),
(50, 0),
(54, 0),
(57, 0),
(58, 0),
(59, 0),
(60, 0),
(61, 0),
(62, 1),
(63, 1),
(64, 1),
(65, 1),
(66, 1),
(67, 1),
(68, 1),
(69, 1),
(70, 1),
(71, 1),
(72, 1),
(73, 1);

-- --------------------------------------------------------

--
-- Table structure for table `user`
--

CREATE TABLE `user` (
  `id` int(11) NOT NULL,
  `username` varchar(50) NOT NULL,
  `password` varchar(255) NOT NULL
) ENGINE=InnoDB DEFAULT CHARSET=utf8 COLLATE=utf8_bin;

--
-- Dumping data for table `user`
--

INSERT INTO `user` (`id`, `username`, `password`) VALUES
(1, 'admin', '$2y$10$33D9GKOakCeKqWmjo4xCje5r8U7vKUAPEAEVY68IHNwp/pytbGn0C'),
(2, 'nguoiduatin', '$2y$10$7rdCaXBGThMzOaeeXngqAO2EHFyiXnalyt61XwR.9nA8aaej4RBsy'),
(3, 'aisothivee', '$2y$10$7Sa5HglQk12fwmHE7YCux.CETwxEIy5wN833kY8WLxUXR3YWJknau'),
(4, 'mayxucsb', '$2y$10$7Sa5HglQk12fwmHE7YCux.CETwxEIy5wN833kY8WLxUXR3YWJknau'),
(5, 'gdvgamearmy1', '$2y$10$7Sa5HglQk12fwmHE7YCux.CETwxEIy5wN833kY8WLxUXR3YWJknau');

-- --------------------------------------------------------

--
-- Table structure for table `user_`
--

CREATE TABLE `user_` (
  `user_id` int(11) NOT NULL,
  `name` varchar(255) NOT NULL,
  `xu` int(11) NOT NULL,
  `luong` int(11) NOT NULL,
  `cup` int(11) NOT NULL,
  `glass` tinyint(4) NOT NULL
) ENGINE=InnoDB DEFAULT CHARSET=utf8 COLLATE=utf8_bin;

--
-- Dumping data for table `user_`
--

INSERT INTO `user_` (`user_id`, `name`, `xu`, `luong`, `cup`, `glass`) VALUES
(1, 'admin', 994018956, 999997950, 0, 9),
(2, 'nguoiduatin', 1000, 1000, 0, 0),
(3, '12345', 999990000, 1000000000, 0, 0),
(4, '00000', 1000, 1000, 0, 0),
(5, 'gdvgamearmy1', 211784, 99948318, 1167100, 9);

-- --------------------------------------------------------

--
-- Table structure for table `user_equip`
--

CREATE TABLE `user_equip` (
  `user_id` int(11) NOT NULL,
  `glassID` tinyint(4) NOT NULL,
  `equipID` smallint(6) NOT NULL,
  `level2` tinyint(4) NOT NULL,
  `inv_ability` longtext CHARACTER SET utf8mb4 COLLATE utf8mb4_bin NOT NULL CHECK (json_valid(`inv_ability`)),
  `inv_percen` longtext CHARACTER SET utf8mb4 COLLATE utf8mb4_bin NOT NULL CHECK (json_valid(`inv_percen`)),
  `slot` longtext CHARACTER SET utf8mb4 COLLATE utf8mb4_bin NOT NULL CHECK (json_valid(`slot`)),
  `dbKey` int(11) NOT NULL,
  `isUse` tinyint(1) NOT NULL,
  `renewalDate` bigint(20) NOT NULL
) ENGINE=InnoDB DEFAULT CHARSET=utf8 COLLATE=utf8_bin;

--
-- Dumping data for table `user_equip`
--

INSERT INTO `user_equip` (`user_id`, `glassID`, `equipID`, `level2`, `inv_ability`, `inv_percen`, `slot`, `dbKey`, `isUse`, `renewalDate`) VALUES
(1, 9, 15, 0, '[0, 0, 0, 57, 0]', '[5, 5, 5, 5, 5]', '[39, 39, 39]', 6, 1, 1737444114977),
(1, 9, 41, 0, '[15, 15, 15, 72, 15]', '[8, 8, 8, 8, 8]', '[39, 39, 39]', 2, 1, 1737444095234),
(1, 9, 42, 0, '[15, 72, 15, 15, 15]', '[8, 8, 8, 8, 8]', '[49, 49, 49]', 3, 1, 1737444074489),
(1, 9, 43, 0, '[15, 72, 15, 15, 15]', '[8, 8, 8, 8, 8]', '[49, 49, 49]', 1, 1, 1737444102263),
(1, 9, 44, 0, '[15, 72, 15, 15, 15]', '[8, 8, 8, 8, 8]', '[49, 49, 49]', 5, 1, 1737444122775),
(1, 9, 45, 0, '[15, 72, 15, 15, 15]', '[8, 8, 8, 8, 8]', '[49, 49, 49]', 4, 1, 1737444127715),
(5, 0, 22, 0, '[0, 0, 0, 0, 0]', '[5, 5, 5, 5, 5]', '[-1, -1, -1]', 9, 0, 1727395624130),
(5, 0, 47, 0, '[15, 15, 15, 15, 15]', '[8, 8, 8, 8, 8]', '[-1, -1, -1]', 10, 0, 1727395626635),
(5, 0, 48, 0, '[15, 15, 15, 15, 15]', '[8, 8, 8, 8, 8]', '[-1, -1, -1]', 11, 0, 1727395629689),
(5, 0, 49, 0, '[15, 15, 15, 15, 15]', '[8, 8, 8, 8, 8]', '[-1, -1, -1]', 8, 0, 1727395618776),
(5, 0, 50, 0, '[15, 15, 15, 15, 15]', '[8, 8, 8, 8, 8]', '[-1, -1, -1]', 12, 0, 1727395631755),
(5, 0, 51, 0, '[15, 15, 15, 15, 15]', '[8, 8, 8, 8, 8]', '[-1, -1, -1]', 13, 0, 1727395634372),
(5, 6, 17, 0, '[0, 57, 0, 0, 0]', '[5, 5, 5, 5, 5]', '[-1, 49, 49]', 1, 0, 1727391686399),
(5, 6, 33, 0, '[0, 0, 0, 0, 0]', '[5, 5, 5, 5, 5]', '[-1, -1, -1]', 7, 0, 1727395602979),
(5, 6, 41, 0, '[15, 72, 15, 15, 15]', '[8, 8, 8, 8, 8]', '[49, 49, 49]', 3, 1, 1727394528603),
(5, 6, 42, 0, '[15, 72, 15, 15, 15]', '[8, 8, 8, 8, 0]', '[49, 49, 49]', 4, 1, 1727394533619),
(5, 6, 43, 0, '[15, 72, 15, 15, 15]', '[8, 8, 8, 8, 8]', '[49, 49, 49]', 2, 1, 1727394523371),
(5, 6, 44, 0, '[15, 72, 15, 15, 15]', '[8, 8, 8, 8, 8]', '[49, 49, 49]', 5, 1, 1727394538966),
(5, 6, 45, 0, '[15, 72, 15, 15, 15]', '[8, 8, 8, 8, 8]', '[49, 49, 49]', 6, 1, 1727394712034),
(5, 9, 41, 0, '[15, 15, 15, 72, 15]', '[8, 8, 8, 8, 8]', '[39, 39, 39]', 15, 1, 1737624821493),
(5, 9, 42, 0, '[15, 15, 15, 72, 15]', '[8, 8, 8, 8, 8]', '[39, 39, 39]', 16, 1, 1737624823664),
(5, 9, 43, 0, '[15, 15, 15, 72, 15]', '[8, 8, 8, 8, 8]', '[39, 39, 39]', 14, 1, 1737624827396),
(5, 9, 44, 0, '[15, 15, 15, 72, 15]', '[8, 8, 8, 8, 8]', '[39, 39, 39]', 18, 1, 1737624825543),
(5, 9, 45, 0, '[15, 15, 15, 72, 15]', '[8, 8, 8, 8, 8]', '[39, 39, 39]', 17, 1, 1737624829475);

-- --------------------------------------------------------

--
-- Table structure for table `user_friend`
--

CREATE TABLE `user_friend` (
  `user_id` int(11) NOT NULL,
  `friend_id` int(11) NOT NULL
) ENGINE=InnoDB DEFAULT CHARSET=utf8 COLLATE=utf8_bin;

-- --------------------------------------------------------

--
-- Table structure for table `user_glass`
--

CREATE TABLE `user_glass` (
  `user_id` int(11) NOT NULL,
  `glassID` tinyint(4) NOT NULL,
  `ability` longtext CHARACTER SET utf8mb4 COLLATE utf8mb4_bin NOT NULL CHECK (json_valid(`ability`)),
  `equipID` longtext CHARACTER SET utf8mb4 COLLATE utf8mb4_bin NOT NULL CHECK (json_valid(`equipID`)),
  `data` longtext CHARACTER SET utf8mb4 COLLATE utf8mb4_bin NOT NULL CHECK (json_valid(`data`)),
  `point` smallint(6) NOT NULL,
  `level` tinyint(3) UNSIGNED NOT NULL,
  `exp` int(11) NOT NULL
) ENGINE=InnoDB DEFAULT CHARSET=utf8 COLLATE=utf8_bin;

--
-- Dumping data for table `user_glass`
--

INSERT INTO `user_glass` (`user_id`, `glassID`, `ability`, `equipID`, `data`, `point`, `level`, `exp`) VALUES
(1, 0, '[0, 0, 10, 10, 10]', '[2, 0, 1, -1, -1]', 'null', 135, 45, 1000000),
(1, 1, '[0, 0, 10, 10, 10]', '[2, 0, 1, -1, -1]', 'null', 135, 45, 1000000),
(1, 2, '[0, 0, 10, 10, 10]', '[2, 0, 1, -1, -1]', 'null', 135, 45, 1000000),
(1, 6, '[0, 0, 10, 10, 10]', '[2, 0, 1, -1, -1]', 'null', 0, 1, 0),
(1, 9, '[81, 100, 10, 210, 10]', '[43, 41, 42, 45, 44]', '[17, 15, 16, -1, 18]', 0, 127, 8127995),
(2, 0, '[0, 0, 10, 10, 10]', '[2, 0, 1, -1, -1]', 'null', 0, 1, 0),
(2, 1, '[0, 0, 10, 10, 10]', '[2, 0, 1, -1, -1]', 'null', 0, 1, 0),
(2, 2, '[0, 0, 10, 10, 10]', '[2, 0, 1, -1, -1]', 'null', 0, 1, 0),
(3, 0, '[0, 0, 10, 10, 10]', '[2, 0, 1, -1, -1]', 'null', 135, 45, 1000000),
(3, 1, '[0, 0, 10, 10, 10]', '[2, 0, 1, -1, -1]', 'null', 135, 45, 1000000),
(3, 2, '[0, 0, 10, 10, 10]', '[2, 0, 1, -1, -1]', 'null', 135, 45, 1000000),
(4, 0, '[0, 0, 10, 10, 10]', '[2, 0, 1, -1, -1]', 'null', 0, 1, 108),
(4, 1, '[0, 0, 10, 10, 10]', '[2, 0, 1, -1, -1]', 'null', 0, 1, 0),
(4, 2, '[0, 0, 10, 10, 10]', '[2, 0, 1, -1, -1]', 'null', 0, 1, 0),
(5, 0, '[0, 0, 10, 10, 10]', '[2, 0, 1, -1, -1]', 'null', 0, 1, 0),
(5, 1, '[0, 0, 10, 10, 10]', '[2, 0, 1, -1, -1]', 'null', 0, 1, 0),
(5, 2, '[0, 0, 10, 10, 10]', '[2, 0, 1, -1, -1]', 'null', 0, 1, 0),
(5, 3, '[0, 0, 10, 10, 10]', '[0, -1, -1, -1, 1]', 'null', 327, 110, 6005001),
(5, 6, '[0, 333, 10, 10, 10]', '[43, 41, 42, 45, 44]', 'null', 0, 112, 6216000),
(5, 9, '[0, 200, 10, 122, 10]', '[43, 41, 42, 45, 44]', 'null', 0, 105, 5550455);

-- --------------------------------------------------------

--
-- Table structure for table `user_item`
--

CREATE TABLE `user_item` (
  `user_id` int(11) NOT NULL,
  `item_id` tinyint(4) NOT NULL,
  `num` tinyint(3) UNSIGNED NOT NULL
) ENGINE=InnoDB DEFAULT CHARSET=utf8 COLLATE=utf8_bin;

--
-- Dumping data for table `user_item`
--

INSERT INTO `user_item` (`user_id`, `item_id`, `num`) VALUES
(1, 0, 99),
(1, 1, 99),
(1, 2, 99),
(1, 3, 99),
(1, 4, 99),
(1, 5, 99),
(1, 6, 99),
(1, 7, 99),
(1, 8, 99),
(1, 9, 99),
(1, 10, 99),
(1, 11, 99),
(1, 12, 99),
(1, 13, 99),
(1, 14, 99),
(1, 15, 99),
(1, 16, 99),
(1, 17, 99),
(1, 18, 99),
(1, 19, 99),
(1, 20, 99),
(1, 21, 99),
(1, 22, 99),
(1, 23, 99),
(1, 24, 99),
(1, 25, 99),
(1, 26, 99),
(1, 27, 99),
(1, 28, 99),
(1, 29, 99),
(1, 30, 99),
(1, 31, 99),
(1, 32, 99),
(1, 33, 99),
(1, 34, 99),
(1, 35, 99),
(2, 0, 99),
(2, 1, 99),
(2, 2, 99),
(2, 3, 99),
(2, 4, 99),
(2, 5, 99),
(2, 6, 99),
(2, 7, 99),
(2, 8, 99),
(2, 9, 99),
(2, 10, 99),
(2, 11, 99),
(2, 12, 99),
(2, 13, 99),
(2, 14, 99),
(2, 15, 99),
(2, 16, 99),
(2, 17, 99),
(2, 18, 99),
(2, 19, 99),
(2, 20, 99),
(2, 21, 99),
(2, 22, 99),
(2, 23, 99),
(2, 24, 99),
(2, 25, 99),
(2, 26, 99),
(2, 27, 99),
(2, 28, 99),
(2, 29, 99),
(2, 30, 99),
(2, 31, 99),
(2, 32, 99),
(2, 33, 99),
(2, 34, 99),
(2, 35, 99),
(3, 0, 99),
(3, 1, 99),
(3, 2, 98),
(3, 3, 98),
(3, 4, 98),
(3, 5, 98),
(3, 6, 98),
(3, 7, 99),
(3, 8, 98),
(3, 9, 99),
(3, 10, 99),
(3, 11, 99),
(3, 12, 98),
(3, 13, 98),
(3, 14, 98),
(3, 15, 98),
(3, 16, 99),
(3, 17, 99),
(3, 18, 99),
(3, 19, 99),
(3, 20, 99),
(3, 21, 99),
(3, 22, 99),
(3, 23, 99),
(3, 24, 99),
(3, 25, 99),
(3, 26, 99),
(3, 27, 99),
(3, 28, 99),
(3, 29, 99),
(3, 30, 99),
(3, 31, 99),
(3, 32, 99),
(3, 33, 99),
(3, 34, 99),
(3, 35, 99),
(4, 0, 99),
(4, 1, 99),
(4, 2, 99),
(4, 3, 99),
(4, 4, 99),
(4, 5, 99),
(4, 6, 99),
(4, 7, 99),
(4, 8, 99),
(4, 9, 99),
(4, 10, 99),
(4, 11, 99),
(4, 12, 99),
(4, 13, 99),
(4, 14, 99),
(4, 15, 99),
(4, 16, 99),
(4, 17, 99),
(4, 18, 99),
(4, 19, 99),
(4, 20, 99),
(4, 21, 99),
(4, 22, 99),
(4, 23, 99),
(4, 24, 99),
(4, 25, 99),
(4, 26, 99),
(4, 27, 99),
(4, 28, 99),
(4, 29, 99),
(4, 30, 99),
(4, 31, 99),
(4, 32, 99),
(4, 33, 99),
(4, 34, 99),
(4, 35, 99),
(5, 0, 99),
(5, 1, 99),
(5, 2, 99),
(5, 3, 99),
(5, 4, 99),
(5, 5, 99),
(5, 6, 99),
(5, 7, 99),
(5, 8, 99),
(5, 9, 99),
(5, 10, 98),
(5, 11, 98),
(5, 12, 98),
(5, 13, 98),
(5, 14, 98),
(5, 15, 98),
(5, 16, 98),
(5, 17, 98),
(5, 18, 98),
(5, 19, 98),
(5, 20, 98),
(5, 21, 98),
(5, 22, 99),
(5, 23, 99),
(5, 24, 99),
(5, 25, 99),
(5, 26, 99),
(5, 27, 99),
(5, 28, 99),
(5, 29, 99),
(5, 30, 99),
(5, 31, 99),
(5, 32, 99),
(5, 33, 99),
(5, 34, 99),
(5, 35, 99);

-- --------------------------------------------------------

--
-- Table structure for table `user_linhtinh`
--

CREATE TABLE `user_linhtinh` (
  `user_id` int(11) NOT NULL,
  `linhtinh_id` tinyint(4) NOT NULL,
  `num` int(11) NOT NULL
) ENGINE=InnoDB DEFAULT CHARSET=utf8 COLLATE=utf8_bin;

--
-- Dumping data for table `user_linhtinh`
--

INSERT INTO `user_linhtinh` (`user_id`, `linhtinh_id`, `num`) VALUES
(1, 0, 10),
(1, 1, 50),
(1, 39, 978),
(1, 49, 988),
(5, 39, 984),
(5, 46, 2350),
(5, 47, 25),
(5, 48, 9719),
(5, 49, 1000);

-- --------------------------------------------------------

--
-- Table structure for table `user_mission`
--

CREATE TABLE `user_mission` (
  `user_id` int(11) NOT NULL,
  `mission_id` tinyint(4) NOT NULL,
  `level` tinyint(4) NOT NULL,
  `have` int(11) NOT NULL,
  `isComplete` tinyint(1) NOT NULL,
  `isGetReward` tinyint(1) NOT NULL
) ENGINE=InnoDB DEFAULT CHARSET=utf8 COLLATE=utf8_bin;

--
-- Dumping data for table `user_mission`
--

INSERT INTO `user_mission` (`user_id`, `mission_id`, `level`, `have`, `isComplete`, `isGetReward`) VALUES
(1, 0, 1, 0, 0, 0),
(1, 1, 1, 0, 0, 0),
(1, 2, 1, 0, 0, 0),
(1, 3, 1, 0, 0, 0),
(1, 4, 1, 0, 0, 0),
(1, 5, 1, 0, 0, 0),
(1, 6, 1, 0, 0, 0),
(1, 7, 1, 0, 0, 0),
(1, 8, 1, 0, 0, 0),
(1, 9, 1, 118, 1, 0),
(1, 10, 1, 14, 1, 0),
(1, 11, 1, 20, 1, 1),
(1, 12, 1, 0, 0, 0),
(1, 13, 1, 0, 0, 0),
(1, 14, 1, 0, 0, 0),
(1, 15, 1, 0, 0, 0),
(1, 16, 1, 0, 0, 0),
(1, 17, 1, 0, 0, 0),
(2, 0, 1, 0, 0, 0),
(2, 1, 1, 0, 0, 0),
(2, 2, 1, 0, 0, 0),
(2, 3, 1, 0, 0, 0),
(2, 4, 1, 0, 0, 0),
(2, 5, 1, 0, 0, 0),
(2, 6, 1, 0, 0, 0),
(2, 7, 1, 0, 0, 0),
(2, 8, 1, 0, 0, 0),
(2, 9, 1, 118, 1, 0),
(2, 10, 1, 14, 1, 0),
(2, 11, 1, 20, 1, 1),
(2, 12, 1, 0, 0, 0),
(2, 13, 1, 0, 0, 0),
(2, 14, 1, 0, 0, 0),
(2, 15, 1, 0, 0, 0),
(2, 16, 1, 0, 0, 0),
(2, 17, 1, 0, 0, 0),
(3, 7, 1, 0, 0, 0),
(3, 8, 1, 0, 0, 0),
(3, 9, 1, 118, 1, 0),
(3, 10, 1, 14, 1, 0),
(3, 11, 1, 20, 1, 1),
(3, 12, 1, 0, 0, 0),
(3, 13, 1, 0, 0, 0),
(3, 14, 1, 0, 0, 0),
(3, 15, 1, 0, 0, 0),
(3, 16, 1, 0, 0, 0),
(3, 17, 1, 0, 0, 0),
(4, 0, 1, 0, 0, 0),
(4, 1, 1, 0, 0, 0),
(4, 2, 1, 0, 0, 0),
(4, 3, 1, 0, 0, 0),
(4, 4, 1, 0, 0, 0),
(4, 5, 1, 0, 0, 0),
(4, 6, 1, 0, 0, 0),
(4, 7, 1, 0, 0, 0),
(4, 8, 1, 0, 0, 0),
(4, 9, 1, 118, 1, 0),
(4, 10, 1, 14, 1, 0),
(4, 11, 1, 20, 1, 1),
(4, 12, 1, 0, 0, 0),
(4, 13, 1, 0, 0, 0),
(4, 14, 1, 0, 0, 0),
(4, 15, 1, 0, 0, 0),
(4, 16, 1, 0, 0, 0),
(4, 17, 1, 0, 0, 0),
(5, 0, 1, 0, 0, 0),
(5, 1, 1, 0, 0, 0),
(5, 2, 1, 0, 0, 0),
(5, 3, 1, 0, 0, 0),
(5, 4, 1, 0, 0, 0),
(5, 5, 1, 0, 0, 0),
(5, 6, 1, 0, 0, 0),
(5, 7, 1, 0, 0, 0),
(5, 8, 1, 0, 0, 0),
(5, 9, 1, 118, 1, 0),
(5, 10, 1, 14, 1, 0),
(5, 11, 3, 20, 1, 1),
(5, 12, 1, 0, 0, 0),
(5, 13, 1, 0, 0, 0),
(5, 14, 1, 0, 0, 0),
(5, 15, 1, 0, 0, 0),
(5, 16, 1, 0, 0, 0),
(5, 17, 1, 0, 0, 0);

--
-- Indexes for dumped tables
--

--
-- Indexes for table `caption`
--
ALTER TABLE `caption`
  ADD PRIMARY KEY (`level`);

--
-- Indexes for table `equip`
--
ALTER TABLE `equip`
  ADD PRIMARY KEY (`id`,`glassID`) USING BTREE,
  ADD KEY `glass_id` (`glassID`);

--
-- Indexes for table `exp`
--
ALTER TABLE `exp`
  ADD PRIMARY KEY (`level`);

--
-- Indexes for table `glass`
--
ALTER TABLE `glass`
  ADD PRIMARY KEY (`id`);

--
-- Indexes for table `item`
--
ALTER TABLE `item`
  ADD PRIMARY KEY (`id`);

--
-- Indexes for table `linhtinh`
--
ALTER TABLE `linhtinh`
  ADD PRIMARY KEY (`id`);

--
-- Indexes for table `map`
--
ALTER TABLE `map`
  ADD PRIMARY KEY (`id`);

--
-- Indexes for table `map_boss`
--
ALTER TABLE `map_boss`
  ADD PRIMARY KEY (`mapID`,`glassID`);

--
-- Indexes for table `mission`
--
ALTER TABLE `mission`
  ADD PRIMARY KEY (`id`,`level`);

--
-- Indexes for table `room`
--
ALTER TABLE `room`
  ADD PRIMARY KEY (`type`);

--
-- Indexes for table `room_info`
--
ALTER TABLE `room_info`
  ADD PRIMARY KEY (`id`,`type`) USING BTREE,
  ADD KEY `roomId` (`type`);

--
-- Indexes for table `shop_equipment`
--
ALTER TABLE `shop_equipment`
  ADD PRIMARY KEY (`id`),
  ADD KEY `glassID` (`glassID`),
  ADD KEY `equipId` (`equipId`);

--
-- Indexes for table `shop_linhtinh`
--
ALTER TABLE `shop_linhtinh`
  ADD PRIMARY KEY (`id`);

--
-- Indexes for table `user`
--
ALTER TABLE `user`
  ADD PRIMARY KEY (`id`);

--
-- Indexes for table `user_`
--
ALTER TABLE `user_`
  ADD PRIMARY KEY (`user_id`),
  ADD KEY `glass` (`glass`);

--
-- Indexes for table `user_equip`
--
ALTER TABLE `user_equip`
  ADD PRIMARY KEY (`user_id`,`glassID`,`equipID`,`dbKey`),
  ADD KEY `glassID` (`glassID`),
  ADD KEY `equipID` (`equipID`);

--
-- Indexes for table `user_friend`
--
ALTER TABLE `user_friend`
  ADD PRIMARY KEY (`user_id`,`friend_id`),
  ADD KEY `user_friend_id` (`friend_id`);

--
-- Indexes for table `user_glass`
--
ALTER TABLE `user_glass`
  ADD PRIMARY KEY (`user_id`,`glassID`),
  ADD KEY `chars_ibfk_3` (`glassID`);

--
-- Indexes for table `user_item`
--
ALTER TABLE `user_item`
  ADD PRIMARY KEY (`user_id`,`item_id`),
  ADD KEY `item_id` (`item_id`);

--
-- Indexes for table `user_linhtinh`
--
ALTER TABLE `user_linhtinh`
  ADD PRIMARY KEY (`user_id`,`linhtinh_id`),
  ADD KEY `id` (`linhtinh_id`);

--
-- Indexes for table `user_mission`
--
ALTER TABLE `user_mission`
  ADD PRIMARY KEY (`user_id`,`mission_id`,`level`),
  ADD KEY `mission_id` (`mission_id`);

--
-- AUTO_INCREMENT for dumped tables
--

--
-- AUTO_INCREMENT for table `map`
--
ALTER TABLE `map`
  MODIFY `id` tinyint(4) NOT NULL AUTO_INCREMENT, AUTO_INCREMENT=41;

--
-- AUTO_INCREMENT for table `room_info`
--
ALTER TABLE `room_info`
  MODIFY `id` tinyint(4) NOT NULL AUTO_INCREMENT, AUTO_INCREMENT=21;

--
-- AUTO_INCREMENT for table `shop_equipment`
--
ALTER TABLE `shop_equipment`
  MODIFY `id` smallint(6) NOT NULL AUTO_INCREMENT, AUTO_INCREMENT=341;

--
-- AUTO_INCREMENT for table `user`
--
ALTER TABLE `user`
  MODIFY `id` int(11) NOT NULL AUTO_INCREMENT, AUTO_INCREMENT=6;

--
-- Constraints for dumped tables
--

--
-- Constraints for table `equip`
--
ALTER TABLE `equip`
  ADD CONSTRAINT `equip_ibfk_1` FOREIGN KEY (`glassID`) REFERENCES `glass` (`id`) ON DELETE CASCADE ON UPDATE CASCADE;

--
-- Constraints for table `map_boss`
--
ALTER TABLE `map_boss`
  ADD CONSTRAINT `map_boss_ibfk_1` FOREIGN KEY (`mapID`) REFERENCES `map` (`id`) ON DELETE CASCADE ON UPDATE CASCADE;

--
-- Constraints for table `room_info`
--
ALTER TABLE `room_info`
  ADD CONSTRAINT `room_info_ibfk_1` FOREIGN KEY (`type`) REFERENCES `room` (`type`) ON DELETE CASCADE ON UPDATE CASCADE;

--
-- Constraints for table `shop_equipment`
--
ALTER TABLE `shop_equipment`
  ADD CONSTRAINT `shop_equipment_ibfk_3` FOREIGN KEY (`glassID`) REFERENCES `glass` (`id`) ON DELETE CASCADE ON UPDATE CASCADE,
  ADD CONSTRAINT `shop_equipment_ibfk_4` FOREIGN KEY (`equipId`) REFERENCES `equip` (`id`) ON DELETE CASCADE ON UPDATE CASCADE;

--
-- Constraints for table `shop_linhtinh`
--
ALTER TABLE `shop_linhtinh`
  ADD CONSTRAINT `shop_linhtinh_ibfk_1` FOREIGN KEY (`id`) REFERENCES `linhtinh` (`id`) ON DELETE CASCADE ON UPDATE CASCADE;

--
-- Constraints for table `user_`
--
ALTER TABLE `user_`
  ADD CONSTRAINT `user__ibfk_1` FOREIGN KEY (`user_id`) REFERENCES `user` (`id`) ON DELETE CASCADE ON UPDATE CASCADE,
  ADD CONSTRAINT `user__ibfk_2` FOREIGN KEY (`glass`) REFERENCES `glass` (`id`) ON DELETE CASCADE ON UPDATE CASCADE;

--
-- Constraints for table `user_equip`
--
ALTER TABLE `user_equip`
  ADD CONSTRAINT `user_equip_ibfk_1` FOREIGN KEY (`user_id`) REFERENCES `user` (`id`) ON DELETE CASCADE ON UPDATE CASCADE,
  ADD CONSTRAINT `user_equip_ibfk_2` FOREIGN KEY (`glassID`) REFERENCES `glass` (`id`) ON DELETE CASCADE ON UPDATE CASCADE,
  ADD CONSTRAINT `user_equip_ibfk_3` FOREIGN KEY (`equipID`) REFERENCES `equip` (`id`) ON DELETE CASCADE ON UPDATE CASCADE;

--
-- Constraints for table `user_friend`
--
ALTER TABLE `user_friend`
  ADD CONSTRAINT `user_friend_ibfk_1` FOREIGN KEY (`user_id`) REFERENCES `user` (`id`) ON DELETE CASCADE ON UPDATE CASCADE,
  ADD CONSTRAINT `user_friend_ibfk_2` FOREIGN KEY (`friend_id`) REFERENCES `user` (`id`) ON DELETE CASCADE ON UPDATE CASCADE;

--
-- Constraints for table `user_glass`
--
ALTER TABLE `user_glass`
  ADD CONSTRAINT `user_glass_ibfk_2` FOREIGN KEY (`user_id`) REFERENCES `user` (`id`) ON DELETE CASCADE ON UPDATE CASCADE,
  ADD CONSTRAINT `user_glass_ibfk_3` FOREIGN KEY (`glassID`) REFERENCES `glass` (`id`);

--
-- Constraints for table `user_item`
--
ALTER TABLE `user_item`
  ADD CONSTRAINT `user_item_ibfk_1` FOREIGN KEY (`item_id`) REFERENCES `item` (`id`) ON DELETE CASCADE ON UPDATE CASCADE,
  ADD CONSTRAINT `user_item_ibfk_2` FOREIGN KEY (`user_id`) REFERENCES `user` (`id`) ON DELETE CASCADE ON UPDATE CASCADE;

--
-- Constraints for table `user_linhtinh`
--
ALTER TABLE `user_linhtinh`
  ADD CONSTRAINT `user_linhtinh_ibfk_1` FOREIGN KEY (`user_id`) REFERENCES `user` (`id`) ON DELETE CASCADE ON UPDATE CASCADE,
  ADD CONSTRAINT `user_linhtinh_ibfk_2` FOREIGN KEY (`linhtinh_id`) REFERENCES `linhtinh` (`id`) ON DELETE CASCADE ON UPDATE CASCADE;

--
-- Constraints for table `user_mission`
--
ALTER TABLE `user_mission`
  ADD CONSTRAINT `user_mission_ibfk_1` FOREIGN KEY (`user_id`) REFERENCES `user` (`id`) ON DELETE CASCADE ON UPDATE CASCADE,
  ADD CONSTRAINT `user_mission_ibfk_2` FOREIGN KEY (`mission_id`) REFERENCES `mission` (`id`) ON DELETE CASCADE ON UPDATE CASCADE;
COMMIT;

/*!40101 SET CHARACTER_SET_CLIENT=@OLD_CHARACTER_SET_CLIENT */;
/*!40101 SET CHARACTER_SET_RESULTS=@OLD_CHARACTER_SET_RESULTS */;
/*!40101 SET COLLATION_CONNECTION=@OLD_COLLATION_CONNECTION */;
